timestamp,sensor_id,sensor_type,sensor_value,location,alert
03-03-2025 11:45,S10,motion,OFF,bedroom,normal
03-03-2025 11:46,S15,door,CLOSED,garage,normal
03-03-2025 11:47,S4,door,OPEN,front_door,normal
03-03-2025 11:50,S31,camera,TRIGGERED,garage,normal
03-03-2025 11:50,S30,glass_break,DETECTED,front_door,anomaly
03-03-2025 11:50,S9,motion,ON,garage,normal
03-03-2025 11:51,S4,motion,ON,bathroom,normal
03-03-2025 11:54,S14,door,OPEN,bedroom,normal
03-03-2025 11:58,S17,temperature,24,garage,normal
03-03-2025 11:59,S46,camera,IDLE,bathroom,normal
03-03-2025 12:01,S35,door,CLOSED,bathroom,normal
03-03-2025 12:02,S46,motion,ON,backyard,normal
03-03-2025 12:02,S4,door,CLOSED,bathroom,normal
03-03-2025 12:04,S7,glass_break,NONE,backyard,normal
03-03-2025 12:04,S24,glass_break,DETECTED,front_door,anomaly
03-03-2025 12:04,S46,motion,OFF,kitchen,normal
03-03-2025 12:06,S2,door,CLOSED,bathroom,normal
03-03-2025 12:06,S13,window,OPEN,front_door,normal
03-03-2025 12:07,S1,camera,TRIGGERED,kitchen,normal
03-03-2025 12:07,S37,camera,TRIGGERED,bedroom,normal
03-03-2025 12:08,S9,window,CLOSED,kitchen,normal
03-03-2025 12:08,S1,window,OPEN,backyard,normal
03-03-2025 12:09,S1,window,CLOSED,front_door,normal
03-03-2025 12:09,S39,camera,TRIGGERED,backyard,normal
03-03-2025 12:10,S2,camera,IDLE,backyard,normal
03-03-2025 12:10,S40,temperature,29,bedroom,normal
03-03-2025 12:11,S30,temperature,24,bedroom,normal
03-03-2025 12:12,S44,motion,ON,living_room,normal
03-03-2025 12:12,S33,door,CLOSED,living_room,normal
03-03-2025 12:13,S48,temperature,27,bathroom,normal
03-03-2025 12:14,S46,window,OPEN,front_door,normal
03-03-2025 12:15,S32,glass_break,NONE,front_door,normal
03-03-2025 12:17,S10,motion,ON,garage,normal
03-03-2025 12:20,S27,door,OPEN,backyard,normal
03-03-2025 12:21,S48,motion,OFF,bedroom,normal
03-03-2025 12:21,S3,temperature,25,living_room,normal
03-03-2025 12:23,S27,window,OPEN,bedroom,normal
03-03-2025 12:23,S38,motion,OFF,bedroom,normal
03-03-2025 12:23,S4,temperature,21,bedroom,normal
03-03-2025 12:26,S39,temperature,23,front_door,normal
03-03-2025 12:26,S36,door,CLOSED,front_door,normal
03-03-2025 12:27,S34,door,OPEN,kitchen,normal
03-03-2025 12:28,S34,door,CLOSED,front_door,normal
03-03-2025 12:29,S46,motion,OFF,living_room,normal
03-03-2025 12:29,S27,door,CLOSED,bathroom,normal
03-03-2025 12:30,S50,window,CLOSED,living_room,normal
03-03-2025 12:31,S45,temperature,16,bedroom,normal
03-03-2025 12:33,S40,motion,OFF,bedroom,normal
03-03-2025 12:34,S11,camera,IDLE,front_door,normal
03-03-2025 12:34,S45,door,OPEN,bedroom,normal
03-03-2025 12:38,S5,window,CLOSED,living_room,normal
03-03-2025 12:40,S34,window,OPEN,front_door,normal
03-03-2025 12:41,S47,camera,IDLE,bedroom,normal
03-03-2025 12:42,S8,motion,OFF,garage,normal
03-03-2025 12:43,S25,temperature,29,bedroom,normal
03-03-2025 12:45,S4,camera,TRIGGERED,garage,normal
03-03-2025 12:46,S15,glass_break,DETECTED,backyard,anomaly
03-03-2025 12:47,S9,motion,ON,kitchen,normal
03-03-2025 12:47,S28,glass_break,NONE,bedroom,normal
03-03-2025 12:49,S21,window,CLOSED,garage,normal
03-03-2025 12:49,S50,camera,TRIGGERED,front_door,normal
03-03-2025 12:49,S40,door,OPEN,bathroom,normal
03-03-2025 12:49,S48,camera,IDLE,bathroom,normal
03-03-2025 12:49,S39,camera,IDLE,front_door,normal
03-03-2025 12:50,S14,temperature,17,living_room,normal
03-03-2025 12:50,S37,glass_break,DETECTED,garage,anomaly
03-03-2025 12:51,S30,glass_break,NONE,bedroom,normal
03-03-2025 12:52,S43,door,OPEN,bathroom,normal
03-03-2025 12:53,S13,motion,ON,bedroom,normal
03-03-2025 12:53,S22,camera,IDLE,backyard,normal
03-03-2025 12:55,S4,door,OPEN,kitchen,normal
03-03-2025 12:55,S47,window,OPEN,front_door,normal
03-03-2025 12:59,S38,glass_break,DETECTED,garage,anomaly
03-03-2025 13:01,S33,camera,IDLE,bathroom,normal
03-03-2025 13:01,S11,door,OPEN,kitchen,normal
03-03-2025 13:02,S6,camera,TRIGGERED,backyard,normal
03-03-2025 13:02,S18,door,OPEN,bedroom,normal
03-03-2025 13:07,S17,window,OPEN,bathroom,normal
03-03-2025 13:07,S21,window,CLOSED,kitchen,normal
03-03-2025 13:08,S47,door,OPEN,kitchen,normal
03-03-2025 13:11,S48,motion,OFF,backyard,normal
03-03-2025 13:12,S19,temperature,15,backyard,normal
03-03-2025 13:13,S20,temperature,23,kitchen,normal
03-03-2025 13:14,S26,door,OPEN,backyard,normal
03-03-2025 13:16,S37,window,CLOSED,bathroom,normal
03-03-2025 13:16,S28,camera,TRIGGERED,bedroom,normal
03-03-2025 13:17,S6,door,OPEN,garage,normal
03-03-2025 13:19,S13,glass_break,DETECTED,garage,anomaly
03-03-2025 13:21,S11,motion,ON,living_room,normal
03-03-2025 13:21,S33,glass_break,NONE,bedroom,normal
03-03-2025 13:21,S9,window,OPEN,bathroom,normal
03-03-2025 13:21,S36,glass_break,DETECTED,bathroom,anomaly
03-03-2025 13:23,S11,motion,OFF,bathroom,normal
03-03-2025 13:24,S48,motion,OFF,kitchen,normal
03-03-2025 13:24,S6,glass_break,DETECTED,garage,anomaly
03-03-2025 13:27,S34,temperature,26,bedroom,normal
03-03-2025 13:28,S44,motion,ON,bedroom,normal
03-03-2025 13:28,S4,window,CLOSED,living_room,normal
03-03-2025 13:28,S29,window,CLOSED,garage,normal
03-03-2025 13:30,S41,motion,ON,bedroom,normal
03-03-2025 13:31,S27,camera,TRIGGERED,front_door,normal
03-03-2025 13:31,S38,glass_break,DETECTED,bedroom,anomaly
03-03-2025 13:31,S22,glass_break,DETECTED,garage,anomaly
03-03-2025 13:31,S25,window,OPEN,bathroom,normal
03-03-2025 13:32,S4,camera,TRIGGERED,backyard,normal
03-03-2025 13:33,S21,camera,TRIGGERED,living_room,normal
03-03-2025 13:33,S44,glass_break,DETECTED,backyard,anomaly
03-03-2025 13:35,S50,camera,TRIGGERED,kitchen,normal
03-03-2025 13:37,S40,camera,TRIGGERED,bathroom,normal
03-03-2025 13:37,S43,door,OPEN,living_room,normal
03-03-2025 13:37,S13,motion,OFF,bathroom,normal
03-03-2025 13:37,S3,camera,IDLE,bathroom,normal
03-03-2025 13:38,S35,window,OPEN,kitchen,normal
03-03-2025 13:38,S18,motion,ON,bedroom,normal
03-03-2025 13:39,S21,door,OPEN,living_room,normal
03-03-2025 13:39,S17,temperature,26,backyard,normal
03-03-2025 13:40,S19,glass_break,NONE,bathroom,normal
03-03-2025 13:41,S47,temperature,30,front_door,normal
03-03-2025 13:41,S24,glass_break,NONE,bedroom,normal
03-03-2025 13:42,S46,window,OPEN,garage,normal
03-03-2025 13:44,S36,camera,IDLE,backyard,normal
03-03-2025 13:47,S49,camera,IDLE,bathroom,normal
03-03-2025 13:48,S20,temperature,16,backyard,normal
03-03-2025 13:51,S49,window,CLOSED,living_room,normal
03-03-2025 13:51,S32,temperature,30,garage,normal
03-03-2025 13:51,S27,window,OPEN,garage,normal
03-03-2025 13:52,S20,temperature,25,front_door,normal
03-03-2025 13:52,S24,glass_break,DETECTED,living_room,anomaly
03-03-2025 13:54,S13,camera,IDLE,garage,normal
03-03-2025 13:57,S23,motion,OFF,garage,normal
03-03-2025 13:58,S40,glass_break,DETECTED,living_room,anomaly
03-03-2025 14:01,S30,camera,TRIGGERED,kitchen,normal
03-03-2025 14:02,S36,motion,OFF,kitchen,normal
03-03-2025 14:02,S25,door,OPEN,garage,normal
03-03-2025 14:03,S14,camera,TRIGGERED,garage,normal
03-03-2025 14:05,S24,door,OPEN,bathroom,normal
03-03-2025 14:09,S16,glass_break,DETECTED,front_door,anomaly
03-03-2025 14:09,S39,window,OPEN,living_room,normal
03-03-2025 14:10,S26,motion,ON,garage,normal
03-03-2025 14:10,S10,glass_break,DETECTED,front_door,anomaly
03-03-2025 14:12,S1,camera,TRIGGERED,backyard,normal
03-03-2025 14:15,S33,camera,IDLE,backyard,normal
03-03-2025 14:15,S37,camera,IDLE,living_room,normal
03-03-2025 14:15,S10,window,OPEN,garage,normal
03-03-2025 14:16,S12,door,OPEN,bathroom,normal
03-03-2025 14:16,S50,temperature,25,bedroom,normal
03-03-2025 14:16,S46,door,OPEN,backyard,normal
03-03-2025 14:17,S40,window,CLOSED,garage,normal
03-03-2025 14:17,S16,motion,ON,bedroom,normal
03-03-2025 14:17,S34,door,OPEN,front_door,normal
03-03-2025 14:20,S8,window,OPEN,backyard,normal
03-03-2025 14:20,S2,camera,IDLE,bedroom,normal
03-03-2025 14:21,S4,window,OPEN,bedroom,normal
03-03-2025 14:21,S1,door,CLOSED,kitchen,normal
03-03-2025 14:21,S16,door,CLOSED,front_door,normal
03-03-2025 14:22,S24,door,OPEN,garage,normal
03-03-2025 14:23,S33,glass_break,DETECTED,living_room,anomaly
03-03-2025 14:25,S15,camera,IDLE,living_room,normal
03-03-2025 14:26,S20,motion,OFF,bathroom,normal
03-03-2025 14:26,S24,temperature,20,living_room,normal
03-03-2025 14:27,S45,window,CLOSED,bathroom,normal
03-03-2025 14:27,S25,glass_break,NONE,garage,normal
03-03-2025 14:28,S15,door,CLOSED,front_door,normal
03-03-2025 14:29,S34,window,OPEN,bathroom,normal
03-03-2025 14:29,S13,motion,ON,front_door,normal
03-03-2025 14:30,S10,door,CLOSED,bathroom,normal
03-03-2025 14:30,S10,temperature,30,kitchen,normal
03-03-2025 14:30,S40,camera,TRIGGERED,bedroom,normal
03-03-2025 14:32,S41,camera,TRIGGERED,bathroom,normal
03-03-2025 14:32,S34,glass_break,NONE,front_door,normal
03-03-2025 14:33,S12,camera,IDLE,kitchen,normal
03-03-2025 14:33,S42,door,OPEN,living_room,normal
03-03-2025 14:34,S16,door,OPEN,living_room,normal
03-03-2025 14:34,S9,motion,OFF,front_door,normal
03-03-2025 14:36,S12,temperature,22,front_door,normal
03-03-2025 14:36,S30,motion,ON,living_room,normal
03-03-2025 14:36,S1,motion,ON,bedroom,normal
03-03-2025 14:36,S42,door,CLOSED,kitchen,normal
03-03-2025 14:37,S48,door,CLOSED,kitchen,normal
03-03-2025 14:37,S3,temperature,20,living_room,normal
03-03-2025 14:39,S8,glass_break,DETECTED,bathroom,anomaly
03-03-2025 14:41,S41,glass_break,NONE,backyard,normal
03-03-2025 14:42,S28,door,CLOSED,bedroom,normal
03-03-2025 14:43,S24,temperature,17,living_room,normal
03-03-2025 14:44,S15,motion,OFF,front_door,normal
03-03-2025 14:45,S9,glass_break,DETECTED,backyard,anomaly
03-03-2025 14:45,S7,motion,ON,bathroom,normal
03-03-2025 14:45,S16,door,CLOSED,living_room,normal
03-03-2025 14:46,S25,motion,OFF,garage,normal
03-03-2025 14:46,S45,motion,ON,front_door,normal
03-03-2025 14:47,S41,motion,OFF,living_room,normal
03-03-2025 14:47,S41,glass_break,DETECTED,front_door,anomaly
03-03-2025 14:48,S46,door,CLOSED,bathroom,normal
03-03-2025 14:49,S36,camera,IDLE,garage,normal
03-03-2025 14:50,S8,camera,IDLE,backyard,normal
03-03-2025 14:51,S2,temperature,24,bathroom,normal
03-03-2025 14:51,S25,camera,TRIGGERED,bedroom,normal
03-03-2025 14:51,S23,glass_break,DETECTED,bedroom,anomaly
03-03-2025 14:52,S17,glass_break,DETECTED,living_room,anomaly
03-03-2025 14:53,S32,camera,TRIGGERED,backyard,normal
03-03-2025 14:54,S39,camera,TRIGGERED,backyard,normal
03-03-2025 14:55,S27,temperature,29,garage,normal
03-03-2025 14:59,S40,glass_break,DETECTED,front_door,anomaly
03-03-2025 14:59,S39,motion,OFF,backyard,normal
03-03-2025 14:59,S2,door,OPEN,backyard,normal
03-03-2025 15:01,S24,temperature,18,bathroom,normal
03-03-2025 15:02,S28,temperature,30,garage,normal
03-03-2025 15:03,S33,window,CLOSED,garage,normal
03-03-2025 15:03,S4,door,OPEN,bathroom,normal
03-03-2025 15:04,S40,window,OPEN,living_room,normal
03-03-2025 15:04,S42,temperature,26,garage,normal
03-03-2025 15:05,S30,glass_break,NONE,backyard,normal
03-03-2025 15:06,S17,temperature,30,kitchen,normal
03-03-2025 15:06,S50,glass_break,NONE,front_door,normal
03-03-2025 15:06,S35,camera,IDLE,bedroom,normal
03-03-2025 15:08,S10,camera,TRIGGERED,backyard,normal
03-03-2025 15:11,S3,motion,OFF,backyard,normal
03-03-2025 15:12,S7,motion,ON,front_door,normal
03-03-2025 15:13,S32,glass_break,NONE,kitchen,normal
03-03-2025 15:14,S46,temperature,19,garage,normal
03-03-2025 15:14,S24,motion,ON,garage,normal
03-03-2025 15:16,S9,temperature,30,kitchen,normal
03-03-2025 15:16,S30,camera,IDLE,bedroom,normal
03-03-2025 15:17,S42,door,CLOSED,garage,normal
03-03-2025 15:17,S47,temperature,28,bathroom,normal
03-03-2025 15:18,S22,glass_break,NONE,garage,normal
03-03-2025 15:18,S37,camera,TRIGGERED,backyard,normal
03-03-2025 15:21,S31,window,OPEN,garage,normal
03-03-2025 15:21,S19,door,OPEN,kitchen,normal
03-03-2025 15:22,S39,motion,ON,living_room,normal
03-03-2025 15:24,S36,door,OPEN,garage,normal
03-03-2025 15:24,S44,motion,OFF,garage,normal
03-03-2025 15:26,S11,glass_break,DETECTED,living_room,anomaly
03-03-2025 15:26,S47,temperature,22,front_door,normal
03-03-2025 15:28,S29,door,OPEN,backyard,normal
03-03-2025 15:29,S41,glass_break,NONE,living_room,normal
03-03-2025 15:31,S2,camera,TRIGGERED,front_door,normal
03-03-2025 15:33,S2,motion,ON,backyard,normal
03-03-2025 15:33,S22,motion,ON,backyard,normal
03-03-2025 15:33,S11,temperature,24,front_door,normal
03-03-2025 15:34,S36,camera,IDLE,front_door,normal
03-03-2025 15:35,S30,motion,OFF,kitchen,normal
03-03-2025 15:35,S24,window,CLOSED,living_room,normal
03-03-2025 15:37,S20,camera,TRIGGERED,front_door,normal
03-03-2025 15:37,S14,door,CLOSED,backyard,normal
03-03-2025 15:39,S50,temperature,26,bedroom,normal
03-03-2025 15:40,S32,motion,ON,front_door,normal
03-03-2025 15:41,S13,door,OPEN,bathroom,normal
03-03-2025 15:41,S1,camera,TRIGGERED,bathroom,normal
03-03-2025 15:41,S35,door,CLOSED,bedroom,normal
03-03-2025 15:42,S38,camera,TRIGGERED,bedroom,normal
03-03-2025 15:42,S45,glass_break,NONE,bedroom,normal
03-03-2025 15:43,S36,camera,TRIGGERED,garage,normal
03-03-2025 15:45,S7,camera,TRIGGERED,bathroom,normal
03-03-2025 15:46,S11,motion,ON,garage,normal
03-03-2025 15:47,S43,glass_break,DETECTED,garage,anomaly
03-03-2025 15:47,S15,motion,ON,bathroom,normal
03-03-2025 15:48,S22,camera,IDLE,backyard,normal
03-03-2025 15:50,S23,window,OPEN,front_door,normal
03-03-2025 15:50,S4,temperature,23,kitchen,normal
03-03-2025 15:51,S27,temperature,15,front_door,normal
03-03-2025 15:52,S17,motion,OFF,front_door,normal
03-03-2025 15:53,S24,window,OPEN,bedroom,normal
03-03-2025 15:53,S11,temperature,25,garage,normal
03-03-2025 15:53,S27,motion,ON,garage,normal
03-03-2025 15:54,S33,temperature,23,living_room,normal
03-03-2025 15:55,S47,glass_break,DETECTED,backyard,anomaly
03-03-2025 15:55,S18,camera,TRIGGERED,backyard,normal
03-03-2025 15:56,S16,door,CLOSED,bedroom,normal
03-03-2025 15:56,S48,window,OPEN,bathroom,normal
03-03-2025 15:57,S17,window,CLOSED,front_door,normal
03-03-2025 15:57,S18,door,CLOSED,bedroom,normal
03-03-2025 15:59,S49,door,CLOSED,bathroom,normal
03-03-2025 15:59,S10,glass_break,DETECTED,kitchen,anomaly
03-03-2025 16:01,S46,camera,IDLE,front_door,normal
03-03-2025 16:03,S16,glass_break,DETECTED,living_room,anomaly
03-03-2025 16:04,S20,glass_break,DETECTED,bedroom,anomaly
03-03-2025 16:06,S35,window,CLOSED,bedroom,normal
03-03-2025 16:06,S41,window,CLOSED,living_room,normal
03-03-2025 16:06,S49,window,OPEN,bathroom,normal
03-03-2025 16:07,S14,door,OPEN,garage,normal
03-03-2025 16:07,S28,window,OPEN,garage,normal
03-03-2025 16:07,S43,temperature,18,backyard,normal
03-03-2025 16:07,S6,temperature,16,bedroom,normal
03-03-2025 16:08,S30,camera,TRIGGERED,bedroom,normal
03-03-2025 16:09,S23,camera,IDLE,bedroom,normal
03-03-2025 16:10,S48,door,OPEN,bathroom,normal
03-03-2025 16:11,S44,window,OPEN,kitchen,normal
03-03-2025 16:11,S29,motion,OFF,living_room,normal
03-03-2025 16:12,S42,glass_break,NONE,kitchen,normal
03-03-2025 16:12,S34,motion,ON,backyard,normal
03-03-2025 16:15,S46,motion,OFF,living_room,normal
03-03-2025 16:16,S24,camera,IDLE,kitchen,normal
03-03-2025 16:16,S14,temperature,16,front_door,normal
03-03-2025 16:17,S36,window,OPEN,backyard,normal
03-03-2025 16:17,S44,camera,TRIGGERED,front_door,normal
03-03-2025 16:18,S26,door,CLOSED,bathroom,normal
03-03-2025 16:19,S36,camera,TRIGGERED,bedroom,normal
03-03-2025 16:22,S36,glass_break,DETECTED,front_door,anomaly
03-03-2025 16:23,S38,temperature,30,bedroom,normal
03-03-2025 16:25,S35,door,CLOSED,kitchen,normal
03-03-2025 16:26,S33,motion,OFF,front_door,normal
03-03-2025 16:29,S9,glass_break,DETECTED,front_door,anomaly
03-03-2025 16:29,S36,glass_break,NONE,kitchen,normal
03-03-2025 16:29,S28,window,OPEN,bedroom,normal
03-03-2025 16:31,S30,door,CLOSED,kitchen,normal
03-03-2025 16:31,S8,temperature,16,front_door,normal
03-03-2025 16:31,S32,temperature,25,bedroom,normal
03-03-2025 16:33,S39,motion,OFF,bedroom,normal
03-03-2025 16:33,S14,motion,ON,living_room,normal
03-03-2025 16:33,S28,window,CLOSED,bedroom,normal
03-03-2025 16:33,S28,motion,OFF,garage,normal
03-03-2025 16:35,S20,glass_break,NONE,front_door,normal
03-03-2025 16:35,S46,glass_break,NONE,bedroom,normal
03-03-2025 16:36,S10,motion,ON,backyard,normal
03-03-2025 16:38,S41,motion,OFF,bedroom,normal
03-03-2025 16:38,S10,glass_break,DETECTED,bathroom,anomaly
03-03-2025 16:40,S32,temperature,16,garage,normal
03-03-2025 16:42,S12,door,CLOSED,kitchen,normal
03-03-2025 16:42,S25,motion,OFF,bathroom,normal
03-03-2025 16:42,S18,camera,IDLE,garage,normal
03-03-2025 16:43,S18,door,CLOSED,bedroom,normal
03-03-2025 16:43,S6,motion,OFF,backyard,normal
03-03-2025 16:43,S5,camera,TRIGGERED,bathroom,normal
03-03-2025 16:45,S50,glass_break,DETECTED,living_room,anomaly
03-03-2025 16:45,S40,motion,OFF,kitchen,normal
03-03-2025 16:46,S29,motion,ON,bedroom,normal
03-03-2025 16:46,S5,temperature,25,bathroom,normal
03-03-2025 16:47,S19,temperature,30,kitchen,normal
03-03-2025 16:47,S32,glass_break,NONE,garage,normal
03-03-2025 16:49,S42,temperature,28,living_room,normal
03-03-2025 16:49,S17,door,CLOSED,front_door,normal
03-03-2025 16:50,S13,motion,OFF,garage,normal
03-03-2025 16:51,S39,temperature,24,living_room,normal
03-03-2025 16:51,S33,glass_break,DETECTED,kitchen,anomaly
03-03-2025 16:52,S28,motion,OFF,garage,normal
03-03-2025 16:53,S18,window,OPEN,front_door,normal
03-03-2025 16:53,S48,camera,IDLE,garage,normal
03-03-2025 16:55,S4,temperature,20,backyard,normal
03-03-2025 16:57,S3,temperature,26,bedroom,normal
03-03-2025 16:57,S18,temperature,15,garage,normal
03-03-2025 16:58,S13,glass_break,NONE,front_door,normal
03-03-2025 17:00,S46,glass_break,DETECTED,backyard,anomaly
03-03-2025 17:02,S28,window,OPEN,bedroom,normal
03-03-2025 17:02,S28,temperature,22,kitchen,normal
03-03-2025 17:03,S50,camera,IDLE,bedroom,normal
03-03-2025 17:05,S16,temperature,22,kitchen,normal
03-03-2025 17:08,S3,door,CLOSED,backyard,normal
03-03-2025 17:08,S22,window,CLOSED,bedroom,normal
03-03-2025 17:09,S23,motion,OFF,bathroom,normal
03-03-2025 17:09,S12,glass_break,NONE,backyard,normal
03-03-2025 17:09,S24,glass_break,NONE,garage,normal
03-03-2025 17:10,S28,temperature,15,garage,normal
03-03-2025 17:11,S2,glass_break,DETECTED,front_door,anomaly
03-03-2025 17:11,S20,window,CLOSED,bedroom,normal
03-03-2025 17:12,S33,camera,IDLE,bedroom,normal
03-03-2025 17:12,S46,window,CLOSED,garage,normal
03-03-2025 17:13,S11,motion,OFF,garage,normal
03-03-2025 17:13,S14,motion,OFF,bedroom,normal
03-03-2025 17:13,S41,motion,OFF,living_room,normal
03-03-2025 17:15,S28,camera,IDLE,front_door,normal
03-03-2025 17:15,S21,motion,ON,kitchen,normal
03-03-2025 17:16,S7,glass_break,NONE,front_door,normal
03-03-2025 17:17,S27,motion,ON,bedroom,normal
03-03-2025 17:17,S8,glass_break,DETECTED,living_room,anomaly
03-03-2025 17:18,S42,motion,ON,front_door,normal
03-03-2025 17:20,S6,temperature,16,backyard,normal
03-03-2025 17:21,S31,window,CLOSED,kitchen,normal
03-03-2025 17:22,S35,camera,TRIGGERED,bedroom,normal
03-03-2025 17:23,S12,window,OPEN,front_door,normal
03-03-2025 17:24,S46,door,CLOSED,bedroom,normal
03-03-2025 17:25,S2,temperature,27,living_room,normal
03-03-2025 17:25,S22,glass_break,DETECTED,garage,anomaly
03-03-2025 17:25,S42,door,CLOSED,bedroom,normal
03-03-2025 17:26,S43,glass_break,DETECTED,backyard,anomaly
03-03-2025 17:29,S24,temperature,15,living_room,normal
03-03-2025 17:30,S17,glass_break,NONE,front_door,normal
03-03-2025 17:31,S23,glass_break,NONE,kitchen,normal
03-03-2025 17:32,S17,glass_break,NONE,front_door,normal
03-03-2025 17:34,S13,door,CLOSED,bathroom,normal
03-03-2025 17:35,S45,temperature,21,living_room,normal
03-03-2025 17:36,S34,glass_break,DETECTED,front_door,anomaly
03-03-2025 17:37,S43,window,CLOSED,bathroom,normal
03-03-2025 17:37,S26,window,OPEN,kitchen,normal
03-03-2025 17:39,S47,window,CLOSED,front_door,normal
03-03-2025 17:40,S35,camera,TRIGGERED,front_door,normal
03-03-2025 17:41,S50,window,OPEN,kitchen,normal
03-03-2025 17:43,S34,camera,TRIGGERED,backyard,normal
03-03-2025 17:43,S5,glass_break,NONE,garage,normal
03-03-2025 17:43,S48,window,OPEN,kitchen,normal
03-03-2025 17:43,S23,glass_break,NONE,garage,normal
03-03-2025 17:43,S39,motion,ON,backyard,normal
03-03-2025 17:44,S33,temperature,24,bedroom,normal
03-03-2025 17:44,S22,door,CLOSED,kitchen,normal
03-03-2025 17:46,S38,camera,IDLE,garage,normal
03-03-2025 17:47,S47,motion,OFF,front_door,normal
03-03-2025 17:48,S47,door,CLOSED,bathroom,normal
03-03-2025 17:48,S5,motion,ON,bathroom,normal
03-03-2025 17:49,S37,door,OPEN,garage,normal
03-03-2025 17:49,S16,temperature,24,kitchen,normal
03-03-2025 17:50,S17,camera,IDLE,garage,normal
03-03-2025 17:51,S6,camera,TRIGGERED,backyard,normal
03-03-2025 17:53,S37,camera,IDLE,garage,normal
03-03-2025 17:55,S28,door,CLOSED,living_room,normal
03-03-2025 17:56,S33,temperature,23,kitchen,normal
03-03-2025 18:00,S20,temperature,24,bedroom,normal
03-03-2025 18:00,S40,camera,TRIGGERED,garage,normal
03-03-2025 18:02,S36,camera,IDLE,living_room,normal
03-03-2025 18:02,S19,window,OPEN,kitchen,normal
03-03-2025 18:03,S19,window,OPEN,garage,normal
03-03-2025 18:05,S48,glass_break,NONE,backyard,normal
03-03-2025 18:05,S10,door,OPEN,backyard,normal
03-03-2025 18:05,S6,door,CLOSED,living_room,normal
03-03-2025 18:06,S38,glass_break,NONE,living_room,normal
03-03-2025 18:06,S33,door,OPEN,bathroom,normal
03-03-2025 18:07,S49,camera,IDLE,bathroom,normal
03-03-2025 18:07,S36,glass_break,DETECTED,kitchen,anomaly
03-03-2025 18:10,S8,window,CLOSED,bathroom,normal
03-03-2025 18:11,S31,door,OPEN,living_room,normal
03-03-2025 18:11,S26,motion,ON,living_room,normal
03-03-2025 18:11,S6,door,OPEN,bathroom,normal
03-03-2025 18:12,S30,door,OPEN,bedroom,normal
03-03-2025 18:12,S9,glass_break,NONE,front_door,normal
03-03-2025 18:13,S50,motion,ON,living_room,normal
03-03-2025 18:14,S25,motion,OFF,living_room,normal
03-03-2025 18:15,S40,window,OPEN,bathroom,normal
03-03-2025 18:15,S17,camera,IDLE,bedroom,normal
03-03-2025 18:16,S43,motion,ON,living_room,normal
03-03-2025 18:18,S23,camera,IDLE,bedroom,normal
03-03-2025 18:19,S6,motion,OFF,living_room,normal
03-03-2025 18:19,S11,window,CLOSED,bathroom,normal
03-03-2025 18:20,S3,temperature,15,backyard,normal
03-03-2025 18:21,S27,temperature,22,living_room,normal
03-03-2025 18:21,S42,temperature,26,bathroom,normal
03-03-2025 18:21,S36,motion,OFF,front_door,normal
03-03-2025 18:22,S13,window,OPEN,living_room,normal
03-03-2025 18:23,S17,glass_break,NONE,backyard,normal
03-03-2025 18:23,S29,motion,OFF,garage,normal
03-03-2025 18:24,S34,camera,IDLE,backyard,normal
03-03-2025 18:29,S4,temperature,16,front_door,normal
03-03-2025 18:30,S37,motion,OFF,front_door,normal
03-03-2025 18:31,S4,motion,ON,backyard,normal
03-03-2025 18:31,S36,glass_break,DETECTED,bathroom,anomaly
03-03-2025 18:33,S44,motion,OFF,front_door,normal
03-03-2025 18:34,S7,window,CLOSED,bathroom,normal
03-03-2025 18:35,S28,camera,TRIGGERED,bedroom,normal
03-03-2025 18:37,S50,camera,IDLE,garage,normal
03-03-2025 18:39,S19,glass_break,DETECTED,front_door,anomaly
03-03-2025 18:41,S41,door,OPEN,bathroom,normal
03-03-2025 18:41,S26,motion,OFF,bedroom,normal
03-03-2025 18:41,S26,window,CLOSED,backyard,normal
03-03-2025 18:42,S5,camera,TRIGGERED,bathroom,normal
03-03-2025 18:43,S23,temperature,26,garage,normal
03-03-2025 18:45,S41,motion,OFF,front_door,normal
03-03-2025 18:47,S26,motion,OFF,garage,normal
03-03-2025 18:47,S21,motion,ON,bathroom,normal
03-03-2025 18:48,S22,glass_break,NONE,living_room,normal
03-03-2025 18:50,S16,camera,IDLE,bedroom,normal
03-03-2025 18:51,S19,window,OPEN,bedroom,normal
03-03-2025 18:53,S11,window,OPEN,garage,normal
03-03-2025 18:53,S25,door,CLOSED,bathroom,normal
03-03-2025 18:53,S10,glass_break,DETECTED,front_door,anomaly
03-03-2025 18:58,S46,glass_break,NONE,front_door,normal
03-03-2025 18:59,S30,motion,ON,living_room,normal
03-03-2025 18:59,S5,door,OPEN,front_door,normal
03-03-2025 19:00,S34,window,OPEN,garage,normal
03-03-2025 19:01,S45,glass_break,NONE,bathroom,normal
03-03-2025 19:05,S15,window,OPEN,garage,normal
03-03-2025 19:05,S26,glass_break,NONE,bathroom,normal
03-03-2025 19:06,S15,door,CLOSED,living_room,normal
03-03-2025 19:07,S10,camera,IDLE,backyard,normal
03-03-2025 19:07,S10,glass_break,NONE,kitchen,normal
03-03-2025 19:09,S48,glass_break,NONE,front_door,normal
03-03-2025 19:10,S26,camera,IDLE,bathroom,normal
03-03-2025 19:11,S36,door,CLOSED,living_room,normal
03-03-2025 19:11,S22,motion,OFF,bathroom,normal
03-03-2025 19:12,S4,camera,IDLE,garage,normal
03-03-2025 19:12,S40,glass_break,NONE,bathroom,normal
03-03-2025 19:12,S19,door,CLOSED,bathroom,normal
03-03-2025 19:12,S32,motion,OFF,bedroom,normal
03-03-2025 19:13,S34,motion,ON,garage,normal
03-03-2025 19:14,S29,window,CLOSED,living_room,normal
03-03-2025 19:16,S12,camera,IDLE,bedroom,normal
03-03-2025 19:16,S36,temperature,27,living_room,normal
03-03-2025 19:17,S38,motion,ON,front_door,normal
03-03-2025 19:17,S4,motion,ON,garage,normal
03-03-2025 19:18,S22,glass_break,NONE,bedroom,normal
03-03-2025 19:18,S32,glass_break,DETECTED,bathroom,anomaly
03-03-2025 19:19,S6,motion,OFF,kitchen,normal
03-03-2025 19:19,S13,window,OPEN,backyard,normal
03-03-2025 19:19,S28,temperature,26,garage,normal
03-03-2025 19:22,S50,glass_break,NONE,garage,normal
03-03-2025 19:22,S49,camera,IDLE,garage,normal
03-03-2025 19:23,S15,door,OPEN,garage,normal
03-03-2025 19:23,S1,motion,OFF,garage,normal
03-03-2025 19:27,S4,motion,OFF,front_door,normal
03-03-2025 19:27,S30,temperature,19,living_room,normal
03-03-2025 19:30,S23,temperature,26,backyard,normal
03-03-2025 19:31,S17,camera,IDLE,front_door,normal
03-03-2025 19:31,S14,temperature,17,kitchen,normal
03-03-2025 19:31,S48,window,CLOSED,front_door,normal
03-03-2025 19:32,S43,window,OPEN,living_room,normal
03-03-2025 19:32,S50,glass_break,NONE,bathroom,normal
03-03-2025 19:33,S10,door,CLOSED,kitchen,normal
03-03-2025 19:33,S33,camera,TRIGGERED,garage,normal
03-03-2025 19:33,S29,door,CLOSED,front_door,normal
03-03-2025 19:35,S23,glass_break,NONE,kitchen,normal
03-03-2025 19:36,S46,camera,IDLE,kitchen,normal
03-03-2025 19:36,S42,temperature,29,front_door,normal
03-03-2025 19:37,S34,window,CLOSED,backyard,normal
03-03-2025 19:38,S19,motion,ON,garage,normal
03-03-2025 19:38,S22,motion,ON,kitchen,normal
03-03-2025 19:39,S11,door,CLOSED,bedroom,normal
03-03-2025 19:39,S17,camera,IDLE,backyard,normal
03-03-2025 19:39,S15,camera,IDLE,backyard,normal
03-03-2025 19:43,S35,window,OPEN,backyard,normal
03-03-2025 19:43,S34,window,CLOSED,bathroom,normal
03-03-2025 19:45,S27,glass_break,DETECTED,bathroom,anomaly
03-03-2025 19:46,S6,door,OPEN,bedroom,normal
03-03-2025 19:46,S13,temperature,21,bathroom,normal
03-03-2025 19:47,S20,temperature,28,living_room,normal
03-03-2025 19:49,S37,door,CLOSED,living_room,normal
03-03-2025 19:53,S12,window,OPEN,bedroom,normal
03-03-2025 19:54,S44,motion,ON,bathroom,normal
03-03-2025 19:55,S43,temperature,21,bathroom,normal
03-03-2025 19:55,S13,camera,IDLE,living_room,normal
03-03-2025 19:57,S43,window,CLOSED,kitchen,normal
03-03-2025 19:57,S15,glass_break,DETECTED,bedroom,anomaly
03-03-2025 19:57,S44,glass_break,DETECTED,front_door,anomaly
03-03-2025 19:58,S49,door,CLOSED,bathroom,normal
03-03-2025 20:00,S43,window,CLOSED,living_room,normal
03-03-2025 20:01,S25,window,CLOSED,garage,normal
03-03-2025 20:01,S13,window,OPEN,backyard,normal
03-03-2025 20:02,S33,door,OPEN,garage,normal
03-03-2025 20:04,S29,camera,IDLE,bathroom,normal
03-03-2025 20:05,S18,door,OPEN,bathroom,normal
03-03-2025 20:06,S37,temperature,27,living_room,normal
03-03-2025 20:08,S41,motion,ON,bedroom,normal
03-03-2025 20:10,S15,glass_break,NONE,bathroom,normal
03-03-2025 20:11,S49,motion,OFF,garage,normal
03-03-2025 20:12,S44,temperature,17,backyard,normal
03-03-2025 20:13,S14,window,CLOSED,bedroom,normal
03-03-2025 20:13,S4,window,OPEN,backyard,normal
03-03-2025 20:13,S18,temperature,26,bathroom,normal
03-03-2025 20:14,S39,glass_break,DETECTED,backyard,anomaly
03-03-2025 20:14,S23,camera,TRIGGERED,garage,normal
03-03-2025 20:15,S31,camera,IDLE,front_door,normal
03-03-2025 20:16,S21,temperature,21,backyard,normal
03-03-2025 20:16,S19,temperature,25,front_door,normal
03-03-2025 20:19,S39,window,OPEN,bedroom,normal
03-03-2025 20:22,S20,window,CLOSED,kitchen,normal
03-03-2025 20:24,S11,door,CLOSED,bathroom,normal
03-03-2025 20:24,S20,camera,IDLE,front_door,normal
03-03-2025 20:25,S30,camera,TRIGGERED,bedroom,normal
03-03-2025 20:25,S26,motion,ON,living_room,normal
03-03-2025 20:25,S8,camera,TRIGGERED,living_room,normal
03-03-2025 20:27,S19,temperature,24,garage,normal
03-03-2025 20:27,S31,glass_break,DETECTED,garage,anomaly
03-03-2025 20:27,S8,glass_break,NONE,living_room,normal
03-03-2025 20:28,S23,door,CLOSED,living_room,normal
03-03-2025 20:28,S41,temperature,27,bedroom,normal
03-03-2025 20:28,S49,door,OPEN,backyard,normal
03-03-2025 20:28,S27,camera,TRIGGERED,garage,normal
03-03-2025 20:29,S43,door,OPEN,front_door,normal
03-03-2025 20:30,S18,camera,TRIGGERED,kitchen,normal
03-03-2025 20:30,S19,glass_break,NONE,bedroom,normal
03-03-2025 20:31,S8,glass_break,DETECTED,bathroom,anomaly
03-03-2025 20:31,S47,window,OPEN,bathroom,normal
03-03-2025 20:32,S31,glass_break,NONE,backyard,normal
03-03-2025 20:32,S36,glass_break,NONE,front_door,normal
03-03-2025 20:32,S6,temperature,27,front_door,normal
03-03-2025 20:33,S41,window,OPEN,garage,normal
03-03-2025 20:34,S8,window,CLOSED,front_door,normal
03-03-2025 20:36,S24,glass_break,NONE,backyard,normal
03-03-2025 20:37,S44,door,CLOSED,backyard,normal
03-03-2025 20:37,S1,motion,ON,living_room,normal
03-03-2025 20:37,S1,temperature,30,bedroom,normal
03-03-2025 20:39,S44,door,CLOSED,backyard,normal
03-03-2025 20:40,S31,camera,IDLE,kitchen,normal
03-03-2025 20:40,S43,glass_break,NONE,bedroom,normal
03-03-2025 20:41,S29,temperature,21,garage,normal
03-03-2025 20:41,S10,motion,OFF,living_room,normal
03-03-2025 20:42,S5,motion,OFF,living_room,normal
03-03-2025 20:43,S9,camera,TRIGGERED,kitchen,normal
03-03-2025 20:43,S17,window,CLOSED,backyard,normal
03-03-2025 20:45,S7,motion,ON,bedroom,normal
03-03-2025 20:46,S15,temperature,15,garage,normal
03-03-2025 20:46,S36,door,CLOSED,garage,normal
03-03-2025 20:49,S21,door,CLOSED,backyard,normal
03-03-2025 20:51,S11,glass_break,NONE,backyard,normal
03-03-2025 20:53,S9,window,CLOSED,living_room,normal
03-03-2025 20:54,S4,glass_break,NONE,garage,normal
03-03-2025 20:54,S9,door,CLOSED,garage,normal
03-03-2025 20:54,S3,window,CLOSED,garage,normal
03-03-2025 20:55,S17,glass_break,DETECTED,front_door,anomaly
03-03-2025 20:57,S40,camera,TRIGGERED,bedroom,normal
03-03-2025 20:57,S50,door,OPEN,backyard,normal
03-03-2025 20:58,S34,temperature,30,kitchen,normal
03-03-2025 20:59,S5,temperature,25,garage,normal
03-03-2025 20:59,S19,door,OPEN,front_door,normal
03-03-2025 21:02,S39,motion,ON,living_room,normal
03-03-2025 21:03,S3,temperature,17,garage,normal
03-03-2025 21:03,S50,door,OPEN,garage,normal
03-03-2025 21:04,S30,temperature,20,garage,normal
03-03-2025 21:04,S35,motion,ON,garage,normal
03-03-2025 21:04,S21,door,CLOSED,living_room,normal
03-03-2025 21:05,S7,camera,TRIGGERED,front_door,normal
03-03-2025 21:06,S49,door,CLOSED,kitchen,normal
03-03-2025 21:07,S15,glass_break,DETECTED,front_door,anomaly
03-03-2025 21:08,S24,temperature,20,bedroom,normal
03-03-2025 21:08,S34,door,OPEN,front_door,normal
03-03-2025 21:11,S38,motion,ON,backyard,normal
03-03-2025 21:12,S44,window,CLOSED,front_door,normal
03-03-2025 21:13,S34,temperature,18,garage,normal
03-03-2025 21:14,S15,camera,TRIGGERED,bedroom,normal
03-03-2025 21:14,S19,glass_break,NONE,backyard,normal
03-03-2025 21:15,S41,motion,ON,bedroom,normal
03-03-2025 21:15,S41,glass_break,NONE,bedroom,normal
03-03-2025 21:17,S8,door,OPEN,kitchen,normal
03-03-2025 21:17,S26,door,OPEN,backyard,normal
03-03-2025 21:18,S8,door,OPEN,bedroom,normal
03-03-2025 21:19,S32,camera,TRIGGERED,garage,normal
03-03-2025 21:20,S33,window,CLOSED,garage,normal
03-03-2025 21:20,S1,door,CLOSED,backyard,normal
03-03-2025 21:20,S28,door,OPEN,living_room,normal
03-03-2025 21:21,S11,motion,ON,front_door,normal
03-03-2025 21:21,S33,window,OPEN,backyard,normal
03-03-2025 21:23,S4,window,OPEN,bedroom,normal
03-03-2025 21:24,S36,window,CLOSED,backyard,normal
03-03-2025 21:24,S29,window,CLOSED,bedroom,normal
03-03-2025 21:24,S39,temperature,28,bedroom,normal
03-03-2025 21:25,S25,camera,TRIGGERED,kitchen,normal
03-03-2025 21:27,S30,motion,OFF,living_room,normal
03-03-2025 21:27,S38,glass_break,DETECTED,bedroom,anomaly
03-03-2025 21:27,S4,camera,TRIGGERED,kitchen,normal
03-03-2025 21:27,S35,window,CLOSED,bathroom,normal
03-03-2025 21:28,S3,temperature,18,kitchen,normal
03-03-2025 21:28,S19,motion,OFF,bathroom,normal
03-03-2025 21:28,S10,window,OPEN,front_door,normal
03-03-2025 21:29,S6,door,CLOSED,bathroom,normal
03-03-2025 21:29,S25,motion,OFF,kitchen,normal
03-03-2025 21:30,S36,temperature,15,backyard,normal
03-03-2025 21:30,S9,door,CLOSED,garage,normal
03-03-2025 21:32,S29,motion,ON,kitchen,normal
03-03-2025 21:37,S28,camera,IDLE,living_room,normal
03-03-2025 21:37,S2,temperature,23,bedroom,normal
03-03-2025 21:37,S47,motion,OFF,front_door,normal
03-03-2025 21:37,S14,camera,IDLE,backyard,normal
03-03-2025 21:37,S24,glass_break,NONE,bedroom,normal
03-03-2025 21:40,S5,glass_break,NONE,front_door,normal
03-03-2025 21:41,S18,door,OPEN,backyard,normal
03-03-2025 21:41,S48,temperature,22,kitchen,normal
03-03-2025 21:41,S43,camera,TRIGGERED,bathroom,normal
03-03-2025 21:42,S44,glass_break,DETECTED,front_door,anomaly
03-03-2025 21:43,S21,glass_break,DETECTED,bedroom,anomaly
03-03-2025 21:43,S47,motion,ON,backyard,normal
03-03-2025 21:43,S17,window,OPEN,backyard,normal
03-03-2025 21:43,S42,glass_break,DETECTED,bathroom,anomaly
03-03-2025 21:44,S24,glass_break,NONE,garage,normal
03-03-2025 21:45,S50,window,OPEN,bedroom,normal
03-03-2025 21:48,S44,door,CLOSED,garage,normal
03-03-2025 21:49,S42,camera,IDLE,kitchen,normal
03-03-2025 21:50,S46,camera,TRIGGERED,kitchen,normal
03-03-2025 21:50,S47,temperature,21,bathroom,normal
03-03-2025 21:52,S18,temperature,18,kitchen,normal
03-03-2025 21:53,S5,door,OPEN,living_room,normal
03-03-2025 21:54,S22,temperature,30,garage,normal
03-03-2025 21:55,S4,temperature,26,bathroom,normal
03-03-2025 21:57,S25,window,CLOSED,front_door,normal
03-03-2025 21:57,S46,camera,IDLE,bathroom,normal
03-03-2025 21:58,S14,door,OPEN,backyard,normal
03-03-2025 22:04,S6,glass_break,NONE,front_door,normal
03-03-2025 22:05,S6,glass_break,NONE,kitchen,normal
03-03-2025 22:08,S16,door,CLOSED,front_door,normal
03-03-2025 22:08,S36,motion,OFF,front_door,normal
03-03-2025 22:08,S5,temperature,20,front_door,normal
03-03-2025 22:09,S40,door,OPEN,kitchen,normal
03-03-2025 22:09,S10,temperature,29,bedroom,normal
03-03-2025 22:09,S40,door,OPEN,front_door,normal
03-03-2025 22:10,S16,door,OPEN,living_room,normal
03-03-2025 22:11,S30,glass_break,DETECTED,bathroom,anomaly
03-03-2025 22:12,S30,camera,IDLE,bathroom,normal
03-03-2025 22:13,S36,motion,OFF,backyard,normal
03-03-2025 22:13,S31,door,CLOSED,bathroom,normal
03-03-2025 22:14,S24,motion,OFF,garage,normal
03-03-2025 22:15,S20,motion,OFF,front_door,normal
03-03-2025 22:15,S46,door,OPEN,bedroom,normal
03-03-2025 22:16,S46,camera,IDLE,bathroom,normal
03-03-2025 22:17,S47,glass_break,DETECTED,bathroom,anomaly
03-03-2025 22:17,S21,motion,ON,kitchen,normal
03-03-2025 22:17,S38,door,OPEN,living_room,normal
03-03-2025 22:18,S39,door,OPEN,backyard,normal
03-03-2025 22:20,S40,motion,OFF,front_door,normal
03-03-2025 22:21,S19,motion,ON,bathroom,normal
03-03-2025 22:22,S35,window,CLOSED,backyard,normal
03-03-2025 22:23,S9,door,OPEN,garage,normal
03-03-2025 22:23,S13,door,CLOSED,bathroom,normal
03-03-2025 22:23,S26,window,CLOSED,bathroom,normal
03-03-2025 22:24,S34,door,OPEN,garage,normal
03-03-2025 22:25,S27,glass_break,DETECTED,garage,anomaly
03-03-2025 22:25,S35,camera,TRIGGERED,bedroom,normal
03-03-2025 22:27,S45,window,CLOSED,backyard,normal
03-03-2025 22:27,S4,glass_break,NONE,bathroom,normal
03-03-2025 22:29,S35,motion,OFF,living_room,normal
03-03-2025 22:30,S31,camera,TRIGGERED,garage,normal
03-03-2025 22:30,S13,motion,OFF,bathroom,normal
03-03-2025 22:31,S14,door,CLOSED,bathroom,normal
03-03-2025 22:31,S10,temperature,30,garage,normal
03-03-2025 22:31,S21,door,OPEN,garage,normal
03-03-2025 22:32,S17,door,OPEN,backyard,normal
03-03-2025 22:32,S28,motion,OFF,backyard,normal
03-03-2025 22:33,S49,window,OPEN,kitchen,normal
03-03-2025 22:34,S8,motion,OFF,living_room,normal
03-03-2025 22:37,S44,temperature,29,kitchen,normal
03-03-2025 22:38,S14,motion,OFF,bathroom,normal
03-03-2025 22:38,S8,door,CLOSED,bedroom,normal
03-03-2025 22:40,S17,window,CLOSED,garage,normal
03-03-2025 22:41,S23,temperature,25,bathroom,normal
03-03-2025 22:41,S3,glass_break,DETECTED,kitchen,anomaly
03-03-2025 22:42,S29,door,CLOSED,garage,normal
03-03-2025 22:42,S26,glass_break,DETECTED,garage,anomaly
03-03-2025 22:45,S37,door,OPEN,garage,normal
03-03-2025 22:47,S48,door,CLOSED,living_room,normal
03-03-2025 22:47,S15,door,OPEN,garage,normal
03-03-2025 22:48,S9,window,OPEN,bedroom,normal
03-03-2025 22:50,S36,glass_break,DETECTED,kitchen,anomaly
03-03-2025 22:50,S8,temperature,21,living_room,normal
03-03-2025 22:53,S22,camera,TRIGGERED,bedroom,normal
03-03-2025 22:53,S4,window,CLOSED,bathroom,normal
03-03-2025 22:56,S16,window,CLOSED,bedroom,normal
03-03-2025 22:56,S25,motion,OFF,bedroom,normal
03-03-2025 22:56,S39,temperature,16,backyard,normal
03-03-2025 22:56,S22,camera,TRIGGERED,front_door,normal
03-03-2025 22:57,S40,door,OPEN,bedroom,normal
03-03-2025 22:57,S44,temperature,26,bedroom,normal
03-03-2025 22:58,S40,temperature,25,front_door,normal
03-03-2025 22:58,S37,glass_break,DETECTED,backyard,anomaly
03-03-2025 22:59,S17,glass_break,NONE,backyard,normal
03-03-2025 23:02,S31,motion,OFF,bedroom,anomaly
03-03-2025 23:03,S22,door,CLOSED,bedroom,normal
03-03-2025 23:03,S44,camera,IDLE,living_room,normal
03-03-2025 23:05,S7,window,CLOSED,backyard,normal
03-03-2025 23:05,S31,glass_break,DETECTED,bedroom,anomaly
03-03-2025 23:07,S43,door,CLOSED,garage,normal
03-03-2025 23:12,S13,temperature,25,front_door,normal
03-03-2025 23:15,S16,window,CLOSED,living_room,normal
03-03-2025 23:16,S24,window,OPEN,backyard,normal
03-03-2025 23:18,S8,camera,TRIGGERED,garage,normal
03-03-2025 23:18,S36,glass_break,DETECTED,kitchen,anomaly
03-03-2025 23:19,S25,window,CLOSED,backyard,normal
03-03-2025 23:20,S34,door,CLOSED,bedroom,normal
03-03-2025 23:21,S32,glass_break,NONE,bathroom,normal
03-03-2025 23:22,S30,door,CLOSED,backyard,normal
03-03-2025 23:22,S49,door,CLOSED,bedroom,normal
03-03-2025 23:22,S34,door,CLOSED,living_room,normal
03-03-2025 23:29,S32,door,CLOSED,bedroom,normal
03-03-2025 23:30,S39,temperature,16,garage,normal
03-03-2025 23:30,S29,glass_break,NONE,garage,normal
03-03-2025 23:31,S36,motion,ON,bedroom,anomaly
03-03-2025 23:31,S2,door,CLOSED,living_room,normal
03-03-2025 23:31,S16,camera,IDLE,garage,normal
03-03-2025 23:32,S30,door,CLOSED,bedroom,normal
03-03-2025 23:35,S3,camera,IDLE,garage,normal
03-03-2025 23:36,S18,motion,OFF,backyard,anomaly
03-03-2025 23:39,S19,motion,ON,kitchen,anomaly
03-03-2025 23:39,S31,window,OPEN,front_door,normal
03-03-2025 23:39,S6,glass_break,NONE,living_room,normal
03-03-2025 23:39,S34,glass_break,DETECTED,front_door,anomaly
03-03-2025 23:39,S34,glass_break,NONE,garage,normal
03-03-2025 23:40,S43,temperature,17,living_room,normal
03-03-2025 23:40,S5,door,CLOSED,bedroom,normal
03-03-2025 23:40,S30,camera,TRIGGERED,garage,normal
03-03-2025 23:41,S45,motion,OFF,backyard,anomaly
03-03-2025 23:43,S21,glass_break,DETECTED,front_door,anomaly
03-03-2025 23:43,S47,window,OPEN,garage,normal
03-03-2025 23:44,S9,glass_break,DETECTED,front_door,anomaly
03-03-2025 23:46,S32,temperature,19,front_door,normal
03-03-2025 23:48,S4,temperature,16,bedroom,normal
03-03-2025 23:48,S5,temperature,21,garage,normal
03-03-2025 23:48,S22,camera,IDLE,garage,normal
03-03-2025 23:48,S22,camera,TRIGGERED,front_door,normal
03-03-2025 23:49,S25,camera,TRIGGERED,bathroom,normal
03-03-2025 23:49,S40,motion,ON,garage,anomaly
03-03-2025 23:52,S8,window,CLOSED,bedroom,normal
03-03-2025 23:53,S3,window,CLOSED,garage,normal
03-03-2025 23:55,S25,temperature,26,kitchen,normal
03-03-2025 23:56,S3,window,CLOSED,front_door,normal
03-03-2025 23:56,S32,window,OPEN,front_door,normal
03-03-2025 23:57,S47,temperature,18,living_room,normal
03-03-2025 23:57,S25,glass_break,NONE,living_room,normal
03-03-2025 23:59,S28,motion,ON,kitchen,anomaly
03-03-2025 23:59,S37,temperature,18,bathroom,normal
03-03-2025 23:59,S46,window,OPEN,garage,normal
04-03-2025 00:00,S10,door,CLOSED,kitchen,normal
04-03-2025 00:00,S33,camera,TRIGGERED,living_room,normal
04-03-2025 00:00,S21,door,OPEN,bedroom,normal
04-03-2025 00:01,S15,glass_break,NONE,front_door,normal
04-03-2025 00:03,S13,window,OPEN,living_room,normal
04-03-2025 00:04,S43,temperature,25,kitchen,normal
04-03-2025 00:05,S13,camera,IDLE,backyard,normal
04-03-2025 00:05,S45,window,OPEN,kitchen,normal
04-03-2025 00:07,S16,camera,IDLE,bedroom,normal
04-03-2025 00:09,S28,temperature,23,garage,normal
04-03-2025 00:13,S27,door,CLOSED,bedroom,normal
04-03-2025 00:14,S19,motion,ON,backyard,anomaly
04-03-2025 00:15,S49,motion,OFF,backyard,anomaly
04-03-2025 00:15,S48,camera,TRIGGERED,bathroom,normal
04-03-2025 00:16,S38,camera,TRIGGERED,living_room,normal
04-03-2025 00:19,S9,temperature,28,living_room,normal
04-03-2025 00:21,S11,motion,ON,living_room,anomaly
04-03-2025 00:21,S11,camera,IDLE,kitchen,normal
04-03-2025 00:23,S19,glass_break,NONE,bedroom,normal
04-03-2025 00:23,S23,camera,IDLE,living_room,normal
04-03-2025 00:27,S6,door,CLOSED,bathroom,normal
04-03-2025 00:28,S46,temperature,23,kitchen,normal
04-03-2025 00:29,S19,glass_break,NONE,kitchen,normal
04-03-2025 00:29,S27,glass_break,DETECTED,kitchen,anomaly
04-03-2025 00:30,S37,camera,IDLE,living_room,normal
04-03-2025 00:31,S7,door,OPEN,bathroom,normal
04-03-2025 00:32,S11,glass_break,NONE,bathroom,normal
04-03-2025 00:33,S33,temperature,28,front_door,normal
04-03-2025 00:34,S28,camera,IDLE,bathroom,normal
04-03-2025 00:34,S13,door,CLOSED,kitchen,normal
04-03-2025 00:37,S23,camera,IDLE,kitchen,normal
04-03-2025 00:37,S30,glass_break,DETECTED,living_room,anomaly
04-03-2025 00:38,S49,window,CLOSED,bathroom,normal
04-03-2025 00:41,S11,door,CLOSED,bedroom,normal
04-03-2025 00:41,S22,door,CLOSED,bedroom,normal
04-03-2025 00:41,S47,window,OPEN,living_room,normal
04-03-2025 00:41,S37,temperature,17,bedroom,normal
04-03-2025 00:42,S37,camera,IDLE,front_door,normal
04-03-2025 00:43,S26,camera,TRIGGERED,bedroom,normal
04-03-2025 00:43,S14,temperature,16,bathroom,normal
04-03-2025 00:44,S42,glass_break,NONE,garage,normal
04-03-2025 00:46,S45,temperature,21,bathroom,normal
04-03-2025 00:46,S27,camera,IDLE,front_door,normal
04-03-2025 00:47,S21,temperature,17,living_room,normal
04-03-2025 00:50,S23,temperature,19,garage,normal
04-03-2025 00:51,S16,glass_break,NONE,garage,normal
04-03-2025 00:52,S13,window,CLOSED,bedroom,normal
04-03-2025 00:53,S17,window,OPEN,bedroom,normal
04-03-2025 00:53,S29,door,OPEN,backyard,normal
04-03-2025 00:53,S37,motion,ON,bathroom,anomaly
04-03-2025 00:55,S21,temperature,30,living_room,normal
04-03-2025 00:55,S29,camera,IDLE,garage,normal
04-03-2025 00:57,S11,temperature,26,garage,normal
04-03-2025 01:01,S2,glass_break,NONE,garage,normal
04-03-2025 01:02,S17,camera,IDLE,kitchen,normal
04-03-2025 01:02,S41,window,CLOSED,kitchen,normal
04-03-2025 01:03,S48,window,CLOSED,living_room,normal
04-03-2025 01:03,S15,camera,IDLE,bedroom,normal
04-03-2025 01:03,S17,door,CLOSED,bathroom,normal
04-03-2025 01:04,S18,camera,TRIGGERED,bathroom,normal
04-03-2025 01:05,S14,glass_break,NONE,front_door,normal
04-03-2025 01:05,S50,camera,TRIGGERED,living_room,normal
04-03-2025 01:06,S19,door,OPEN,living_room,normal
04-03-2025 01:07,S8,camera,TRIGGERED,garage,normal
04-03-2025 01:07,S4,glass_break,NONE,garage,normal
04-03-2025 01:09,S30,door,CLOSED,garage,normal
04-03-2025 01:10,S38,motion,OFF,bathroom,anomaly
04-03-2025 01:12,S23,temperature,24,bathroom,normal
04-03-2025 01:13,S3,glass_break,NONE,bedroom,normal
04-03-2025 01:15,S42,temperature,21,front_door,normal
04-03-2025 01:18,S40,window,CLOSED,bedroom,normal
04-03-2025 01:20,S47,motion,ON,living_room,anomaly
04-03-2025 01:23,S15,motion,ON,bedroom,anomaly
04-03-2025 01:23,S25,window,OPEN,front_door,normal
04-03-2025 01:23,S42,window,CLOSED,backyard,normal
04-03-2025 01:23,S21,camera,TRIGGERED,kitchen,normal
04-03-2025 01:24,S25,camera,TRIGGERED,bedroom,normal
04-03-2025 01:25,S39,temperature,29,bathroom,normal
04-03-2025 01:25,S30,window,OPEN,backyard,normal
04-03-2025 01:26,S48,glass_break,NONE,bedroom,normal
04-03-2025 01:26,S5,door,OPEN,kitchen,normal
04-03-2025 01:30,S32,temperature,23,kitchen,normal
04-03-2025 01:31,S21,window,CLOSED,living_room,normal
04-03-2025 01:31,S7,window,CLOSED,kitchen,normal
04-03-2025 01:32,S38,window,CLOSED,living_room,normal
04-03-2025 01:33,S2,door,CLOSED,backyard,normal
04-03-2025 01:33,S1,glass_break,NONE,bathroom,normal
04-03-2025 01:34,S26,glass_break,DETECTED,bedroom,anomaly
04-03-2025 01:34,S10,glass_break,NONE,bathroom,normal
04-03-2025 01:34,S8,glass_break,DETECTED,backyard,anomaly
04-03-2025 01:36,S30,motion,OFF,front_door,anomaly
04-03-2025 01:37,S31,temperature,24,bathroom,normal
04-03-2025 01:38,S47,window,CLOSED,kitchen,normal
04-03-2025 01:39,S30,camera,IDLE,bathroom,normal
04-03-2025 01:40,S13,door,OPEN,front_door,normal
04-03-2025 01:40,S16,door,OPEN,living_room,normal
04-03-2025 01:40,S19,motion,ON,bedroom,anomaly
04-03-2025 01:43,S35,door,OPEN,living_room,normal
04-03-2025 01:46,S34,window,CLOSED,kitchen,normal
04-03-2025 01:47,S17,window,CLOSED,bathroom,normal
04-03-2025 01:47,S10,temperature,15,garage,normal
04-03-2025 01:47,S12,temperature,26,kitchen,normal
04-03-2025 01:50,S38,camera,TRIGGERED,kitchen,normal
04-03-2025 01:52,S8,door,CLOSED,front_door,normal
04-03-2025 01:52,S36,door,OPEN,front_door,normal
04-03-2025 01:54,S20,window,CLOSED,backyard,normal
04-03-2025 01:55,S4,temperature,27,living_room,normal
04-03-2025 01:56,S17,temperature,16,bedroom,normal
04-03-2025 01:56,S18,motion,ON,bedroom,anomaly
04-03-2025 01:57,S33,window,OPEN,backyard,normal
04-03-2025 01:57,S26,temperature,21,backyard,normal
04-03-2025 01:57,S39,temperature,29,bathroom,normal
04-03-2025 01:58,S4,camera,TRIGGERED,bathroom,normal
04-03-2025 01:58,S49,glass_break,NONE,garage,normal
04-03-2025 02:02,S9,door,CLOSED,living_room,normal
04-03-2025 02:02,S11,camera,IDLE,living_room,normal
04-03-2025 02:03,S8,camera,IDLE,garage,normal
04-03-2025 02:03,S10,glass_break,NONE,bedroom,normal
04-03-2025 02:03,S34,camera,TRIGGERED,front_door,normal
04-03-2025 02:04,S15,door,OPEN,front_door,normal
04-03-2025 02:05,S16,glass_break,DETECTED,front_door,anomaly
04-03-2025 02:06,S42,camera,IDLE,bathroom,normal
04-03-2025 02:07,S1,door,OPEN,kitchen,normal
04-03-2025 02:09,S45,camera,IDLE,living_room,normal
04-03-2025 02:10,S31,door,CLOSED,garage,normal
04-03-2025 02:11,S1,glass_break,NONE,bathroom,normal
04-03-2025 02:12,S47,door,CLOSED,bathroom,normal
04-03-2025 02:12,S46,motion,OFF,backyard,anomaly
04-03-2025 02:16,S10,door,OPEN,bathroom,normal
04-03-2025 02:17,S27,camera,IDLE,front_door,normal
04-03-2025 02:18,S28,camera,IDLE,bathroom,normal
04-03-2025 02:18,S27,temperature,29,bathroom,normal
04-03-2025 02:19,S39,door,CLOSED,bathroom,normal
04-03-2025 02:19,S22,motion,OFF,backyard,anomaly
04-03-2025 02:19,S14,glass_break,NONE,front_door,normal
04-03-2025 02:19,S32,temperature,30,bedroom,normal
04-03-2025 02:20,S24,glass_break,NONE,kitchen,normal
04-03-2025 02:21,S50,glass_break,DETECTED,bedroom,anomaly
04-03-2025 02:21,S34,temperature,15,garage,normal
04-03-2025 02:22,S20,glass_break,DETECTED,bathroom,anomaly
04-03-2025 02:22,S3,temperature,17,garage,normal
04-03-2025 02:22,S30,temperature,21,garage,normal
04-03-2025 02:23,S18,door,OPEN,bedroom,normal
04-03-2025 02:23,S14,window,OPEN,front_door,normal
04-03-2025 02:24,S20,camera,TRIGGERED,garage,normal
04-03-2025 02:28,S12,door,CLOSED,living_room,normal
04-03-2025 02:28,S46,door,OPEN,bathroom,normal
04-03-2025 02:28,S4,window,CLOSED,front_door,normal
04-03-2025 02:28,S43,motion,OFF,garage,anomaly
04-03-2025 02:28,S25,temperature,23,garage,normal
04-03-2025 02:28,S46,glass_break,DETECTED,bedroom,anomaly
04-03-2025 02:29,S12,camera,IDLE,living_room,normal
04-03-2025 02:29,S10,motion,OFF,backyard,anomaly
04-03-2025 02:29,S18,glass_break,NONE,backyard,normal
04-03-2025 02:29,S31,glass_break,NONE,kitchen,normal
04-03-2025 02:32,S45,window,OPEN,backyard,normal
04-03-2025 02:32,S1,window,OPEN,backyard,normal
04-03-2025 02:33,S14,window,OPEN,living_room,normal
04-03-2025 02:34,S23,temperature,15,kitchen,normal
04-03-2025 02:34,S32,motion,OFF,backyard,anomaly
04-03-2025 02:35,S26,motion,OFF,living_room,anomaly
04-03-2025 02:36,S5,camera,TRIGGERED,living_room,normal
04-03-2025 02:39,S15,door,OPEN,kitchen,normal
04-03-2025 02:39,S8,door,CLOSED,living_room,normal
04-03-2025 02:40,S10,temperature,24,garage,normal
04-03-2025 02:42,S15,window,CLOSED,living_room,normal
04-03-2025 02:42,S45,camera,TRIGGERED,garage,normal
04-03-2025 02:42,S10,glass_break,DETECTED,front_door,anomaly
04-03-2025 02:43,S7,camera,TRIGGERED,garage,normal
04-03-2025 02:44,S30,temperature,16,kitchen,normal
04-03-2025 02:45,S20,motion,ON,front_door,anomaly
04-03-2025 02:46,S43,camera,IDLE,kitchen,normal
04-03-2025 02:46,S25,motion,OFF,backyard,anomaly
04-03-2025 02:47,S20,glass_break,NONE,backyard,normal
04-03-2025 02:47,S38,window,CLOSED,kitchen,normal
04-03-2025 02:48,S43,motion,OFF,garage,anomaly
04-03-2025 02:49,S31,temperature,29,living_room,normal
04-03-2025 02:50,S13,window,CLOSED,bathroom,normal
04-03-2025 02:52,S28,window,CLOSED,backyard,normal
04-03-2025 02:53,S11,door,CLOSED,garage,normal
04-03-2025 02:53,S9,door,CLOSED,bedroom,normal
04-03-2025 02:57,S50,glass_break,DETECTED,kitchen,anomaly
04-03-2025 02:59,S48,window,OPEN,bedroom,normal
04-03-2025 02:59,S28,glass_break,NONE,bathroom,normal
04-03-2025 03:00,S50,glass_break,NONE,bathroom,normal
04-03-2025 03:00,S48,camera,IDLE,front_door,normal
04-03-2025 03:00,S31,glass_break,DETECTED,front_door,anomaly
04-03-2025 03:01,S48,temperature,24,backyard,normal
04-03-2025 03:02,S9,door,CLOSED,bathroom,normal
04-03-2025 03:06,S18,window,OPEN,kitchen,normal
04-03-2025 03:08,S44,motion,ON,garage,anomaly
04-03-2025 03:09,S24,temperature,15,bathroom,normal
04-03-2025 03:10,S15,glass_break,DETECTED,backyard,anomaly
04-03-2025 03:10,S18,temperature,16,living_room,normal
04-03-2025 03:13,S16,window,CLOSED,kitchen,normal
04-03-2025 03:13,S12,motion,ON,kitchen,anomaly
04-03-2025 03:15,S17,temperature,27,living_room,normal
04-03-2025 03:16,S24,camera,TRIGGERED,backyard,normal
04-03-2025 03:17,S3,camera,TRIGGERED,bathroom,normal
04-03-2025 03:17,S37,camera,IDLE,garage,normal
04-03-2025 03:18,S40,window,OPEN,backyard,normal
04-03-2025 03:18,S16,glass_break,DETECTED,kitchen,anomaly
04-03-2025 03:18,S28,temperature,17,front_door,normal
04-03-2025 03:20,S40,temperature,17,front_door,normal
04-03-2025 03:20,S30,glass_break,DETECTED,living_room,anomaly
04-03-2025 03:23,S13,temperature,23,backyard,normal
04-03-2025 03:25,S1,door,CLOSED,bathroom,normal
04-03-2025 03:26,S5,temperature,19,backyard,normal
04-03-2025 03:26,S29,door,CLOSED,garage,normal
04-03-2025 03:27,S33,glass_break,NONE,bedroom,normal
04-03-2025 03:27,S5,glass_break,NONE,front_door,normal
04-03-2025 03:27,S3,window,CLOSED,living_room,normal
04-03-2025 03:28,S33,camera,TRIGGERED,garage,normal
04-03-2025 03:29,S42,motion,ON,front_door,anomaly
04-03-2025 03:36,S20,camera,IDLE,backyard,normal
04-03-2025 03:37,S32,door,OPEN,backyard,normal
04-03-2025 03:37,S7,door,CLOSED,garage,normal
04-03-2025 03:38,S32,door,CLOSED,backyard,normal
04-03-2025 03:40,S49,camera,TRIGGERED,backyard,normal
04-03-2025 03:43,S12,camera,IDLE,bedroom,normal
04-03-2025 03:47,S40,motion,OFF,garage,anomaly
04-03-2025 03:49,S40,window,OPEN,backyard,normal
04-03-2025 03:50,S10,temperature,17,garage,normal
04-03-2025 03:52,S33,glass_break,DETECTED,bedroom,anomaly
04-03-2025 03:53,S39,window,CLOSED,garage,normal
04-03-2025 03:54,S13,window,OPEN,bedroom,normal
04-03-2025 03:54,S25,camera,TRIGGERED,backyard,normal
04-03-2025 03:56,S5,motion,OFF,bedroom,anomaly
04-03-2025 03:56,S35,window,OPEN,garage,normal
04-03-2025 03:57,S11,window,CLOSED,garage,normal
04-03-2025 03:58,S37,glass_break,NONE,kitchen,normal
04-03-2025 04:00,S17,window,CLOSED,bedroom,normal
04-03-2025 04:01,S17,window,CLOSED,living_room,normal
04-03-2025 04:01,S3,temperature,16,backyard,normal
04-03-2025 04:01,S25,door,CLOSED,kitchen,normal
04-03-2025 04:02,S38,glass_break,DETECTED,bathroom,anomaly
04-03-2025 04:02,S48,motion,OFF,kitchen,anomaly
04-03-2025 04:03,S26,door,OPEN,living_room,normal
04-03-2025 04:03,S16,motion,OFF,garage,anomaly
04-03-2025 04:04,S33,motion,ON,living_room,anomaly
04-03-2025 04:05,S13,glass_break,NONE,kitchen,normal
04-03-2025 04:05,S27,door,CLOSED,kitchen,normal
04-03-2025 04:05,S37,motion,OFF,kitchen,anomaly
04-03-2025 04:06,S11,door,CLOSED,backyard,normal
04-03-2025 04:06,S17,temperature,24,living_room,normal
04-03-2025 04:07,S22,motion,ON,living_room,anomaly
04-03-2025 04:07,S37,camera,IDLE,bathroom,normal
04-03-2025 04:07,S14,temperature,20,kitchen,normal
04-03-2025 04:09,S23,door,CLOSED,backyard,normal
04-03-2025 04:09,S31,temperature,24,bedroom,normal
04-03-2025 04:09,S24,window,CLOSED,living_room,normal
04-03-2025 04:11,S18,motion,ON,living_room,anomaly
04-03-2025 04:13,S41,motion,OFF,front_door,anomaly
04-03-2025 04:13,S3,temperature,27,backyard,normal
04-03-2025 04:14,S21,window,CLOSED,living_room,normal
04-03-2025 04:15,S27,window,CLOSED,front_door,normal
04-03-2025 04:16,S18,window,OPEN,kitchen,normal
04-03-2025 04:16,S27,door,OPEN,front_door,normal
04-03-2025 04:18,S4,temperature,30,bathroom,normal
04-03-2025 04:20,S11,door,OPEN,bathroom,normal
04-03-2025 04:21,S46,temperature,27,bathroom,normal
04-03-2025 04:24,S7,window,CLOSED,bedroom,normal
04-03-2025 04:24,S21,window,CLOSED,living_room,normal
04-03-2025 04:24,S32,glass_break,NONE,garage,normal
04-03-2025 04:24,S29,door,OPEN,living_room,normal
04-03-2025 04:25,S1,temperature,23,kitchen,normal
04-03-2025 04:26,S22,window,OPEN,backyard,normal
04-03-2025 04:26,S23,glass_break,NONE,bedroom,normal
04-03-2025 04:27,S26,window,OPEN,kitchen,normal
04-03-2025 04:27,S24,temperature,29,bathroom,normal
04-03-2025 04:27,S40,motion,OFF,front_door,anomaly
04-03-2025 04:28,S20,motion,ON,kitchen,anomaly
04-03-2025 04:29,S43,glass_break,NONE,garage,normal
04-03-2025 04:30,S35,camera,IDLE,front_door,normal
04-03-2025 04:30,S35,window,OPEN,bathroom,normal
04-03-2025 04:31,S35,motion,ON,bathroom,anomaly
04-03-2025 04:33,S39,camera,IDLE,bedroom,normal
04-03-2025 04:33,S22,glass_break,DETECTED,bedroom,anomaly
04-03-2025 04:36,S23,motion,ON,backyard,anomaly
04-03-2025 04:37,S28,glass_break,NONE,living_room,normal
04-03-2025 04:38,S34,temperature,19,bathroom,normal
04-03-2025 04:38,S27,camera,TRIGGERED,living_room,normal
04-03-2025 04:38,S30,temperature,28,garage,normal
04-03-2025 04:39,S30,glass_break,NONE,bedroom,normal
04-03-2025 04:40,S23,temperature,22,kitchen,normal
04-03-2025 04:40,S42,motion,OFF,garage,anomaly
04-03-2025 04:40,S10,temperature,23,bathroom,normal
04-03-2025 04:40,S9,camera,IDLE,bedroom,normal
04-03-2025 04:41,S5,camera,TRIGGERED,bedroom,normal
04-03-2025 04:43,S3,temperature,18,bedroom,normal
04-03-2025 04:44,S23,temperature,22,living_room,normal
04-03-2025 04:44,S14,motion,ON,backyard,anomaly
04-03-2025 04:44,S30,temperature,27,front_door,normal
04-03-2025 04:46,S17,camera,TRIGGERED,bathroom,normal
04-03-2025 04:47,S49,motion,ON,bedroom,anomaly
04-03-2025 04:49,S13,window,OPEN,bathroom,normal
04-03-2025 04:49,S19,motion,OFF,kitchen,anomaly
04-03-2025 04:51,S11,camera,TRIGGERED,front_door,normal
04-03-2025 04:54,S24,temperature,20,living_room,normal
04-03-2025 04:55,S32,camera,TRIGGERED,kitchen,normal
04-03-2025 04:55,S3,temperature,16,front_door,normal
04-03-2025 04:56,S20,camera,IDLE,bathroom,normal
04-03-2025 04:58,S4,camera,TRIGGERED,bathroom,normal
04-03-2025 04:58,S25,glass_break,DETECTED,kitchen,anomaly
04-03-2025 04:59,S47,camera,TRIGGERED,bathroom,normal
04-03-2025 05:01,S39,motion,ON,kitchen,anomaly
04-03-2025 05:02,S44,camera,TRIGGERED,kitchen,normal
04-03-2025 05:02,S17,door,CLOSED,bathroom,normal
04-03-2025 05:03,S17,temperature,28,living_room,normal
04-03-2025 05:04,S29,glass_break,DETECTED,garage,anomaly
04-03-2025 05:04,S13,door,OPEN,front_door,normal
04-03-2025 05:05,S46,camera,IDLE,bedroom,normal
04-03-2025 05:05,S48,window,OPEN,kitchen,normal
04-03-2025 05:07,S11,door,OPEN,living_room,normal
04-03-2025 05:08,S14,door,CLOSED,kitchen,normal
04-03-2025 05:12,S27,temperature,23,living_room,normal
04-03-2025 05:13,S28,window,OPEN,kitchen,normal
04-03-2025 05:13,S1,motion,ON,bathroom,anomaly
04-03-2025 05:15,S27,door,OPEN,backyard,normal
04-03-2025 05:16,S16,motion,ON,kitchen,anomaly
04-03-2025 05:17,S22,temperature,19,backyard,normal
04-03-2025 05:18,S22,window,OPEN,backyard,normal
04-03-2025 05:19,S26,door,CLOSED,living_room,normal
04-03-2025 05:21,S48,window,CLOSED,backyard,normal
04-03-2025 05:22,S41,window,CLOSED,garage,normal
04-03-2025 05:23,S38,door,OPEN,living_room,normal
04-03-2025 05:24,S16,camera,TRIGGERED,backyard,normal
04-03-2025 05:26,S30,temperature,28,bedroom,normal
04-03-2025 05:26,S35,door,CLOSED,front_door,normal
04-03-2025 05:29,S48,door,OPEN,living_room,normal
04-03-2025 05:31,S36,window,CLOSED,living_room,normal
04-03-2025 05:31,S42,temperature,29,garage,normal
04-03-2025 05:32,S21,window,OPEN,kitchen,normal
04-03-2025 05:32,S50,glass_break,NONE,bedroom,normal
04-03-2025 05:32,S29,camera,TRIGGERED,backyard,normal
04-03-2025 05:33,S12,temperature,23,bedroom,normal
04-03-2025 05:35,S5,door,OPEN,living_room,normal
04-03-2025 05:35,S39,camera,TRIGGERED,living_room,normal
04-03-2025 05:36,S32,window,CLOSED,living_room,normal
04-03-2025 05:37,S22,camera,IDLE,bathroom,normal
04-03-2025 05:39,S23,motion,ON,front_door,anomaly
04-03-2025 05:39,S33,motion,ON,garage,anomaly
04-03-2025 05:42,S23,door,CLOSED,bedroom,normal
04-03-2025 05:42,S22,camera,TRIGGERED,garage,normal
04-03-2025 05:44,S48,window,OPEN,living_room,normal
04-03-2025 05:44,S47,temperature,18,backyard,normal
04-03-2025 05:47,S24,temperature,17,backyard,normal
04-03-2025 05:47,S27,motion,ON,living_room,anomaly
04-03-2025 05:48,S47,temperature,22,bedroom,normal
04-03-2025 05:49,S49,glass_break,DETECTED,garage,anomaly
04-03-2025 05:49,S3,window,CLOSED,front_door,normal
04-03-2025 05:52,S11,motion,OFF,living_room,anomaly
04-03-2025 05:52,S31,camera,TRIGGERED,bedroom,normal
04-03-2025 05:53,S38,motion,ON,front_door,anomaly
04-03-2025 05:53,S5,door,CLOSED,front_door,normal
04-03-2025 05:54,S23,temperature,29,living_room,normal
04-03-2025 05:55,S28,window,CLOSED,front_door,normal
04-03-2025 05:55,S15,door,CLOSED,front_door,normal
04-03-2025 05:55,S47,temperature,25,living_room,normal
04-03-2025 05:58,S49,door,CLOSED,bathroom,normal
04-03-2025 05:58,S12,motion,OFF,bedroom,anomaly
04-03-2025 05:59,S47,door,CLOSED,front_door,normal
04-03-2025 06:00,S11,temperature,29,garage,normal
04-03-2025 06:01,S14,temperature,26,garage,normal
04-03-2025 06:02,S46,camera,TRIGGERED,garage,normal
04-03-2025 06:03,S1,door,OPEN,backyard,normal
04-03-2025 06:03,S10,camera,TRIGGERED,garage,normal
04-03-2025 06:03,S40,temperature,17,kitchen,normal
04-03-2025 06:04,S6,camera,TRIGGERED,garage,normal
04-03-2025 06:04,S2,door,OPEN,garage,normal
04-03-2025 06:06,S34,temperature,25,bathroom,normal
04-03-2025 06:07,S41,motion,ON,garage,normal
04-03-2025 06:07,S9,temperature,30,kitchen,normal
04-03-2025 06:08,S22,temperature,22,garage,normal
04-03-2025 06:09,S19,motion,ON,living_room,normal
04-03-2025 06:10,S36,motion,OFF,kitchen,normal
04-03-2025 06:11,S33,camera,IDLE,front_door,normal
04-03-2025 06:12,S22,glass_break,NONE,backyard,normal
04-03-2025 06:15,S16,door,OPEN,kitchen,normal
04-03-2025 06:16,S45,window,CLOSED,garage,normal
04-03-2025 06:16,S21,temperature,21,front_door,normal
04-03-2025 06:16,S5,door,CLOSED,living_room,normal
04-03-2025 06:16,S32,temperature,23,garage,normal
04-03-2025 06:18,S23,motion,OFF,front_door,normal
04-03-2025 06:19,S11,glass_break,DETECTED,bathroom,anomaly
04-03-2025 06:20,S13,camera,IDLE,bathroom,normal
04-03-2025 06:22,S44,motion,OFF,front_door,normal
04-03-2025 06:23,S32,window,OPEN,front_door,normal
04-03-2025 06:24,S10,temperature,25,backyard,normal
04-03-2025 06:24,S25,camera,IDLE,living_room,normal
04-03-2025 06:24,S39,glass_break,NONE,living_room,normal
04-03-2025 06:24,S39,motion,OFF,front_door,normal
04-03-2025 06:25,S28,glass_break,NONE,garage,normal
04-03-2025 06:27,S1,glass_break,NONE,garage,normal
04-03-2025 06:28,S24,window,OPEN,living_room,normal
04-03-2025 06:28,S13,motion,OFF,garage,normal
04-03-2025 06:30,S24,door,OPEN,kitchen,normal
04-03-2025 06:31,S10,glass_break,NONE,garage,normal
04-03-2025 06:32,S46,window,OPEN,front_door,normal
04-03-2025 06:32,S39,camera,TRIGGERED,bedroom,normal
04-03-2025 06:35,S22,glass_break,DETECTED,backyard,anomaly
04-03-2025 06:37,S6,camera,IDLE,kitchen,normal
04-03-2025 06:38,S42,motion,OFF,living_room,normal
04-03-2025 06:42,S7,temperature,20,bedroom,normal
04-03-2025 06:43,S7,camera,TRIGGERED,kitchen,normal
04-03-2025 06:44,S37,glass_break,NONE,kitchen,normal
04-03-2025 06:44,S39,temperature,16,bathroom,normal
04-03-2025 06:45,S32,temperature,22,bathroom,normal
04-03-2025 06:45,S37,motion,ON,bedroom,normal
04-03-2025 06:46,S5,camera,IDLE,living_room,normal
04-03-2025 06:47,S11,camera,TRIGGERED,bathroom,normal
04-03-2025 06:48,S1,motion,ON,front_door,normal
04-03-2025 06:48,S40,camera,IDLE,bedroom,normal
04-03-2025 06:49,S40,door,OPEN,garage,normal
04-03-2025 06:49,S10,temperature,20,kitchen,normal
04-03-2025 06:49,S48,window,OPEN,garage,normal
04-03-2025 06:49,S28,temperature,25,living_room,normal
04-03-2025 06:49,S12,camera,TRIGGERED,bedroom,normal
04-03-2025 06:49,S7,window,OPEN,garage,normal
04-03-2025 06:51,S4,temperature,18,kitchen,normal
04-03-2025 06:51,S15,temperature,24,backyard,normal
04-03-2025 06:52,S47,door,OPEN,kitchen,normal
04-03-2025 06:52,S50,door,CLOSED,bathroom,normal
04-03-2025 06:53,S23,temperature,20,backyard,normal
04-03-2025 06:54,S40,door,CLOSED,bathroom,normal
04-03-2025 06:54,S12,temperature,21,bedroom,normal
04-03-2025 06:55,S25,glass_break,NONE,garage,normal
04-03-2025 06:55,S25,door,OPEN,bedroom,normal
04-03-2025 06:55,S24,temperature,18,front_door,normal
04-03-2025 06:56,S11,temperature,20,bathroom,normal
04-03-2025 06:57,S23,window,CLOSED,kitchen,normal
04-03-2025 06:57,S45,motion,ON,kitchen,normal
04-03-2025 06:57,S34,camera,TRIGGERED,garage,normal
04-03-2025 06:58,S36,temperature,15,living_room,normal
04-03-2025 06:59,S1,motion,OFF,bathroom,normal
04-03-2025 07:00,S5,window,OPEN,bedroom,normal
04-03-2025 07:02,S43,window,OPEN,front_door,normal
04-03-2025 07:04,S24,camera,TRIGGERED,bedroom,normal
04-03-2025 07:04,S40,motion,OFF,bedroom,normal
04-03-2025 07:05,S49,temperature,23,front_door,normal
04-03-2025 07:05,S21,door,CLOSED,living_room,normal
04-03-2025 07:05,S40,temperature,21,bedroom,normal
04-03-2025 07:05,S48,window,OPEN,garage,normal
04-03-2025 07:06,S33,camera,IDLE,bedroom,normal
04-03-2025 07:07,S4,door,OPEN,garage,normal
04-03-2025 07:08,S10,temperature,25,bathroom,normal
04-03-2025 07:09,S17,door,CLOSED,bathroom,normal
04-03-2025 07:10,S7,camera,TRIGGERED,backyard,normal
04-03-2025 07:10,S42,temperature,19,bathroom,normal
04-03-2025 07:11,S47,door,CLOSED,backyard,normal
04-03-2025 07:11,S25,glass_break,NONE,garage,normal
04-03-2025 07:12,S31,window,CLOSED,bathroom,normal
04-03-2025 07:15,S8,camera,IDLE,front_door,normal
04-03-2025 07:15,S20,glass_break,NONE,backyard,normal
04-03-2025 07:18,S11,camera,TRIGGERED,bedroom,normal
04-03-2025 07:18,S15,camera,IDLE,garage,normal
04-03-2025 07:19,S46,glass_break,DETECTED,garage,anomaly
04-03-2025 07:21,S27,door,OPEN,backyard,normal
04-03-2025 07:21,S43,glass_break,NONE,living_room,normal
04-03-2025 07:22,S36,camera,TRIGGERED,bathroom,normal
04-03-2025 07:22,S48,glass_break,NONE,kitchen,normal
04-03-2025 07:22,S5,door,OPEN,bathroom,normal
04-03-2025 07:26,S42,window,CLOSED,front_door,normal
04-03-2025 07:26,S48,window,OPEN,front_door,normal
04-03-2025 07:27,S10,door,CLOSED,living_room,normal
04-03-2025 07:28,S8,glass_break,DETECTED,kitchen,anomaly
04-03-2025 07:29,S9,temperature,30,garage,normal
04-03-2025 07:29,S10,camera,IDLE,bathroom,normal
04-03-2025 07:29,S27,temperature,17,garage,normal
04-03-2025 07:31,S28,window,CLOSED,garage,normal
04-03-2025 07:32,S30,window,OPEN,bathroom,normal
04-03-2025 07:35,S48,door,CLOSED,backyard,normal
04-03-2025 07:36,S7,camera,TRIGGERED,bathroom,normal
04-03-2025 07:36,S16,glass_break,NONE,bedroom,normal
04-03-2025 07:36,S33,window,OPEN,backyard,normal
04-03-2025 07:36,S46,temperature,19,living_room,normal
04-03-2025 07:40,S49,window,OPEN,bedroom,normal
04-03-2025 07:41,S32,glass_break,NONE,backyard,normal
04-03-2025 07:42,S22,window,CLOSED,garage,normal
04-03-2025 07:47,S30,camera,TRIGGERED,front_door,normal
04-03-2025 07:48,S50,glass_break,NONE,garage,normal
04-03-2025 07:49,S49,window,OPEN,front_door,normal
04-03-2025 07:49,S48,door,OPEN,kitchen,normal
04-03-2025 07:50,S46,window,OPEN,garage,normal
04-03-2025 07:50,S28,motion,OFF,bathroom,normal
04-03-2025 07:50,S7,motion,OFF,garage,normal
04-03-2025 07:50,S49,motion,OFF,front_door,normal
04-03-2025 07:53,S7,glass_break,NONE,living_room,normal
04-03-2025 07:58,S18,motion,OFF,living_room,normal
04-03-2025 07:58,S41,motion,OFF,garage,normal
04-03-2025 07:59,S9,window,OPEN,front_door,normal
04-03-2025 08:00,S7,glass_break,DETECTED,kitchen,anomaly
04-03-2025 08:02,S35,glass_break,NONE,kitchen,normal
04-03-2025 08:04,S27,motion,OFF,bathroom,normal
04-03-2025 08:04,S20,camera,TRIGGERED,bathroom,normal
04-03-2025 08:05,S23,camera,IDLE,garage,normal
04-03-2025 08:06,S10,glass_break,NONE,front_door,normal
04-03-2025 08:07,S47,temperature,26,bathroom,normal
04-03-2025 08:08,S46,camera,TRIGGERED,garage,normal
04-03-2025 08:08,S15,window,CLOSED,garage,normal
04-03-2025 08:09,S31,temperature,22,bedroom,normal
04-03-2025 08:09,S40,glass_break,DETECTED,bedroom,anomaly
04-03-2025 08:11,S45,camera,IDLE,garage,normal
04-03-2025 08:12,S2,motion,OFF,backyard,normal
04-03-2025 08:12,S19,motion,ON,kitchen,normal
04-03-2025 08:13,S37,glass_break,NONE,garage,normal
04-03-2025 08:13,S37,camera,IDLE,backyard,normal
04-03-2025 08:14,S10,glass_break,NONE,bathroom,normal
04-03-2025 08:14,S46,temperature,25,front_door,normal
04-03-2025 08:14,S22,temperature,25,garage,normal
04-03-2025 08:14,S27,door,OPEN,backyard,normal
04-03-2025 08:15,S7,motion,ON,backyard,normal
04-03-2025 08:17,S29,motion,ON,front_door,normal
04-03-2025 08:20,S31,glass_break,DETECTED,garage,anomaly
04-03-2025 08:22,S3,window,OPEN,bathroom,normal
04-03-2025 08:25,S1,camera,IDLE,garage,normal
04-03-2025 08:27,S23,temperature,18,backyard,normal
04-03-2025 08:27,S15,window,CLOSED,bedroom,normal
04-03-2025 08:27,S44,window,OPEN,kitchen,normal
04-03-2025 08:29,S16,camera,IDLE,kitchen,normal
04-03-2025 08:29,S48,camera,IDLE,living_room,normal
04-03-2025 08:29,S33,window,OPEN,front_door,normal
04-03-2025 08:30,S32,temperature,24,backyard,normal
04-03-2025 08:32,S43,door,OPEN,bedroom,normal
04-03-2025 08:32,S30,window,OPEN,backyard,normal
04-03-2025 08:33,S42,camera,IDLE,front_door,normal
04-03-2025 08:34,S29,camera,IDLE,garage,normal
04-03-2025 08:34,S12,temperature,26,bedroom,normal
04-03-2025 08:36,S23,window,OPEN,garage,normal
04-03-2025 08:37,S21,door,CLOSED,garage,normal
04-03-2025 08:39,S33,door,CLOSED,living_room,normal
04-03-2025 08:39,S4,door,CLOSED,garage,normal
04-03-2025 08:42,S1,glass_break,DETECTED,living_room,anomaly
04-03-2025 08:43,S12,window,CLOSED,bathroom,normal
04-03-2025 08:45,S32,window,CLOSED,living_room,normal
04-03-2025 08:45,S9,window,OPEN,kitchen,normal
04-03-2025 08:45,S11,glass_break,NONE,bedroom,normal
04-03-2025 08:46,S18,motion,ON,backyard,normal
04-03-2025 08:46,S49,camera,IDLE,front_door,normal
04-03-2025 08:48,S19,glass_break,NONE,front_door,normal
04-03-2025 08:49,S35,temperature,27,bathroom,normal
04-03-2025 08:49,S16,window,CLOSED,living_room,normal
04-03-2025 08:49,S26,motion,ON,front_door,normal
04-03-2025 08:50,S28,motion,ON,bathroom,normal
04-03-2025 08:50,S4,motion,OFF,kitchen,normal
04-03-2025 08:51,S32,glass_break,NONE,living_room,normal
04-03-2025 08:51,S36,door,OPEN,bedroom,normal
04-03-2025 08:53,S42,motion,ON,bathroom,normal
04-03-2025 08:56,S43,motion,ON,bedroom,normal
04-03-2025 08:58,S25,camera,IDLE,bathroom,normal
04-03-2025 09:00,S24,glass_break,NONE,backyard,normal
04-03-2025 09:06,S6,camera,TRIGGERED,front_door,normal
04-03-2025 09:07,S25,camera,IDLE,bathroom,normal
04-03-2025 09:07,S31,camera,TRIGGERED,bedroom,normal
04-03-2025 09:08,S32,camera,TRIGGERED,bathroom,normal
04-03-2025 09:10,S22,camera,IDLE,backyard,normal
04-03-2025 09:10,S17,temperature,28,bathroom,normal
04-03-2025 09:12,S29,temperature,15,living_room,normal
04-03-2025 09:13,S21,window,CLOSED,garage,normal
04-03-2025 09:13,S20,camera,TRIGGERED,front_door,normal
04-03-2025 09:13,S45,door,CLOSED,bathroom,normal
04-03-2025 09:18,S21,camera,IDLE,kitchen,normal
04-03-2025 09:19,S42,window,CLOSED,living_room,normal
04-03-2025 09:19,S15,motion,ON,garage,normal
04-03-2025 09:22,S29,glass_break,DETECTED,living_room,anomaly
04-03-2025 09:22,S31,motion,OFF,bathroom,normal
04-03-2025 09:22,S19,window,CLOSED,front_door,normal
04-03-2025 09:23,S10,door,CLOSED,backyard,normal
04-03-2025 09:24,S39,camera,IDLE,bathroom,normal
04-03-2025 09:24,S24,window,CLOSED,front_door,normal
04-03-2025 09:25,S42,door,CLOSED,living_room,normal
04-03-2025 09:25,S10,glass_break,DETECTED,living_room,anomaly
04-03-2025 09:27,S2,door,OPEN,living_room,normal
04-03-2025 09:28,S45,glass_break,DETECTED,bedroom,anomaly
04-03-2025 09:28,S27,camera,IDLE,bathroom,normal
04-03-2025 09:30,S21,glass_break,DETECTED,garage,anomaly
04-03-2025 09:30,S47,camera,TRIGGERED,front_door,normal
04-03-2025 09:30,S26,window,CLOSED,backyard,normal
04-03-2025 09:32,S46,door,OPEN,bathroom,normal
04-03-2025 09:33,S29,motion,ON,living_room,normal
04-03-2025 09:34,S33,camera,TRIGGERED,kitchen,normal
04-03-2025 09:34,S44,motion,OFF,backyard,normal
04-03-2025 09:35,S46,camera,TRIGGERED,living_room,normal
04-03-2025 09:38,S5,door,OPEN,bedroom,normal
04-03-2025 09:39,S22,window,OPEN,bedroom,normal
04-03-2025 09:39,S11,door,OPEN,garage,normal
04-03-2025 09:41,S21,glass_break,DETECTED,bedroom,anomaly
04-03-2025 09:41,S37,motion,ON,bathroom,normal
04-03-2025 09:41,S50,window,CLOSED,bathroom,normal
04-03-2025 09:43,S42,glass_break,DETECTED,kitchen,anomaly
04-03-2025 09:44,S39,glass_break,DETECTED,kitchen,anomaly
04-03-2025 09:48,S10,glass_break,NONE,bathroom,normal
04-03-2025 09:49,S7,camera,TRIGGERED,front_door,normal
04-03-2025 09:49,S22,motion,ON,garage,normal
04-03-2025 09:51,S29,glass_break,NONE,bedroom,normal
04-03-2025 09:56,S11,camera,IDLE,living_room,normal
04-03-2025 09:57,S41,glass_break,NONE,backyard,normal
04-03-2025 09:57,S32,camera,TRIGGERED,bedroom,normal
04-03-2025 09:59,S49,motion,ON,living_room,normal
04-03-2025 10:00,S47,glass_break,NONE,front_door,normal
04-03-2025 10:04,S29,window,OPEN,living_room,normal
04-03-2025 10:04,S32,temperature,16,garage,normal
04-03-2025 10:05,S15,glass_break,DETECTED,living_room,anomaly
04-03-2025 10:06,S16,glass_break,NONE,backyard,normal
04-03-2025 10:06,S7,camera,IDLE,kitchen,normal
04-03-2025 10:09,S3,motion,OFF,front_door,normal
04-03-2025 10:09,S5,window,OPEN,bathroom,normal
04-03-2025 10:12,S26,window,OPEN,backyard,normal
04-03-2025 10:14,S16,window,OPEN,backyard,normal
04-03-2025 10:14,S12,door,CLOSED,front_door,normal
04-03-2025 10:15,S18,glass_break,DETECTED,bathroom,anomaly
04-03-2025 10:15,S31,window,OPEN,backyard,normal
04-03-2025 10:16,S42,window,OPEN,front_door,normal
04-03-2025 10:18,S37,window,OPEN,kitchen,normal
04-03-2025 10:20,S20,glass_break,NONE,garage,normal
04-03-2025 10:21,S3,glass_break,NONE,front_door,normal
04-03-2025 10:24,S31,glass_break,DETECTED,living_room,anomaly
04-03-2025 10:25,S47,window,OPEN,front_door,normal
04-03-2025 10:27,S12,motion,ON,garage,normal
04-03-2025 10:29,S43,temperature,20,bedroom,normal
04-03-2025 10:30,S12,camera,IDLE,bathroom,normal
04-03-2025 10:30,S1,motion,ON,bathroom,normal
04-03-2025 10:30,S40,motion,ON,garage,normal
04-03-2025 10:32,S44,door,OPEN,bathroom,normal
04-03-2025 10:32,S36,temperature,30,bedroom,normal
04-03-2025 10:35,S22,door,CLOSED,kitchen,normal
04-03-2025 10:36,S31,camera,TRIGGERED,front_door,normal
04-03-2025 10:37,S46,temperature,17,bedroom,normal
04-03-2025 10:37,S6,motion,OFF,front_door,normal
04-03-2025 10:37,S4,glass_break,DETECTED,garage,anomaly
04-03-2025 10:38,S30,temperature,25,backyard,normal
04-03-2025 10:39,S25,door,CLOSED,bathroom,normal
04-03-2025 10:40,S25,door,OPEN,living_room,normal
04-03-2025 10:40,S24,glass_break,NONE,living_room,normal
04-03-2025 10:41,S33,window,OPEN,bedroom,normal
04-03-2025 10:41,S24,temperature,25,bedroom,normal
04-03-2025 10:41,S30,motion,ON,bedroom,normal
04-03-2025 10:41,S15,door,OPEN,front_door,normal
04-03-2025 10:42,S35,temperature,24,front_door,normal
04-03-2025 10:45,S15,window,OPEN,kitchen,normal
04-03-2025 10:45,S29,camera,IDLE,living_room,normal
04-03-2025 10:45,S12,camera,IDLE,kitchen,normal
04-03-2025 10:48,S12,door,CLOSED,backyard,normal
04-03-2025 10:48,S16,motion,ON,garage,normal
04-03-2025 10:49,S39,glass_break,NONE,front_door,normal
04-03-2025 10:49,S19,motion,ON,living_room,normal
04-03-2025 10:49,S16,window,OPEN,bathroom,normal
04-03-2025 10:50,S27,door,CLOSED,backyard,normal
04-03-2025 10:51,S18,camera,IDLE,kitchen,normal
04-03-2025 10:52,S28,camera,TRIGGERED,bathroom,normal
04-03-2025 10:53,S19,camera,TRIGGERED,bedroom,normal
04-03-2025 10:56,S23,glass_break,DETECTED,bathroom,anomaly
04-03-2025 10:58,S37,camera,IDLE,bedroom,normal
04-03-2025 10:59,S13,glass_break,NONE,backyard,normal
04-03-2025 11:00,S37,glass_break,NONE,kitchen,normal
04-03-2025 11:00,S50,motion,ON,front_door,normal
04-03-2025 11:01,S7,glass_break,NONE,bedroom,normal
04-03-2025 11:03,S32,camera,IDLE,garage,normal
04-03-2025 11:04,S50,window,CLOSED,bedroom,normal
04-03-2025 11:05,S1,window,OPEN,living_room,normal
04-03-2025 11:07,S38,temperature,15,bathroom,normal
04-03-2025 11:07,S24,temperature,27,front_door,normal
04-03-2025 11:08,S11,motion,OFF,backyard,normal
04-03-2025 11:11,S22,window,OPEN,garage,normal
04-03-2025 11:12,S30,door,OPEN,backyard,normal
04-03-2025 11:13,S44,door,OPEN,living_room,normal
04-03-2025 11:14,S37,glass_break,DETECTED,kitchen,anomaly
04-03-2025 11:14,S11,camera,TRIGGERED,garage,normal
04-03-2025 11:16,S21,window,OPEN,kitchen,normal
04-03-2025 11:17,S41,camera,IDLE,kitchen,normal
04-03-2025 11:17,S37,glass_break,DETECTED,garage,anomaly
04-03-2025 11:19,S21,motion,OFF,backyard,normal
04-03-2025 11:21,S26,camera,IDLE,garage,normal
04-03-2025 11:22,S26,glass_break,NONE,garage,normal
04-03-2025 11:23,S43,glass_break,DETECTED,backyard,anomaly
04-03-2025 11:24,S44,camera,IDLE,bathroom,normal
04-03-2025 11:26,S23,camera,IDLE,bedroom,normal
04-03-2025 11:29,S49,window,OPEN,kitchen,normal
04-03-2025 11:32,S2,door,CLOSED,kitchen,normal
04-03-2025 11:33,S32,window,CLOSED,bedroom,normal
04-03-2025 11:33,S30,door,OPEN,bathroom,normal
04-03-2025 11:34,S45,glass_break,NONE,front_door,normal
04-03-2025 11:36,S26,motion,OFF,kitchen,normal
04-03-2025 11:38,S12,motion,OFF,garage,normal
04-03-2025 11:38,S3,window,OPEN,bathroom,normal
04-03-2025 11:38,S40,camera,IDLE,garage,normal
04-03-2025 11:39,S43,glass_break,DETECTED,bedroom,anomaly
04-03-2025 11:41,S38,window,CLOSED,garage,normal
04-03-2025 11:41,S8,door,OPEN,backyard,normal
04-03-2025 11:43,S24,temperature,27,bedroom,normal
04-03-2025 11:45,S36,door,OPEN,bedroom,normal
04-03-2025 11:47,S22,glass_break,NONE,living_room,normal
04-03-2025 11:47,S24,door,OPEN,kitchen,normal
04-03-2025 11:48,S44,temperature,17,living_room,normal
04-03-2025 11:49,S40,camera,TRIGGERED,kitchen,normal
04-03-2025 11:49,S36,temperature,21,bathroom,normal
04-03-2025 11:50,S5,motion,ON,living_room,normal
04-03-2025 11:50,S17,window,OPEN,kitchen,normal
04-03-2025 11:51,S22,glass_break,NONE,backyard,normal
04-03-2025 11:52,S49,glass_break,DETECTED,kitchen,anomaly
04-03-2025 11:54,S44,window,OPEN,bedroom,normal
04-03-2025 11:54,S5,window,OPEN,backyard,normal
04-03-2025 11:56,S23,motion,ON,front_door,normal
04-03-2025 12:00,S25,motion,ON,kitchen,normal
04-03-2025 12:00,S10,camera,IDLE,kitchen,normal
04-03-2025 12:00,S36,temperature,28,front_door,normal
04-03-2025 12:00,S15,window,CLOSED,bathroom,normal
04-03-2025 12:01,S14,door,OPEN,bathroom,normal
04-03-2025 12:01,S17,window,CLOSED,garage,normal
04-03-2025 12:01,S25,temperature,27,bathroom,normal
04-03-2025 12:01,S21,window,OPEN,living_room,normal
04-03-2025 12:02,S42,door,OPEN,bedroom,normal
04-03-2025 12:03,S39,door,OPEN,bedroom,normal
04-03-2025 12:04,S37,motion,ON,bathroom,normal
04-03-2025 12:09,S34,glass_break,NONE,bathroom,normal
04-03-2025 12:10,S11,door,OPEN,front_door,normal
04-03-2025 12:10,S23,glass_break,NONE,front_door,normal
04-03-2025 12:14,S10,camera,TRIGGERED,living_room,normal
04-03-2025 12:14,S1,motion,OFF,bathroom,normal
04-03-2025 12:14,S12,motion,ON,living_room,normal
04-03-2025 12:14,S49,motion,OFF,kitchen,normal
04-03-2025 12:15,S21,temperature,18,bedroom,normal
04-03-2025 12:15,S30,motion,ON,bedroom,normal
04-03-2025 12:18,S46,motion,ON,living_room,normal
04-03-2025 12:18,S23,window,CLOSED,garage,normal
04-03-2025 12:18,S6,glass_break,DETECTED,bathroom,anomaly
04-03-2025 12:18,S48,window,OPEN,backyard,normal
04-03-2025 12:20,S43,glass_break,DETECTED,living_room,anomaly
04-03-2025 12:22,S45,camera,IDLE,bedroom,normal
04-03-2025 12:23,S50,glass_break,DETECTED,backyard,anomaly
04-03-2025 12:27,S16,glass_break,NONE,backyard,normal
04-03-2025 12:28,S23,window,CLOSED,living_room,normal
04-03-2025 12:30,S26,camera,TRIGGERED,bathroom,normal
04-03-2025 12:32,S20,camera,IDLE,kitchen,normal
04-03-2025 12:33,S41,motion,OFF,garage,normal
04-03-2025 12:34,S28,door,OPEN,kitchen,normal
04-03-2025 12:35,S31,door,CLOSED,kitchen,normal
04-03-2025 12:36,S48,camera,TRIGGERED,garage,normal
04-03-2025 12:36,S48,motion,ON,living_room,normal
04-03-2025 12:37,S35,glass_break,NONE,bedroom,normal
04-03-2025 12:37,S27,door,OPEN,backyard,normal
04-03-2025 12:38,S18,glass_break,NONE,bathroom,normal
04-03-2025 12:39,S8,window,CLOSED,bathroom,normal
04-03-2025 12:39,S12,window,CLOSED,front_door,normal
04-03-2025 12:40,S23,temperature,25,garage,normal
04-03-2025 12:40,S30,window,OPEN,bathroom,normal
04-03-2025 12:41,S14,door,OPEN,bathroom,normal
04-03-2025 12:41,S28,door,CLOSED,living_room,normal
04-03-2025 12:47,S4,camera,TRIGGERED,front_door,normal
04-03-2025 12:48,S40,temperature,27,backyard,normal
04-03-2025 12:49,S16,camera,TRIGGERED,backyard,normal
04-03-2025 12:50,S29,motion,ON,bathroom,normal
04-03-2025 12:50,S17,camera,IDLE,living_room,normal
04-03-2025 12:51,S27,window,OPEN,living_room,normal
04-03-2025 12:52,S20,door,CLOSED,backyard,normal
04-03-2025 12:52,S17,door,CLOSED,bathroom,normal
04-03-2025 12:56,S26,camera,TRIGGERED,garage,normal
04-03-2025 12:56,S5,glass_break,NONE,kitchen,normal
04-03-2025 12:57,S23,camera,IDLE,garage,normal
04-03-2025 12:57,S39,window,CLOSED,front_door,normal
04-03-2025 12:58,S24,window,CLOSED,living_room,normal
04-03-2025 12:58,S41,motion,OFF,front_door,normal
04-03-2025 12:59,S8,window,CLOSED,kitchen,normal
04-03-2025 13:00,S2,glass_break,NONE,front_door,normal
04-03-2025 13:02,S10,camera,IDLE,backyard,normal
04-03-2025 13:02,S25,door,CLOSED,garage,normal
04-03-2025 13:03,S4,window,CLOSED,living_room,normal
04-03-2025 13:03,S43,door,OPEN,front_door,normal
04-03-2025 13:05,S22,temperature,28,front_door,normal
04-03-2025 13:07,S13,door,CLOSED,garage,normal
04-03-2025 13:09,S37,temperature,22,backyard,normal
04-03-2025 13:11,S5,glass_break,NONE,front_door,normal
04-03-2025 13:11,S1,motion,OFF,bathroom,normal
04-03-2025 13:13,S21,temperature,21,living_room,normal
04-03-2025 13:13,S13,camera,TRIGGERED,living_room,normal
04-03-2025 13:15,S38,camera,IDLE,backyard,normal
04-03-2025 13:20,S29,door,OPEN,garage,normal
04-03-2025 13:20,S29,window,CLOSED,backyard,normal
04-03-2025 13:21,S38,temperature,15,garage,normal
04-03-2025 13:22,S24,window,CLOSED,backyard,normal
04-03-2025 13:23,S40,glass_break,DETECTED,kitchen,anomaly
04-03-2025 13:23,S32,temperature,16,bedroom,normal
04-03-2025 13:23,S28,glass_break,NONE,backyard,normal
04-03-2025 13:24,S9,camera,TRIGGERED,bathroom,normal
04-03-2025 13:26,S19,temperature,18,backyard,normal
04-03-2025 13:27,S21,door,OPEN,bedroom,normal
04-03-2025 13:28,S17,motion,OFF,living_room,normal
04-03-2025 13:28,S10,motion,OFF,front_door,normal
04-03-2025 13:29,S19,glass_break,DETECTED,bedroom,anomaly
04-03-2025 13:30,S36,glass_break,NONE,backyard,normal
04-03-2025 13:31,S26,temperature,30,garage,normal
04-03-2025 13:33,S16,door,OPEN,living_room,normal
04-03-2025 13:34,S38,window,CLOSED,garage,normal
04-03-2025 13:35,S15,window,CLOSED,bathroom,normal
04-03-2025 13:36,S1,window,CLOSED,kitchen,normal
04-03-2025 13:36,S49,camera,TRIGGERED,backyard,normal
04-03-2025 13:38,S3,glass_break,NONE,garage,normal
04-03-2025 13:39,S27,door,OPEN,kitchen,normal
04-03-2025 13:39,S36,window,OPEN,garage,normal
04-03-2025 13:40,S22,glass_break,NONE,bedroom,normal
04-03-2025 13:42,S4,temperature,17,living_room,normal
04-03-2025 13:43,S10,camera,TRIGGERED,kitchen,normal
04-03-2025 13:44,S4,temperature,29,backyard,normal
04-03-2025 13:44,S25,motion,ON,backyard,normal
04-03-2025 13:44,S46,temperature,17,garage,normal
04-03-2025 13:45,S21,window,OPEN,garage,normal
04-03-2025 13:46,S19,temperature,20,kitchen,normal
04-03-2025 13:46,S41,motion,OFF,garage,normal
04-03-2025 13:46,S41,temperature,19,garage,normal
04-03-2025 13:47,S29,motion,ON,garage,normal
04-03-2025 13:48,S38,motion,OFF,front_door,normal
04-03-2025 13:49,S40,door,CLOSED,living_room,normal
04-03-2025 13:49,S49,temperature,20,kitchen,normal
04-03-2025 13:50,S28,camera,TRIGGERED,bedroom,normal
04-03-2025 13:53,S22,temperature,23,bathroom,normal
04-03-2025 13:53,S17,glass_break,NONE,living_room,normal
04-03-2025 13:56,S38,temperature,23,front_door,normal
04-03-2025 13:56,S24,window,CLOSED,kitchen,normal
04-03-2025 13:57,S6,window,CLOSED,bathroom,normal
04-03-2025 13:58,S16,window,OPEN,living_room,normal
04-03-2025 13:58,S35,camera,TRIGGERED,kitchen,normal
04-03-2025 13:59,S15,door,OPEN,garage,normal
04-03-2025 14:00,S17,temperature,15,living_room,normal
04-03-2025 14:00,S41,motion,OFF,bathroom,normal
04-03-2025 14:03,S2,camera,IDLE,backyard,normal
04-03-2025 14:03,S18,door,CLOSED,bedroom,normal
04-03-2025 14:04,S26,temperature,25,front_door,normal
04-03-2025 14:05,S6,door,OPEN,living_room,normal
04-03-2025 14:07,S17,camera,IDLE,front_door,normal
04-03-2025 14:07,S32,motion,ON,garage,normal
04-03-2025 14:08,S44,window,OPEN,front_door,normal
04-03-2025 14:09,S41,temperature,28,backyard,normal
04-03-2025 14:10,S16,temperature,16,kitchen,normal
04-03-2025 14:11,S5,door,OPEN,garage,normal
04-03-2025 14:11,S20,camera,TRIGGERED,kitchen,normal
04-03-2025 14:11,S34,temperature,19,living_room,normal
04-03-2025 14:13,S11,door,CLOSED,bedroom,normal
04-03-2025 14:14,S38,glass_break,NONE,bathroom,normal
04-03-2025 14:14,S3,door,OPEN,living_room,normal
04-03-2025 14:18,S29,temperature,17,garage,normal
04-03-2025 14:18,S7,door,CLOSED,bedroom,normal
04-03-2025 14:18,S10,door,OPEN,front_door,normal
04-03-2025 14:19,S31,motion,OFF,backyard,normal
04-03-2025 14:20,S42,window,CLOSED,living_room,normal
04-03-2025 14:20,S24,window,CLOSED,living_room,normal
04-03-2025 14:20,S38,glass_break,DETECTED,front_door,anomaly
04-03-2025 14:21,S23,camera,IDLE,front_door,normal
04-03-2025 14:21,S6,camera,TRIGGERED,bedroom,normal
04-03-2025 14:23,S35,glass_break,DETECTED,backyard,anomaly
04-03-2025 14:24,S29,camera,TRIGGERED,bedroom,normal
04-03-2025 14:27,S42,camera,TRIGGERED,kitchen,normal
04-03-2025 14:29,S39,window,CLOSED,front_door,normal
04-03-2025 14:32,S1,temperature,20,backyard,normal
04-03-2025 14:33,S36,door,CLOSED,kitchen,normal
04-03-2025 14:36,S6,camera,IDLE,front_door,normal
04-03-2025 14:39,S17,motion,ON,bathroom,normal
04-03-2025 14:39,S25,temperature,22,kitchen,normal
04-03-2025 14:40,S7,motion,OFF,front_door,normal
04-03-2025 14:40,S31,glass_break,DETECTED,living_room,anomaly
04-03-2025 14:41,S43,camera,IDLE,kitchen,normal
04-03-2025 14:42,S28,camera,TRIGGERED,bedroom,normal
04-03-2025 14:43,S11,motion,OFF,kitchen,normal
04-03-2025 14:45,S10,door,CLOSED,garage,normal
04-03-2025 14:46,S6,window,OPEN,bathroom,normal
04-03-2025 14:47,S28,camera,TRIGGERED,bathroom,normal
04-03-2025 14:48,S41,camera,TRIGGERED,backyard,normal
04-03-2025 14:51,S37,camera,TRIGGERED,backyard,normal
04-03-2025 14:52,S47,window,CLOSED,kitchen,normal
04-03-2025 14:52,S16,window,OPEN,backyard,normal
04-03-2025 14:52,S24,door,CLOSED,living_room,normal
04-03-2025 14:52,S25,motion,ON,kitchen,normal
04-03-2025 14:53,S20,temperature,19,bedroom,normal
04-03-2025 14:54,S47,window,OPEN,backyard,normal
04-03-2025 14:55,S32,door,OPEN,living_room,normal
04-03-2025 14:55,S30,glass_break,NONE,bathroom,normal
04-03-2025 14:55,S50,glass_break,NONE,kitchen,normal
04-03-2025 14:56,S47,window,OPEN,bathroom,normal
04-03-2025 14:57,S21,motion,OFF,kitchen,normal
04-03-2025 14:58,S11,door,CLOSED,front_door,normal
04-03-2025 14:59,S24,door,OPEN,front_door,normal
04-03-2025 14:59,S1,glass_break,NONE,bedroom,normal
04-03-2025 15:00,S30,camera,IDLE,bedroom,normal
04-03-2025 15:01,S16,camera,TRIGGERED,bathroom,normal
04-03-2025 15:01,S13,camera,TRIGGERED,kitchen,normal
04-03-2025 15:01,S35,window,OPEN,living_room,normal
04-03-2025 15:02,S50,motion,OFF,backyard,normal
04-03-2025 15:02,S44,glass_break,DETECTED,front_door,anomaly
04-03-2025 15:03,S24,temperature,19,bedroom,normal
04-03-2025 15:03,S44,glass_break,DETECTED,kitchen,anomaly
04-03-2025 15:03,S48,motion,OFF,living_room,normal
04-03-2025 15:03,S47,window,OPEN,garage,normal
04-03-2025 15:05,S14,door,CLOSED,living_room,normal
04-03-2025 15:06,S18,door,CLOSED,living_room,normal
04-03-2025 15:07,S9,window,OPEN,bathroom,normal
04-03-2025 15:07,S25,motion,OFF,bedroom,normal
04-03-2025 15:07,S40,door,CLOSED,living_room,normal
04-03-2025 15:08,S35,temperature,24,living_room,normal
04-03-2025 15:08,S49,motion,OFF,backyard,normal
04-03-2025 15:11,S2,camera,IDLE,bedroom,normal
04-03-2025 15:11,S21,window,CLOSED,kitchen,normal
04-03-2025 15:12,S24,motion,ON,bathroom,normal
04-03-2025 15:12,S43,glass_break,DETECTED,kitchen,anomaly
04-03-2025 15:14,S15,window,OPEN,backyard,normal
04-03-2025 15:14,S15,motion,OFF,bedroom,normal
04-03-2025 15:15,S19,motion,OFF,garage,normal
04-03-2025 15:15,S34,door,OPEN,living_room,normal
04-03-2025 15:15,S14,window,OPEN,garage,normal
04-03-2025 15:16,S43,motion,OFF,garage,normal
04-03-2025 15:17,S49,door,OPEN,bathroom,normal
04-03-2025 15:19,S44,window,OPEN,front_door,normal
04-03-2025 15:21,S13,glass_break,NONE,garage,normal
04-03-2025 15:23,S9,camera,TRIGGERED,garage,normal
04-03-2025 15:24,S49,temperature,15,garage,normal
04-03-2025 15:25,S29,glass_break,DETECTED,front_door,anomaly
04-03-2025 15:27,S4,temperature,29,backyard,normal
04-03-2025 15:28,S24,camera,IDLE,bedroom,normal
04-03-2025 15:29,S27,door,CLOSED,kitchen,normal
04-03-2025 15:30,S42,temperature,26,backyard,normal
04-03-2025 15:33,S26,window,OPEN,living_room,normal
04-03-2025 15:33,S23,motion,OFF,bedroom,normal
04-03-2025 15:34,S22,temperature,27,bathroom,normal
04-03-2025 15:37,S34,door,OPEN,bedroom,normal
04-03-2025 15:37,S15,motion,ON,backyard,normal
04-03-2025 15:38,S2,door,OPEN,bedroom,normal
04-03-2025 15:39,S43,camera,TRIGGERED,bedroom,normal
04-03-2025 15:39,S43,window,OPEN,bathroom,normal
04-03-2025 15:39,S49,door,CLOSED,bedroom,normal
04-03-2025 15:44,S15,glass_break,DETECTED,bathroom,anomaly
04-03-2025 15:44,S27,motion,ON,living_room,normal
04-03-2025 15:44,S10,temperature,29,backyard,normal
04-03-2025 15:45,S31,temperature,16,backyard,normal
04-03-2025 15:45,S18,camera,TRIGGERED,backyard,normal
04-03-2025 15:46,S26,glass_break,NONE,kitchen,normal
04-03-2025 15:48,S47,motion,OFF,front_door,normal
04-03-2025 15:48,S25,camera,TRIGGERED,living_room,normal
04-03-2025 15:49,S21,glass_break,DETECTED,living_room,anomaly
04-03-2025 15:50,S25,temperature,29,bedroom,normal
04-03-2025 15:50,S46,window,OPEN,kitchen,normal
04-03-2025 15:50,S35,window,OPEN,garage,normal
04-03-2025 15:50,S16,camera,TRIGGERED,bathroom,normal
04-03-2025 15:51,S2,motion,ON,bathroom,normal
04-03-2025 15:51,S15,temperature,15,front_door,normal
04-03-2025 15:51,S43,camera,TRIGGERED,bedroom,normal
04-03-2025 15:52,S31,door,CLOSED,kitchen,normal
04-03-2025 15:57,S43,motion,ON,front_door,normal
04-03-2025 15:57,S25,window,OPEN,living_room,normal
04-03-2025 15:58,S36,window,CLOSED,bedroom,normal
04-03-2025 15:59,S35,temperature,24,bedroom,normal
04-03-2025 16:00,S14,window,OPEN,front_door,normal
04-03-2025 16:00,S13,glass_break,NONE,bathroom,normal
04-03-2025 16:01,S25,window,CLOSED,kitchen,normal
04-03-2025 16:02,S48,camera,IDLE,kitchen,normal
04-03-2025 16:02,S11,door,OPEN,bathroom,normal
04-03-2025 16:07,S23,door,OPEN,bathroom,normal
04-03-2025 16:07,S42,motion,ON,kitchen,normal
04-03-2025 16:08,S8,camera,IDLE,living_room,normal
04-03-2025 16:10,S2,temperature,22,bedroom,normal
04-03-2025 16:10,S48,door,OPEN,garage,normal
04-03-2025 16:10,S31,door,CLOSED,kitchen,normal
04-03-2025 16:11,S39,door,OPEN,backyard,normal
04-03-2025 16:11,S21,motion,OFF,kitchen,normal
04-03-2025 16:13,S5,camera,IDLE,bathroom,normal
04-03-2025 16:13,S3,door,OPEN,garage,normal
04-03-2025 16:14,S3,temperature,29,bedroom,normal
04-03-2025 16:17,S28,door,OPEN,bathroom,normal
04-03-2025 16:17,S49,glass_break,NONE,backyard,normal
04-03-2025 16:17,S30,door,OPEN,kitchen,normal
04-03-2025 16:18,S22,temperature,30,garage,normal
04-03-2025 16:20,S20,temperature,28,bathroom,normal
04-03-2025 16:20,S50,window,OPEN,living_room,normal
04-03-2025 16:22,S29,window,OPEN,bedroom,normal
04-03-2025 16:23,S50,door,OPEN,kitchen,normal
04-03-2025 16:24,S19,glass_break,DETECTED,garage,anomaly
04-03-2025 16:25,S16,door,CLOSED,living_room,normal
04-03-2025 16:26,S31,glass_break,DETECTED,garage,anomaly
04-03-2025 16:27,S7,motion,OFF,kitchen,normal
04-03-2025 16:28,S2,temperature,19,kitchen,normal
04-03-2025 16:28,S41,window,CLOSED,kitchen,normal
04-03-2025 16:29,S33,temperature,16,bathroom,normal
04-03-2025 16:29,S34,motion,ON,garage,normal
04-03-2025 16:29,S49,motion,OFF,backyard,normal
04-03-2025 16:29,S22,door,CLOSED,backyard,normal
04-03-2025 16:30,S41,window,OPEN,bedroom,normal
04-03-2025 16:31,S17,temperature,29,bedroom,normal
04-03-2025 16:31,S1,temperature,26,living_room,normal
04-03-2025 16:33,S17,motion,OFF,backyard,normal
04-03-2025 16:37,S46,motion,ON,living_room,normal
04-03-2025 16:38,S38,camera,TRIGGERED,living_room,normal
04-03-2025 16:39,S10,motion,OFF,backyard,normal
04-03-2025 16:40,S7,camera,TRIGGERED,bathroom,normal
04-03-2025 16:40,S31,temperature,24,garage,normal
04-03-2025 16:42,S5,motion,ON,backyard,normal
04-03-2025 16:44,S29,window,OPEN,living_room,normal
04-03-2025 16:46,S39,glass_break,NONE,living_room,normal
04-03-2025 16:46,S13,window,OPEN,garage,normal
04-03-2025 16:46,S5,camera,IDLE,kitchen,normal
04-03-2025 16:48,S33,glass_break,DETECTED,living_room,anomaly
04-03-2025 16:48,S16,motion,OFF,front_door,normal
04-03-2025 16:49,S8,temperature,28,bedroom,normal
04-03-2025 16:49,S1,temperature,29,garage,normal
04-03-2025 16:51,S9,glass_break,DETECTED,backyard,anomaly
04-03-2025 16:51,S44,window,OPEN,bathroom,normal
04-03-2025 16:52,S49,window,CLOSED,front_door,normal
04-03-2025 16:53,S37,temperature,24,bathroom,normal
04-03-2025 16:54,S38,door,OPEN,kitchen,normal
04-03-2025 16:55,S38,temperature,15,front_door,normal
04-03-2025 16:56,S30,camera,IDLE,bedroom,normal
04-03-2025 16:57,S44,temperature,21,bedroom,normal
04-03-2025 16:57,S24,temperature,25,bathroom,normal
04-03-2025 17:00,S8,motion,ON,bathroom,normal
04-03-2025 17:01,S37,camera,IDLE,living_room,normal
04-03-2025 17:01,S4,door,CLOSED,kitchen,normal
04-03-2025 17:02,S50,camera,IDLE,living_room,normal
04-03-2025 17:04,S36,camera,IDLE,bedroom,normal
04-03-2025 17:05,S44,glass_break,NONE,kitchen,normal
04-03-2025 17:07,S11,temperature,21,front_door,normal
04-03-2025 17:08,S15,door,OPEN,bathroom,normal
04-03-2025 17:09,S39,temperature,24,garage,normal
04-03-2025 17:10,S31,temperature,22,bathroom,normal
04-03-2025 17:10,S7,camera,TRIGGERED,bedroom,normal
04-03-2025 17:11,S24,glass_break,NONE,backyard,normal
04-03-2025 17:13,S34,camera,IDLE,bathroom,normal
04-03-2025 17:13,S5,temperature,16,backyard,normal
04-03-2025 17:13,S36,camera,IDLE,front_door,normal
04-03-2025 17:14,S14,window,OPEN,front_door,normal
04-03-2025 17:14,S20,temperature,27,living_room,normal
04-03-2025 17:15,S41,motion,OFF,backyard,normal
04-03-2025 17:18,S46,motion,ON,kitchen,normal
04-03-2025 17:20,S22,window,CLOSED,garage,normal
04-03-2025 17:20,S16,glass_break,DETECTED,kitchen,anomaly
04-03-2025 17:20,S16,motion,OFF,living_room,normal
04-03-2025 17:21,S33,temperature,15,front_door,normal
04-03-2025 17:21,S5,camera,IDLE,bedroom,normal
04-03-2025 17:22,S5,glass_break,DETECTED,living_room,anomaly
04-03-2025 17:23,S16,glass_break,NONE,living_room,normal
04-03-2025 17:24,S12,motion,OFF,front_door,normal
04-03-2025 17:25,S47,temperature,21,backyard,normal
04-03-2025 17:27,S30,temperature,19,garage,normal
04-03-2025 17:27,S50,camera,IDLE,front_door,normal
04-03-2025 17:32,S38,window,OPEN,backyard,normal
04-03-2025 17:34,S6,motion,ON,bathroom,normal
04-03-2025 17:34,S25,window,OPEN,garage,normal
04-03-2025 17:39,S32,glass_break,NONE,living_room,normal
04-03-2025 17:39,S14,glass_break,NONE,garage,normal
04-03-2025 17:40,S42,camera,TRIGGERED,kitchen,normal
04-03-2025 17:43,S28,temperature,15,bedroom,normal
04-03-2025 17:44,S22,motion,ON,bedroom,normal
04-03-2025 17:44,S26,glass_break,NONE,backyard,normal
04-03-2025 17:45,S9,temperature,24,living_room,normal
04-03-2025 17:45,S27,door,CLOSED,bedroom,normal
04-03-2025 17:48,S35,camera,IDLE,bathroom,normal
04-03-2025 17:49,S16,glass_break,NONE,living_room,normal
04-03-2025 17:49,S27,camera,TRIGGERED,garage,normal
04-03-2025 17:51,S27,camera,TRIGGERED,living_room,normal
04-03-2025 17:52,S22,camera,IDLE,kitchen,normal
04-03-2025 17:53,S49,window,OPEN,kitchen,normal
04-03-2025 17:58,S19,motion,OFF,bathroom,normal
04-03-2025 17:58,S43,glass_break,NONE,bathroom,normal
04-03-2025 17:59,S21,door,CLOSED,garage,normal
04-03-2025 17:59,S24,window,CLOSED,bedroom,normal
04-03-2025 18:03,S6,window,CLOSED,garage,normal
04-03-2025 18:04,S1,camera,TRIGGERED,bedroom,normal
04-03-2025 18:04,S14,temperature,25,backyard,normal
04-03-2025 18:06,S45,door,CLOSED,garage,normal
04-03-2025 18:08,S25,door,OPEN,bedroom,normal
04-03-2025 18:09,S6,temperature,20,backyard,normal
04-03-2025 18:10,S27,glass_break,NONE,living_room,normal
04-03-2025 18:10,S16,temperature,26,bathroom,normal
04-03-2025 18:11,S42,camera,IDLE,living_room,normal
04-03-2025 18:11,S8,motion,OFF,backyard,normal
04-03-2025 18:12,S13,camera,IDLE,garage,normal
04-03-2025 18:12,S34,camera,IDLE,bathroom,normal
04-03-2025 18:13,S13,motion,OFF,living_room,normal
04-03-2025 18:16,S17,motion,ON,bedroom,normal
04-03-2025 18:17,S10,camera,IDLE,living_room,normal
04-03-2025 18:17,S15,window,OPEN,bedroom,normal
04-03-2025 18:19,S26,camera,TRIGGERED,living_room,normal
04-03-2025 18:20,S19,window,OPEN,bedroom,normal
04-03-2025 18:21,S12,door,OPEN,front_door,normal
04-03-2025 18:22,S34,motion,OFF,front_door,normal
04-03-2025 18:23,S39,temperature,21,living_room,normal
04-03-2025 18:24,S26,door,CLOSED,backyard,normal
04-03-2025 18:27,S8,camera,IDLE,backyard,normal
04-03-2025 18:28,S5,camera,TRIGGERED,living_room,normal
04-03-2025 18:31,S35,temperature,27,front_door,normal
04-03-2025 18:31,S8,glass_break,DETECTED,living_room,anomaly
04-03-2025 18:31,S12,window,CLOSED,bathroom,normal
04-03-2025 18:32,S36,camera,TRIGGERED,bathroom,normal
04-03-2025 18:32,S40,window,CLOSED,front_door,normal
04-03-2025 18:33,S17,camera,IDLE,garage,normal
04-03-2025 18:34,S9,glass_break,NONE,bathroom,normal
04-03-2025 18:34,S49,door,OPEN,living_room,normal
04-03-2025 18:35,S21,camera,TRIGGERED,kitchen,normal
04-03-2025 18:35,S49,temperature,24,garage,normal
04-03-2025 18:37,S34,glass_break,DETECTED,backyard,anomaly
04-03-2025 18:37,S28,door,CLOSED,front_door,normal
04-03-2025 18:37,S29,window,OPEN,garage,normal
04-03-2025 18:40,S3,glass_break,NONE,bathroom,normal
04-03-2025 18:40,S21,camera,TRIGGERED,bathroom,normal
04-03-2025 18:43,S46,glass_break,NONE,kitchen,normal
04-03-2025 18:43,S20,temperature,28,bathroom,normal
04-03-2025 18:44,S16,window,CLOSED,bedroom,normal
04-03-2025 18:44,S19,motion,OFF,garage,normal
04-03-2025 18:46,S34,motion,OFF,front_door,normal
04-03-2025 18:46,S50,motion,ON,living_room,normal
04-03-2025 18:46,S11,window,OPEN,garage,normal
04-03-2025 18:46,S6,camera,IDLE,front_door,normal
04-03-2025 18:46,S43,motion,OFF,backyard,normal
04-03-2025 18:47,S16,temperature,23,garage,normal
04-03-2025 18:48,S25,glass_break,DETECTED,living_room,anomaly
04-03-2025 18:48,S38,motion,OFF,garage,normal
04-03-2025 18:48,S34,door,OPEN,bedroom,normal
04-03-2025 18:50,S26,glass_break,DETECTED,bedroom,anomaly
04-03-2025 18:52,S5,window,OPEN,living_room,normal
04-03-2025 18:54,S3,temperature,19,bedroom,normal
04-03-2025 18:56,S46,temperature,18,living_room,normal
04-03-2025 18:56,S41,window,CLOSED,kitchen,normal
04-03-2025 18:59,S7,door,CLOSED,bedroom,normal
04-03-2025 19:00,S34,temperature,28,front_door,normal
04-03-2025 19:00,S35,camera,TRIGGERED,bathroom,normal
04-03-2025 19:02,S38,glass_break,NONE,garage,normal
04-03-2025 19:03,S45,camera,IDLE,kitchen,normal
04-03-2025 19:03,S33,motion,OFF,garage,normal
04-03-2025 19:04,S18,door,CLOSED,living_room,normal
04-03-2025 19:07,S25,glass_break,NONE,garage,normal
04-03-2025 19:07,S36,temperature,15,bathroom,normal
04-03-2025 19:08,S37,motion,ON,bedroom,normal
04-03-2025 19:09,S45,door,OPEN,living_room,normal
04-03-2025 19:09,S40,window,OPEN,living_room,normal
04-03-2025 19:09,S28,motion,ON,garage,normal
04-03-2025 19:09,S31,camera,TRIGGERED,kitchen,normal
04-03-2025 19:10,S48,glass_break,NONE,kitchen,normal
04-03-2025 19:11,S30,temperature,30,bedroom,normal
04-03-2025 19:11,S19,camera,TRIGGERED,living_room,normal
04-03-2025 19:12,S18,motion,OFF,living_room,normal
04-03-2025 19:13,S20,camera,TRIGGERED,bathroom,normal
04-03-2025 19:13,S3,window,CLOSED,garage,normal
04-03-2025 19:14,S4,glass_break,DETECTED,front_door,anomaly
04-03-2025 19:14,S1,temperature,18,kitchen,normal
04-03-2025 19:14,S46,motion,OFF,backyard,normal
04-03-2025 19:16,S5,motion,OFF,bedroom,normal
04-03-2025 19:16,S3,motion,ON,kitchen,normal
04-03-2025 19:17,S41,camera,IDLE,living_room,normal
04-03-2025 19:17,S50,temperature,25,bedroom,normal
04-03-2025 19:20,S12,window,CLOSED,kitchen,normal
04-03-2025 19:22,S50,glass_break,NONE,living_room,normal
04-03-2025 19:22,S30,glass_break,NONE,bathroom,normal
04-03-2025 19:23,S22,temperature,17,bedroom,normal
04-03-2025 19:24,S33,motion,OFF,living_room,normal
04-03-2025 19:25,S26,camera,TRIGGERED,living_room,normal
04-03-2025 19:25,S46,glass_break,DETECTED,front_door,anomaly
04-03-2025 19:25,S34,temperature,15,kitchen,normal
04-03-2025 19:26,S19,motion,ON,garage,normal
04-03-2025 19:26,S39,motion,ON,garage,normal
04-03-2025 19:28,S50,motion,OFF,bedroom,normal
04-03-2025 19:28,S36,door,CLOSED,kitchen,normal
04-03-2025 19:28,S10,window,CLOSED,front_door,normal
04-03-2025 19:32,S12,motion,ON,bedroom,normal
04-03-2025 19:32,S20,door,OPEN,garage,normal
04-03-2025 19:32,S45,glass_break,DETECTED,backyard,anomaly
04-03-2025 19:34,S33,door,OPEN,front_door,normal
04-03-2025 19:35,S40,door,OPEN,garage,normal
04-03-2025 19:35,S37,temperature,17,front_door,normal
04-03-2025 19:35,S2,window,OPEN,front_door,normal
04-03-2025 19:37,S26,temperature,15,backyard,normal
04-03-2025 19:37,S35,camera,TRIGGERED,kitchen,normal
04-03-2025 19:39,S19,camera,IDLE,bedroom,normal
04-03-2025 19:42,S37,temperature,17,backyard,normal
04-03-2025 19:42,S32,temperature,23,bedroom,normal
04-03-2025 19:42,S16,camera,TRIGGERED,backyard,normal
04-03-2025 19:47,S38,glass_break,NONE,garage,normal
04-03-2025 19:47,S3,window,CLOSED,front_door,normal
04-03-2025 19:48,S40,motion,ON,backyard,normal
04-03-2025 19:48,S27,temperature,16,backyard,normal
04-03-2025 19:49,S21,camera,IDLE,front_door,normal
04-03-2025 19:50,S9,glass_break,NONE,bedroom,normal
04-03-2025 19:50,S24,glass_break,NONE,kitchen,normal
04-03-2025 19:51,S35,glass_break,DETECTED,backyard,anomaly
04-03-2025 19:52,S7,glass_break,DETECTED,garage,anomaly
04-03-2025 19:53,S27,glass_break,NONE,backyard,normal
04-03-2025 19:54,S29,door,CLOSED,bathroom,normal
04-03-2025 19:55,S47,motion,ON,living_room,normal
04-03-2025 19:59,S7,glass_break,NONE,garage,normal
04-03-2025 20:03,S49,glass_break,NONE,garage,normal
04-03-2025 20:04,S29,camera,TRIGGERED,backyard,normal
04-03-2025 20:05,S28,window,CLOSED,garage,normal
04-03-2025 20:05,S46,motion,ON,bathroom,normal
04-03-2025 20:05,S27,motion,ON,living_room,normal
04-03-2025 20:06,S27,motion,OFF,kitchen,normal
04-03-2025 20:07,S11,temperature,23,garage,normal
04-03-2025 20:07,S45,door,CLOSED,backyard,normal
04-03-2025 20:07,S41,door,CLOSED,living_room,normal
04-03-2025 20:08,S43,temperature,15,living_room,normal
04-03-2025 20:11,S43,door,OPEN,backyard,normal
04-03-2025 20:12,S25,glass_break,DETECTED,garage,anomaly
04-03-2025 20:13,S31,window,CLOSED,front_door,normal
04-03-2025 20:14,S32,glass_break,NONE,bathroom,normal
04-03-2025 20:16,S44,camera,IDLE,backyard,normal
04-03-2025 20:17,S41,temperature,21,backyard,normal
04-03-2025 20:17,S32,motion,ON,backyard,normal
04-03-2025 20:19,S4,temperature,22,front_door,normal
04-03-2025 20:22,S11,window,OPEN,bathroom,normal
04-03-2025 20:22,S27,temperature,28,bathroom,normal
04-03-2025 20:24,S26,window,CLOSED,living_room,normal
04-03-2025 20:25,S12,motion,OFF,backyard,normal
04-03-2025 20:26,S11,window,CLOSED,garage,normal
04-03-2025 20:27,S41,door,CLOSED,garage,normal
04-03-2025 20:28,S7,motion,ON,backyard,normal
04-03-2025 20:30,S10,window,CLOSED,bathroom,normal
04-03-2025 20:30,S19,door,CLOSED,bedroom,normal
04-03-2025 20:31,S42,glass_break,NONE,front_door,normal
04-03-2025 20:32,S8,window,CLOSED,bathroom,normal
04-03-2025 20:36,S10,door,CLOSED,front_door,normal
04-03-2025 20:37,S15,camera,IDLE,bedroom,normal
04-03-2025 20:37,S16,door,CLOSED,living_room,normal
04-03-2025 20:39,S23,window,CLOSED,bedroom,normal
04-03-2025 20:40,S25,glass_break,DETECTED,backyard,anomaly
04-03-2025 20:40,S28,glass_break,DETECTED,bedroom,anomaly
04-03-2025 20:41,S44,door,OPEN,backyard,normal
04-03-2025 20:43,S27,window,OPEN,bedroom,normal
04-03-2025 20:44,S50,motion,ON,backyard,normal
04-03-2025 20:44,S50,temperature,16,front_door,normal
04-03-2025 20:44,S40,window,OPEN,bedroom,normal
04-03-2025 20:44,S43,door,OPEN,garage,normal
04-03-2025 20:44,S42,window,OPEN,garage,normal
04-03-2025 20:44,S4,window,OPEN,front_door,normal
04-03-2025 20:46,S41,motion,OFF,bedroom,normal
04-03-2025 20:48,S32,temperature,20,kitchen,normal
04-03-2025 20:48,S43,temperature,17,bathroom,normal
04-03-2025 20:48,S12,motion,OFF,living_room,normal
04-03-2025 20:48,S32,door,CLOSED,bathroom,normal
04-03-2025 20:48,S6,camera,TRIGGERED,bedroom,normal
04-03-2025 20:50,S12,glass_break,NONE,backyard,normal
04-03-2025 20:51,S22,motion,ON,kitchen,normal
04-03-2025 20:52,S12,motion,OFF,bedroom,normal
04-03-2025 20:56,S15,glass_break,NONE,bedroom,normal
04-03-2025 20:56,S20,door,CLOSED,living_room,normal
04-03-2025 20:56,S25,motion,ON,bathroom,normal
04-03-2025 20:56,S35,motion,OFF,kitchen,normal
04-03-2025 20:59,S22,camera,TRIGGERED,bathroom,normal
04-03-2025 21:00,S10,window,CLOSED,bedroom,normal
04-03-2025 21:01,S38,motion,OFF,garage,normal
04-03-2025 21:02,S20,camera,TRIGGERED,kitchen,normal
04-03-2025 21:02,S12,temperature,19,kitchen,normal
04-03-2025 21:02,S41,window,OPEN,kitchen,normal
04-03-2025 21:03,S28,temperature,25,garage,normal
04-03-2025 21:03,S12,glass_break,NONE,kitchen,normal
04-03-2025 21:03,S32,motion,ON,living_room,normal
04-03-2025 21:04,S8,door,CLOSED,bedroom,normal
04-03-2025 21:04,S49,window,CLOSED,living_room,normal
04-03-2025 21:04,S17,glass_break,NONE,backyard,normal
04-03-2025 21:06,S14,glass_break,DETECTED,backyard,anomaly
04-03-2025 21:07,S13,motion,ON,bedroom,normal
04-03-2025 21:08,S45,motion,ON,bathroom,normal
04-03-2025 21:08,S40,camera,IDLE,living_room,normal
04-03-2025 21:09,S46,glass_break,NONE,bathroom,normal
04-03-2025 21:09,S29,door,OPEN,kitchen,normal
04-03-2025 21:10,S24,camera,TRIGGERED,backyard,normal
04-03-2025 21:14,S39,door,OPEN,kitchen,normal
04-03-2025 21:14,S6,door,OPEN,front_door,normal
04-03-2025 21:14,S23,window,OPEN,garage,normal
04-03-2025 21:15,S46,camera,IDLE,garage,normal
04-03-2025 21:16,S5,glass_break,DETECTED,kitchen,anomaly
04-03-2025 21:17,S4,glass_break,DETECTED,garage,anomaly
04-03-2025 21:17,S42,camera,IDLE,front_door,normal
04-03-2025 21:19,S34,door,OPEN,front_door,normal
04-03-2025 21:21,S2,glass_break,DETECTED,garage,anomaly
04-03-2025 21:21,S17,temperature,18,garage,normal
04-03-2025 21:22,S37,door,CLOSED,living_room,normal
04-03-2025 21:22,S43,window,CLOSED,front_door,normal
04-03-2025 21:22,S29,door,OPEN,front_door,normal
04-03-2025 21:22,S21,door,OPEN,front_door,normal
04-03-2025 21:23,S3,glass_break,NONE,garage,normal
04-03-2025 21:24,S12,motion,ON,front_door,normal
04-03-2025 21:24,S19,motion,OFF,front_door,normal
04-03-2025 21:26,S5,window,OPEN,backyard,normal
04-03-2025 21:27,S34,window,CLOSED,kitchen,normal
04-03-2025 21:28,S10,motion,ON,front_door,normal
04-03-2025 21:28,S28,camera,TRIGGERED,bedroom,normal
04-03-2025 21:29,S38,window,OPEN,bathroom,normal
04-03-2025 21:29,S43,motion,OFF,front_door,normal
04-03-2025 21:29,S23,door,CLOSED,bedroom,normal
04-03-2025 21:30,S9,motion,ON,living_room,normal
04-03-2025 21:31,S35,window,CLOSED,front_door,normal
04-03-2025 21:32,S9,camera,IDLE,front_door,normal
04-03-2025 21:32,S29,temperature,28,garage,normal
04-03-2025 21:32,S3,glass_break,NONE,backyard,normal
04-03-2025 21:32,S34,glass_break,DETECTED,living_room,anomaly
04-03-2025 21:34,S2,glass_break,DETECTED,backyard,anomaly
04-03-2025 21:34,S28,motion,ON,backyard,normal
04-03-2025 21:35,S7,motion,OFF,living_room,normal
04-03-2025 21:35,S39,temperature,18,backyard,normal
04-03-2025 21:37,S5,motion,OFF,bathroom,normal
04-03-2025 21:37,S44,window,CLOSED,backyard,normal
04-03-2025 21:38,S30,glass_break,DETECTED,kitchen,anomaly
04-03-2025 21:38,S46,temperature,15,living_room,normal
04-03-2025 21:38,S39,motion,ON,front_door,normal
04-03-2025 21:38,S48,window,OPEN,front_door,normal
04-03-2025 21:39,S32,camera,IDLE,bedroom,normal
04-03-2025 21:39,S19,window,OPEN,kitchen,normal
04-03-2025 21:40,S32,glass_break,DETECTED,garage,anomaly
04-03-2025 21:41,S33,motion,OFF,kitchen,normal
04-03-2025 21:41,S48,temperature,16,backyard,normal
04-03-2025 21:41,S34,camera,IDLE,bathroom,normal
04-03-2025 21:42,S28,motion,ON,garage,normal
04-03-2025 21:42,S40,temperature,29,backyard,normal
04-03-2025 21:42,S23,camera,TRIGGERED,garage,normal
04-03-2025 21:43,S42,camera,IDLE,living_room,normal
04-03-2025 21:44,S24,glass_break,DETECTED,front_door,anomaly
04-03-2025 21:45,S40,window,OPEN,living_room,normal
04-03-2025 21:47,S23,door,CLOSED,bedroom,normal
04-03-2025 21:48,S6,door,OPEN,backyard,normal
04-03-2025 21:48,S35,motion,ON,bedroom,normal
04-03-2025 21:48,S33,temperature,18,garage,normal
04-03-2025 21:48,S48,motion,OFF,garage,normal
04-03-2025 21:50,S43,window,CLOSED,front_door,normal
04-03-2025 21:50,S49,window,OPEN,garage,normal
04-03-2025 21:51,S31,window,OPEN,front_door,normal
04-03-2025 21:53,S7,temperature,16,backyard,normal
04-03-2025 21:55,S8,temperature,16,living_room,normal
04-03-2025 21:56,S8,camera,TRIGGERED,living_room,normal
04-03-2025 21:58,S36,window,CLOSED,kitchen,normal
04-03-2025 22:00,S31,door,OPEN,bedroom,normal
04-03-2025 22:00,S11,camera,TRIGGERED,backyard,normal
04-03-2025 22:01,S36,door,OPEN,living_room,normal
04-03-2025 22:02,S30,motion,OFF,front_door,normal
04-03-2025 22:03,S27,door,CLOSED,bedroom,normal
04-03-2025 22:03,S39,temperature,26,living_room,normal
04-03-2025 22:04,S13,window,CLOSED,bathroom,normal
04-03-2025 22:04,S5,temperature,18,living_room,normal
04-03-2025 22:04,S23,camera,IDLE,living_room,normal
04-03-2025 22:05,S43,glass_break,DETECTED,living_room,anomaly
04-03-2025 22:05,S24,window,OPEN,bedroom,normal
04-03-2025 22:06,S21,camera,IDLE,backyard,normal
04-03-2025 22:06,S3,motion,ON,garage,normal
04-03-2025 22:09,S11,camera,IDLE,kitchen,normal
04-03-2025 22:09,S42,motion,ON,kitchen,normal
04-03-2025 22:09,S13,window,CLOSED,garage,normal
04-03-2025 22:10,S37,window,CLOSED,backyard,normal
04-03-2025 22:14,S29,camera,IDLE,garage,normal
04-03-2025 22:14,S16,door,OPEN,backyard,normal
04-03-2025 22:18,S45,motion,ON,living_room,normal
04-03-2025 22:18,S31,window,OPEN,bedroom,normal
04-03-2025 22:21,S33,glass_break,NONE,backyard,normal
04-03-2025 22:21,S1,temperature,23,bedroom,normal
04-03-2025 22:24,S2,window,CLOSED,kitchen,normal
04-03-2025 22:24,S19,window,OPEN,bathroom,normal
04-03-2025 22:24,S1,temperature,25,front_door,normal
04-03-2025 22:26,S34,window,OPEN,living_room,normal
04-03-2025 22:26,S32,door,OPEN,front_door,normal
04-03-2025 22:26,S35,window,CLOSED,bathroom,normal
04-03-2025 22:28,S37,motion,ON,living_room,normal
04-03-2025 22:28,S9,door,CLOSED,bathroom,normal
04-03-2025 22:29,S14,camera,IDLE,living_room,normal
04-03-2025 22:29,S28,door,OPEN,bedroom,normal
04-03-2025 22:29,S36,motion,OFF,bathroom,normal
04-03-2025 22:29,S9,window,CLOSED,backyard,normal
04-03-2025 22:30,S33,glass_break,NONE,kitchen,normal
04-03-2025 22:31,S39,camera,IDLE,bathroom,normal
04-03-2025 22:31,S31,camera,TRIGGERED,backyard,normal
04-03-2025 22:34,S50,glass_break,DETECTED,bedroom,anomaly
04-03-2025 22:36,S10,door,OPEN,bathroom,normal
04-03-2025 22:38,S3,glass_break,DETECTED,bedroom,anomaly
04-03-2025 22:41,S4,door,CLOSED,backyard,normal
04-03-2025 22:42,S36,motion,ON,garage,normal
04-03-2025 22:43,S18,window,CLOSED,bathroom,normal
04-03-2025 22:44,S48,motion,ON,front_door,normal
04-03-2025 22:46,S47,door,CLOSED,bathroom,normal
04-03-2025 22:47,S2,temperature,22,backyard,normal
04-03-2025 22:48,S43,window,CLOSED,living_room,normal
04-03-2025 22:52,S45,temperature,30,bathroom,normal
04-03-2025 22:52,S40,camera,IDLE,bedroom,normal
04-03-2025 22:53,S36,glass_break,NONE,living_room,normal
04-03-2025 22:53,S7,camera,TRIGGERED,garage,normal
04-03-2025 22:53,S4,window,OPEN,bathroom,normal
04-03-2025 22:56,S27,motion,OFF,bedroom,normal
04-03-2025 23:00,S22,temperature,27,front_door,normal
04-03-2025 23:01,S38,camera,IDLE,bathroom,normal
04-03-2025 23:01,S29,window,CLOSED,bedroom,normal
04-03-2025 23:02,S11,motion,ON,garage,anomaly
04-03-2025 23:02,S27,temperature,21,front_door,normal
04-03-2025 23:03,S45,glass_break,NONE,living_room,normal
04-03-2025 23:03,S11,camera,TRIGGERED,backyard,normal
04-03-2025 23:03,S43,window,CLOSED,backyard,normal
04-03-2025 23:03,S43,temperature,23,living_room,normal
04-03-2025 23:05,S37,glass_break,NONE,garage,normal
04-03-2025 23:08,S31,door,CLOSED,kitchen,normal
04-03-2025 23:08,S6,motion,ON,living_room,anomaly
04-03-2025 23:09,S42,glass_break,NONE,backyard,normal
04-03-2025 23:10,S8,glass_break,NONE,bedroom,normal
04-03-2025 23:10,S20,door,OPEN,kitchen,normal
04-03-2025 23:12,S27,motion,ON,front_door,anomaly
04-03-2025 23:12,S35,motion,OFF,kitchen,anomaly
04-03-2025 23:13,S44,camera,TRIGGERED,living_room,normal
04-03-2025 23:16,S21,door,OPEN,living_room,normal
04-03-2025 23:18,S27,glass_break,DETECTED,backyard,anomaly
04-03-2025 23:19,S4,glass_break,DETECTED,living_room,anomaly
04-03-2025 23:20,S31,camera,IDLE,bathroom,normal
04-03-2025 23:20,S17,door,OPEN,bathroom,normal
04-03-2025 23:21,S5,glass_break,DETECTED,front_door,anomaly
04-03-2025 23:21,S19,motion,OFF,bedroom,anomaly
04-03-2025 23:23,S35,window,OPEN,bedroom,normal
04-03-2025 23:23,S20,glass_break,NONE,front_door,normal
04-03-2025 23:24,S35,window,OPEN,kitchen,normal
04-03-2025 23:24,S23,window,OPEN,backyard,normal
04-03-2025 23:24,S12,camera,TRIGGERED,front_door,normal
04-03-2025 23:25,S4,glass_break,NONE,bedroom,normal
04-03-2025 23:28,S7,glass_break,NONE,living_room,normal
04-03-2025 23:28,S6,window,CLOSED,front_door,normal
04-03-2025 23:28,S2,door,OPEN,backyard,normal
04-03-2025 23:29,S24,camera,TRIGGERED,backyard,normal
04-03-2025 23:33,S36,camera,IDLE,bathroom,normal
04-03-2025 23:34,S6,window,OPEN,kitchen,normal
04-03-2025 23:36,S42,camera,TRIGGERED,garage,normal
04-03-2025 23:37,S24,glass_break,NONE,bathroom,normal
04-03-2025 23:37,S4,temperature,25,bathroom,normal
04-03-2025 23:37,S49,window,OPEN,front_door,normal
04-03-2025 23:38,S21,glass_break,NONE,bathroom,normal
04-03-2025 23:38,S22,glass_break,DETECTED,garage,anomaly
04-03-2025 23:39,S35,motion,OFF,backyard,anomaly
04-03-2025 23:39,S17,window,OPEN,backyard,normal
04-03-2025 23:39,S50,motion,ON,kitchen,anomaly
04-03-2025 23:40,S31,camera,TRIGGERED,backyard,normal
04-03-2025 23:40,S27,motion,OFF,bathroom,anomaly
04-03-2025 23:40,S24,motion,OFF,garage,anomaly
04-03-2025 23:41,S14,motion,ON,bathroom,anomaly
04-03-2025 23:44,S28,window,CLOSED,front_door,normal
04-03-2025 23:48,S46,motion,OFF,living_room,anomaly
04-03-2025 23:48,S14,temperature,22,bedroom,normal
04-03-2025 23:49,S27,door,CLOSED,kitchen,normal
04-03-2025 23:50,S11,window,OPEN,front_door,normal
04-03-2025 23:51,S46,door,OPEN,bathroom,normal
04-03-2025 23:52,S33,door,CLOSED,living_room,normal
04-03-2025 23:52,S35,motion,OFF,bathroom,anomaly
04-03-2025 23:53,S36,temperature,23,bedroom,normal
04-03-2025 23:54,S4,window,CLOSED,front_door,normal
04-03-2025 23:56,S15,camera,TRIGGERED,garage,normal
04-03-2025 23:56,S40,window,CLOSED,bedroom,normal
04-03-2025 23:57,S24,window,CLOSED,garage,normal
04-03-2025 23:57,S33,temperature,30,garage,normal
04-03-2025 23:59,S46,temperature,25,kitchen,normal
04-03-2025 23:59,S48,door,OPEN,backyard,normal
05-03-2025 00:00,S35,window,CLOSED,front_door,normal
05-03-2025 00:00,S43,window,CLOSED,living_room,normal
05-03-2025 00:01,S23,door,CLOSED,living_room,normal
05-03-2025 00:02,S8,motion,ON,front_door,anomaly
05-03-2025 00:04,S40,temperature,19,garage,normal
05-03-2025 00:05,S21,window,OPEN,garage,normal
05-03-2025 00:06,S22,motion,ON,bathroom,anomaly
05-03-2025 00:07,S36,temperature,29,bedroom,normal
05-03-2025 00:09,S19,camera,IDLE,kitchen,normal
05-03-2025 00:11,S38,temperature,21,garage,normal
05-03-2025 00:13,S6,door,OPEN,backyard,normal
05-03-2025 00:13,S39,temperature,26,garage,normal
05-03-2025 00:14,S21,glass_break,NONE,bedroom,normal
05-03-2025 00:14,S13,motion,ON,bathroom,anomaly
05-03-2025 00:15,S29,door,CLOSED,bathroom,normal
05-03-2025 00:15,S3,temperature,28,kitchen,normal
05-03-2025 00:16,S3,camera,TRIGGERED,bathroom,normal
05-03-2025 00:16,S22,door,OPEN,bathroom,normal
05-03-2025 00:16,S4,glass_break,DETECTED,kitchen,anomaly
05-03-2025 00:18,S34,glass_break,DETECTED,bathroom,anomaly
05-03-2025 00:18,S23,glass_break,NONE,garage,normal
05-03-2025 00:19,S7,window,CLOSED,bedroom,normal
05-03-2025 00:20,S24,window,CLOSED,living_room,normal
05-03-2025 00:21,S8,temperature,25,bathroom,normal
05-03-2025 00:21,S42,motion,OFF,kitchen,anomaly
05-03-2025 00:21,S45,glass_break,DETECTED,kitchen,anomaly
05-03-2025 00:23,S24,temperature,20,bathroom,normal
05-03-2025 00:24,S1,motion,OFF,living_room,anomaly
05-03-2025 00:27,S42,glass_break,NONE,bathroom,normal
05-03-2025 00:27,S45,camera,TRIGGERED,kitchen,normal
05-03-2025 00:28,S33,glass_break,DETECTED,kitchen,anomaly
05-03-2025 00:29,S15,motion,OFF,backyard,anomaly
05-03-2025 00:30,S25,temperature,25,garage,normal
05-03-2025 00:30,S50,camera,TRIGGERED,backyard,normal
05-03-2025 00:32,S11,motion,OFF,bedroom,anomaly
05-03-2025 00:32,S22,glass_break,DETECTED,bedroom,anomaly
05-03-2025 00:34,S14,window,CLOSED,bathroom,normal
05-03-2025 00:35,S7,glass_break,NONE,kitchen,normal
05-03-2025 00:35,S45,motion,OFF,living_room,anomaly
05-03-2025 00:36,S34,window,OPEN,front_door,normal
05-03-2025 00:36,S33,camera,TRIGGERED,backyard,normal
05-03-2025 00:37,S47,camera,IDLE,front_door,normal
05-03-2025 00:37,S36,door,OPEN,garage,normal
05-03-2025 00:39,S26,door,CLOSED,bedroom,normal
05-03-2025 00:42,S33,glass_break,NONE,living_room,normal
05-03-2025 00:42,S22,motion,ON,living_room,anomaly
05-03-2025 00:42,S47,window,CLOSED,living_room,normal
05-03-2025 00:42,S12,glass_break,NONE,kitchen,normal
05-03-2025 00:44,S39,camera,TRIGGERED,backyard,normal
05-03-2025 00:46,S19,motion,OFF,backyard,anomaly
05-03-2025 00:46,S42,glass_break,NONE,living_room,normal
05-03-2025 00:46,S13,camera,IDLE,front_door,normal
05-03-2025 00:47,S36,glass_break,NONE,garage,normal
05-03-2025 00:48,S25,window,OPEN,kitchen,normal
05-03-2025 00:49,S22,camera,TRIGGERED,bedroom,normal
05-03-2025 00:53,S7,window,CLOSED,kitchen,normal
05-03-2025 00:55,S11,temperature,17,backyard,normal
05-03-2025 00:57,S21,glass_break,NONE,kitchen,normal
05-03-2025 00:57,S7,motion,OFF,bathroom,anomaly
05-03-2025 00:58,S17,camera,TRIGGERED,bathroom,normal
05-03-2025 00:58,S45,window,OPEN,garage,normal
05-03-2025 00:59,S6,glass_break,DETECTED,bathroom,anomaly
05-03-2025 00:59,S41,motion,ON,bedroom,anomaly
05-03-2025 00:59,S22,glass_break,DETECTED,garage,anomaly
05-03-2025 01:00,S19,door,OPEN,kitchen,normal
05-03-2025 01:01,S48,glass_break,DETECTED,front_door,anomaly
05-03-2025 01:01,S18,door,CLOSED,bathroom,normal
05-03-2025 01:01,S49,door,CLOSED,living_room,normal
05-03-2025 01:01,S26,motion,ON,kitchen,anomaly
05-03-2025 01:02,S50,temperature,15,kitchen,normal
05-03-2025 01:02,S46,window,OPEN,bathroom,normal
05-03-2025 01:02,S12,motion,ON,front_door,anomaly
05-03-2025 01:03,S20,glass_break,DETECTED,kitchen,anomaly
05-03-2025 01:04,S49,motion,OFF,front_door,anomaly
05-03-2025 01:05,S10,temperature,18,bedroom,normal
05-03-2025 01:07,S25,camera,TRIGGERED,bathroom,normal
05-03-2025 01:08,S10,window,CLOSED,bathroom,normal
05-03-2025 01:08,S50,window,OPEN,front_door,normal
05-03-2025 01:10,S30,temperature,23,garage,normal
05-03-2025 01:10,S43,door,CLOSED,bedroom,normal
05-03-2025 01:12,S36,door,OPEN,living_room,normal
05-03-2025 01:13,S10,glass_break,NONE,bathroom,normal
05-03-2025 01:13,S26,motion,ON,bedroom,anomaly
05-03-2025 01:14,S12,door,CLOSED,garage,normal
05-03-2025 01:17,S1,window,OPEN,kitchen,normal
05-03-2025 01:17,S26,camera,TRIGGERED,bathroom,normal
05-03-2025 01:18,S7,camera,IDLE,garage,normal
05-03-2025 01:18,S21,glass_break,NONE,front_door,normal
05-03-2025 01:21,S30,door,OPEN,front_door,normal
05-03-2025 01:22,S50,camera,IDLE,backyard,normal
05-03-2025 01:23,S8,motion,OFF,living_room,anomaly
05-03-2025 01:24,S49,motion,ON,kitchen,anomaly
05-03-2025 01:26,S6,window,CLOSED,garage,normal
05-03-2025 01:27,S11,camera,TRIGGERED,front_door,normal
05-03-2025 01:28,S30,door,OPEN,living_room,normal
05-03-2025 01:28,S46,door,OPEN,living_room,normal
05-03-2025 01:30,S23,motion,ON,backyard,anomaly
05-03-2025 01:33,S19,camera,TRIGGERED,backyard,normal
05-03-2025 01:34,S29,motion,OFF,backyard,anomaly
05-03-2025 01:35,S23,glass_break,NONE,front_door,normal
05-03-2025 01:38,S9,temperature,17,front_door,normal
05-03-2025 01:38,S6,temperature,27,kitchen,normal
05-03-2025 01:38,S41,window,CLOSED,garage,normal
05-03-2025 01:39,S17,window,CLOSED,living_room,normal
05-03-2025 01:39,S28,motion,OFF,living_room,anomaly
05-03-2025 01:41,S48,door,CLOSED,bathroom,normal
05-03-2025 01:42,S3,motion,OFF,front_door,anomaly
05-03-2025 01:43,S3,motion,OFF,living_room,anomaly
05-03-2025 01:46,S16,glass_break,DETECTED,garage,anomaly
05-03-2025 01:46,S31,temperature,27,kitchen,normal
05-03-2025 01:47,S39,motion,ON,bedroom,anomaly
05-03-2025 01:49,S21,door,OPEN,bathroom,normal
05-03-2025 01:50,S1,temperature,28,bathroom,normal
05-03-2025 01:50,S47,window,CLOSED,bathroom,normal
05-03-2025 01:50,S25,window,CLOSED,front_door,normal
05-03-2025 01:50,S46,window,CLOSED,bedroom,normal
05-03-2025 01:52,S14,temperature,19,kitchen,normal
05-03-2025 01:55,S38,camera,TRIGGERED,backyard,normal
05-03-2025 01:57,S15,motion,OFF,living_room,anomaly
05-03-2025 01:57,S47,door,OPEN,garage,normal
05-03-2025 01:58,S18,motion,ON,bathroom,anomaly
05-03-2025 01:58,S34,temperature,17,bedroom,normal
05-03-2025 01:59,S14,temperature,23,kitchen,normal
05-03-2025 02:01,S41,temperature,23,bathroom,normal
05-03-2025 02:01,S37,window,OPEN,garage,normal
05-03-2025 02:01,S12,window,OPEN,living_room,normal
05-03-2025 02:02,S12,temperature,25,garage,normal
05-03-2025 02:02,S41,motion,OFF,living_room,anomaly
05-03-2025 02:06,S14,camera,TRIGGERED,bathroom,normal
05-03-2025 02:07,S46,window,CLOSED,front_door,normal
05-03-2025 02:09,S30,camera,IDLE,garage,normal
05-03-2025 02:11,S32,door,OPEN,living_room,normal
05-03-2025 02:12,S26,temperature,22,bedroom,normal
05-03-2025 02:13,S25,camera,IDLE,kitchen,normal
05-03-2025 02:13,S34,window,OPEN,garage,normal
05-03-2025 02:13,S30,door,CLOSED,bedroom,normal
05-03-2025 02:14,S13,window,OPEN,garage,normal
05-03-2025 02:14,S25,glass_break,NONE,living_room,normal
05-03-2025 02:15,S2,camera,IDLE,living_room,normal
05-03-2025 02:16,S37,camera,IDLE,backyard,normal
05-03-2025 02:16,S39,glass_break,NONE,bedroom,normal
05-03-2025 02:16,S8,camera,TRIGGERED,bedroom,normal
05-03-2025 02:19,S37,window,OPEN,kitchen,normal
05-03-2025 02:20,S20,temperature,28,living_room,normal
05-03-2025 02:21,S40,door,CLOSED,bedroom,normal
05-03-2025 02:22,S23,window,OPEN,bedroom,normal
05-03-2025 02:23,S30,camera,TRIGGERED,garage,normal
05-03-2025 02:24,S46,motion,ON,kitchen,anomaly
05-03-2025 02:24,S22,door,OPEN,front_door,normal
05-03-2025 02:25,S9,motion,OFF,kitchen,anomaly
05-03-2025 02:25,S6,glass_break,DETECTED,living_room,anomaly
05-03-2025 02:26,S14,window,CLOSED,backyard,normal
05-03-2025 02:26,S37,door,OPEN,kitchen,normal
05-03-2025 02:28,S49,temperature,15,kitchen,normal
05-03-2025 02:29,S37,glass_break,NONE,garage,normal
05-03-2025 02:30,S40,camera,TRIGGERED,garage,normal
05-03-2025 02:32,S15,temperature,28,bathroom,normal
05-03-2025 02:32,S49,door,CLOSED,backyard,normal
05-03-2025 02:34,S49,motion,ON,garage,anomaly
05-03-2025 02:40,S24,window,OPEN,bathroom,normal
05-03-2025 02:41,S5,door,OPEN,bathroom,normal
05-03-2025 02:41,S15,camera,IDLE,backyard,normal
05-03-2025 02:42,S19,door,OPEN,bathroom,normal
05-03-2025 02:43,S4,door,CLOSED,garage,normal
05-03-2025 02:43,S8,window,CLOSED,living_room,normal
05-03-2025 02:44,S12,temperature,26,bedroom,normal
05-03-2025 02:44,S4,temperature,19,living_room,normal
05-03-2025 02:45,S27,door,OPEN,bathroom,normal
05-03-2025 02:45,S46,temperature,23,bedroom,normal
05-03-2025 02:47,S34,glass_break,DETECTED,garage,anomaly
05-03-2025 02:47,S15,temperature,30,backyard,normal
05-03-2025 02:48,S45,door,CLOSED,bedroom,normal
05-03-2025 02:49,S29,temperature,30,living_room,normal
05-03-2025 02:51,S26,window,CLOSED,living_room,normal
05-03-2025 02:52,S2,camera,IDLE,bedroom,normal
05-03-2025 02:52,S28,camera,IDLE,bathroom,normal
05-03-2025 02:55,S45,temperature,19,backyard,normal
05-03-2025 02:56,S40,camera,IDLE,front_door,normal
05-03-2025 02:56,S8,temperature,21,backyard,normal
05-03-2025 02:56,S23,temperature,22,garage,normal
05-03-2025 02:57,S44,motion,OFF,living_room,anomaly
05-03-2025 02:57,S4,camera,IDLE,backyard,normal
05-03-2025 02:58,S42,temperature,22,bathroom,normal
05-03-2025 03:00,S36,temperature,17,bathroom,normal
05-03-2025 03:00,S31,door,OPEN,front_door,normal
05-03-2025 03:02,S44,window,CLOSED,bedroom,normal
05-03-2025 03:03,S9,temperature,16,bathroom,normal
05-03-2025 03:04,S34,temperature,22,bedroom,normal
05-03-2025 03:04,S27,temperature,22,garage,normal
05-03-2025 03:05,S32,window,OPEN,garage,normal
05-03-2025 03:05,S1,motion,ON,backyard,anomaly
05-03-2025 03:06,S48,glass_break,NONE,kitchen,normal
05-03-2025 03:07,S5,camera,TRIGGERED,backyard,normal
05-03-2025 03:08,S43,motion,OFF,backyard,anomaly
05-03-2025 03:08,S25,window,OPEN,bedroom,normal
05-03-2025 03:08,S38,glass_break,DETECTED,bathroom,anomaly
05-03-2025 03:08,S6,motion,OFF,garage,anomaly
05-03-2025 03:09,S17,glass_break,NONE,front_door,normal
05-03-2025 03:10,S42,window,OPEN,bathroom,normal
05-03-2025 03:11,S1,door,CLOSED,living_room,normal
05-03-2025 03:11,S42,door,CLOSED,garage,normal
05-03-2025 03:11,S49,camera,IDLE,front_door,normal
05-03-2025 03:13,S7,window,CLOSED,bathroom,normal
05-03-2025 03:15,S42,motion,OFF,bedroom,anomaly
05-03-2025 03:15,S14,door,CLOSED,living_room,normal
05-03-2025 03:16,S10,motion,ON,living_room,anomaly
05-03-2025 03:18,S47,glass_break,DETECTED,kitchen,anomaly
05-03-2025 03:20,S44,camera,TRIGGERED,front_door,normal
05-03-2025 03:20,S34,door,CLOSED,kitchen,normal
05-03-2025 03:22,S29,temperature,30,bathroom,normal
05-03-2025 03:22,S25,temperature,27,living_room,normal
05-03-2025 03:23,S3,temperature,16,bathroom,normal
05-03-2025 03:24,S13,temperature,27,living_room,normal
05-03-2025 03:24,S38,glass_break,NONE,front_door,normal
05-03-2025 03:25,S46,glass_break,DETECTED,kitchen,anomaly
05-03-2025 03:26,S6,door,CLOSED,bathroom,normal
05-03-2025 03:27,S12,temperature,19,backyard,normal
05-03-2025 03:28,S21,motion,OFF,kitchen,anomaly
05-03-2025 03:29,S32,camera,TRIGGERED,bedroom,normal
05-03-2025 03:30,S13,door,OPEN,front_door,normal
05-03-2025 03:31,S36,camera,IDLE,front_door,normal
05-03-2025 03:32,S10,temperature,16,living_room,normal
05-03-2025 03:34,S32,motion,OFF,garage,anomaly
05-03-2025 03:35,S28,camera,TRIGGERED,bedroom,normal
05-03-2025 03:36,S27,door,OPEN,bathroom,normal
05-03-2025 03:36,S14,door,CLOSED,bathroom,normal
05-03-2025 03:36,S24,glass_break,NONE,garage,normal
05-03-2025 03:37,S35,motion,ON,front_door,anomaly
05-03-2025 03:37,S30,window,CLOSED,backyard,normal
05-03-2025 03:38,S16,window,OPEN,garage,normal
05-03-2025 03:38,S22,door,OPEN,front_door,normal
05-03-2025 03:38,S21,temperature,20,bedroom,normal
05-03-2025 03:39,S37,glass_break,NONE,backyard,normal
05-03-2025 03:40,S2,glass_break,DETECTED,garage,anomaly
05-03-2025 03:41,S40,motion,ON,kitchen,anomaly
05-03-2025 03:41,S6,door,OPEN,garage,normal
05-03-2025 03:42,S20,door,OPEN,garage,normal
05-03-2025 03:42,S31,camera,TRIGGERED,bathroom,normal
05-03-2025 03:42,S30,glass_break,DETECTED,kitchen,anomaly
05-03-2025 03:43,S24,motion,ON,kitchen,anomaly
05-03-2025 03:48,S40,glass_break,NONE,bedroom,normal
05-03-2025 03:48,S48,glass_break,DETECTED,backyard,anomaly
05-03-2025 03:49,S22,motion,OFF,front_door,anomaly
05-03-2025 03:49,S36,motion,ON,garage,anomaly
05-03-2025 03:49,S50,glass_break,DETECTED,bathroom,anomaly
05-03-2025 03:51,S23,temperature,20,bedroom,normal
05-03-2025 03:53,S41,camera,IDLE,backyard,normal
05-03-2025 03:53,S20,camera,IDLE,living_room,normal
05-03-2025 03:53,S15,glass_break,DETECTED,garage,anomaly
05-03-2025 03:54,S32,camera,TRIGGERED,bedroom,normal
05-03-2025 03:55,S29,temperature,21,kitchen,normal
05-03-2025 03:57,S43,temperature,29,front_door,normal
05-03-2025 03:57,S8,motion,ON,backyard,anomaly
05-03-2025 03:58,S39,motion,OFF,front_door,anomaly
05-03-2025 03:58,S12,glass_break,DETECTED,front_door,anomaly
05-03-2025 03:58,S8,motion,OFF,kitchen,anomaly
05-03-2025 03:58,S26,camera,IDLE,bedroom,normal
05-03-2025 03:59,S5,door,CLOSED,front_door,normal
05-03-2025 04:00,S47,door,CLOSED,kitchen,normal
05-03-2025 04:02,S30,motion,OFF,backyard,anomaly
05-03-2025 04:02,S47,motion,OFF,backyard,anomaly
05-03-2025 04:02,S41,door,CLOSED,bathroom,normal
05-03-2025 04:04,S28,door,OPEN,garage,normal
05-03-2025 04:07,S15,door,CLOSED,backyard,normal
05-03-2025 04:08,S36,glass_break,DETECTED,front_door,anomaly
05-03-2025 04:08,S10,glass_break,NONE,bedroom,normal
05-03-2025 04:08,S33,motion,OFF,backyard,anomaly
05-03-2025 04:09,S48,temperature,24,front_door,normal
05-03-2025 04:10,S44,window,OPEN,garage,normal
05-03-2025 04:10,S39,glass_break,DETECTED,kitchen,anomaly
05-03-2025 04:12,S41,door,OPEN,bedroom,normal
05-03-2025 04:13,S26,window,CLOSED,living_room,normal
05-03-2025 04:13,S7,window,CLOSED,backyard,normal
05-03-2025 04:14,S41,glass_break,NONE,kitchen,normal
05-03-2025 04:15,S2,camera,TRIGGERED,backyard,normal
05-03-2025 04:21,S21,door,CLOSED,bathroom,normal
05-03-2025 04:22,S16,window,OPEN,garage,normal
05-03-2025 04:22,S4,glass_break,NONE,bedroom,normal
05-03-2025 04:22,S37,door,OPEN,garage,normal
05-03-2025 04:23,S46,camera,IDLE,backyard,normal
05-03-2025 04:23,S7,temperature,22,living_room,normal
05-03-2025 04:27,S15,window,OPEN,front_door,normal
05-03-2025 04:27,S7,window,CLOSED,bathroom,normal
05-03-2025 04:28,S6,camera,IDLE,garage,normal
05-03-2025 04:29,S50,camera,IDLE,bathroom,normal
05-03-2025 04:29,S6,temperature,22,front_door,normal
05-03-2025 04:30,S29,window,CLOSED,living_room,normal
05-03-2025 04:30,S50,temperature,30,kitchen,normal
05-03-2025 04:32,S10,temperature,15,living_room,normal
05-03-2025 04:33,S12,motion,OFF,living_room,anomaly
05-03-2025 04:34,S44,window,CLOSED,bathroom,normal
05-03-2025 04:38,S10,window,OPEN,bedroom,normal
05-03-2025 04:38,S36,motion,OFF,garage,anomaly
05-03-2025 04:40,S17,camera,IDLE,kitchen,normal
05-03-2025 04:41,S26,glass_break,NONE,bathroom,normal
05-03-2025 04:41,S35,camera,IDLE,front_door,normal
05-03-2025 04:42,S4,door,CLOSED,living_room,normal
05-03-2025 04:42,S29,temperature,16,bedroom,normal
05-03-2025 04:43,S40,camera,IDLE,bedroom,normal
05-03-2025 04:44,S3,door,CLOSED,front_door,normal
05-03-2025 04:45,S36,motion,OFF,bathroom,anomaly
05-03-2025 04:45,S40,temperature,23,backyard,normal
05-03-2025 04:46,S42,temperature,22,bathroom,normal
05-03-2025 04:48,S17,temperature,24,backyard,normal
05-03-2025 04:49,S28,window,CLOSED,bathroom,normal
05-03-2025 04:51,S22,temperature,22,bedroom,normal
05-03-2025 04:52,S24,window,OPEN,bathroom,normal
05-03-2025 04:54,S8,temperature,17,front_door,normal
05-03-2025 04:56,S21,motion,OFF,bathroom,anomaly
05-03-2025 04:57,S45,door,OPEN,living_room,normal
05-03-2025 05:02,S9,camera,IDLE,bathroom,normal
05-03-2025 05:03,S6,door,OPEN,front_door,normal
05-03-2025 05:04,S31,window,CLOSED,bathroom,normal
05-03-2025 05:04,S25,door,CLOSED,living_room,normal
05-03-2025 05:05,S38,camera,TRIGGERED,living_room,normal
05-03-2025 05:06,S32,door,CLOSED,front_door,normal
05-03-2025 05:09,S28,camera,TRIGGERED,front_door,normal
05-03-2025 05:10,S16,door,CLOSED,bathroom,normal
05-03-2025 05:11,S28,camera,IDLE,garage,normal
05-03-2025 05:13,S17,motion,OFF,living_room,anomaly
05-03-2025 05:14,S8,temperature,18,living_room,normal
05-03-2025 05:14,S20,temperature,25,backyard,normal
05-03-2025 05:15,S29,motion,OFF,backyard,anomaly
05-03-2025 05:17,S39,window,OPEN,kitchen,normal
05-03-2025 05:17,S15,window,OPEN,bathroom,normal
05-03-2025 05:18,S39,door,OPEN,bedroom,normal
05-03-2025 05:18,S14,glass_break,NONE,bedroom,normal
05-03-2025 05:20,S38,camera,IDLE,bathroom,normal
05-03-2025 05:21,S8,door,OPEN,backyard,normal
05-03-2025 05:21,S15,window,CLOSED,bathroom,normal
05-03-2025 05:22,S12,door,OPEN,front_door,normal
05-03-2025 05:22,S48,temperature,29,backyard,normal
05-03-2025 05:23,S23,motion,ON,backyard,anomaly
05-03-2025 05:24,S31,temperature,25,garage,normal
05-03-2025 05:24,S18,glass_break,DETECTED,living_room,anomaly
05-03-2025 05:25,S44,door,CLOSED,bathroom,normal
05-03-2025 05:25,S12,window,CLOSED,living_room,normal
05-03-2025 05:27,S42,motion,OFF,garage,anomaly
05-03-2025 05:27,S5,glass_break,NONE,bathroom,normal
05-03-2025 05:28,S3,temperature,25,garage,normal
05-03-2025 05:28,S21,glass_break,NONE,garage,normal
05-03-2025 05:28,S6,window,OPEN,bathroom,normal
05-03-2025 05:29,S47,motion,ON,garage,anomaly
05-03-2025 05:30,S16,motion,ON,kitchen,anomaly
05-03-2025 05:30,S8,camera,TRIGGERED,front_door,normal
05-03-2025 05:31,S44,glass_break,DETECTED,kitchen,anomaly
05-03-2025 05:32,S17,window,CLOSED,garage,normal
05-03-2025 05:34,S19,camera,IDLE,front_door,normal
05-03-2025 05:34,S12,camera,IDLE,backyard,normal
05-03-2025 05:35,S48,door,CLOSED,bedroom,normal
05-03-2025 05:37,S26,camera,IDLE,front_door,normal
05-03-2025 05:37,S12,motion,OFF,bathroom,anomaly
05-03-2025 05:39,S21,camera,TRIGGERED,kitchen,normal
05-03-2025 05:40,S16,window,CLOSED,bedroom,normal
05-03-2025 05:40,S44,camera,IDLE,bedroom,normal
05-03-2025 05:40,S4,glass_break,NONE,bathroom,normal
05-03-2025 05:42,S28,temperature,27,living_room,normal
05-03-2025 05:43,S38,camera,IDLE,bathroom,normal
05-03-2025 05:43,S15,camera,TRIGGERED,kitchen,normal
05-03-2025 05:45,S15,door,OPEN,garage,normal
05-03-2025 05:45,S31,motion,ON,backyard,anomaly
05-03-2025 05:45,S23,temperature,18,living_room,normal
05-03-2025 05:46,S8,glass_break,DETECTED,bathroom,anomaly
05-03-2025 05:46,S2,window,CLOSED,living_room,normal
05-03-2025 05:46,S17,temperature,29,bathroom,normal
05-03-2025 05:47,S12,window,OPEN,backyard,normal
05-03-2025 05:48,S41,glass_break,NONE,bedroom,normal
05-03-2025 05:48,S11,window,CLOSED,living_room,normal
05-03-2025 05:48,S30,camera,TRIGGERED,bathroom,normal
05-03-2025 05:50,S7,camera,IDLE,backyard,normal
05-03-2025 05:50,S20,motion,ON,living_room,anomaly
05-03-2025 05:50,S47,door,CLOSED,living_room,normal
05-03-2025 05:51,S23,window,OPEN,bathroom,normal
05-03-2025 05:52,S10,motion,OFF,kitchen,anomaly
05-03-2025 05:52,S48,glass_break,NONE,kitchen,normal
05-03-2025 05:52,S20,camera,TRIGGERED,backyard,normal
05-03-2025 05:54,S41,door,OPEN,living_room,normal
05-03-2025 05:58,S35,window,CLOSED,bathroom,normal
05-03-2025 05:59,S4,glass_break,NONE,backyard,normal
05-03-2025 05:59,S12,camera,TRIGGERED,kitchen,normal
05-03-2025 06:00,S9,temperature,26,bedroom,normal
05-03-2025 06:01,S38,door,OPEN,backyard,normal
05-03-2025 06:02,S19,door,OPEN,bedroom,normal
05-03-2025 06:03,S20,window,OPEN,garage,normal
05-03-2025 06:05,S37,glass_break,DETECTED,garage,anomaly
05-03-2025 06:05,S11,camera,IDLE,garage,normal
05-03-2025 06:05,S29,temperature,19,backyard,normal
05-03-2025 06:07,S2,motion,ON,living_room,normal
05-03-2025 06:08,S14,motion,ON,front_door,normal
05-03-2025 06:08,S30,motion,OFF,garage,normal
05-03-2025 06:08,S22,motion,OFF,bathroom,normal
05-03-2025 06:18,S12,window,OPEN,living_room,normal
05-03-2025 06:19,S8,glass_break,DETECTED,bathroom,anomaly
05-03-2025 06:19,S44,temperature,30,backyard,normal
05-03-2025 06:19,S43,camera,IDLE,bathroom,normal
05-03-2025 06:21,S6,door,OPEN,bedroom,normal
05-03-2025 06:23,S2,motion,OFF,backyard,normal
05-03-2025 06:23,S21,camera,TRIGGERED,bedroom,normal
05-03-2025 06:23,S26,camera,TRIGGERED,garage,normal
05-03-2025 06:24,S32,temperature,17,kitchen,normal
05-03-2025 06:25,S35,camera,IDLE,living_room,normal
05-03-2025 06:27,S28,motion,OFF,bathroom,normal
05-03-2025 06:29,S28,window,OPEN,garage,normal
05-03-2025 06:29,S23,temperature,25,garage,normal
05-03-2025 06:30,S5,temperature,21,garage,normal
05-03-2025 06:32,S43,window,CLOSED,front_door,normal
05-03-2025 06:34,S23,window,OPEN,front_door,normal
05-03-2025 06:36,S2,window,OPEN,front_door,normal
05-03-2025 06:36,S47,door,CLOSED,living_room,normal
05-03-2025 06:36,S40,glass_break,NONE,backyard,normal
05-03-2025 06:36,S9,motion,ON,backyard,normal
05-03-2025 06:40,S46,temperature,19,backyard,normal
05-03-2025 06:41,S43,glass_break,DETECTED,kitchen,anomaly
05-03-2025 06:41,S19,motion,OFF,kitchen,normal
05-03-2025 06:43,S40,camera,IDLE,backyard,normal
05-03-2025 06:44,S43,motion,OFF,front_door,normal
05-03-2025 06:45,S29,camera,IDLE,backyard,normal
05-03-2025 06:46,S14,window,CLOSED,bedroom,normal
05-03-2025 06:48,S8,window,OPEN,garage,normal
05-03-2025 06:48,S48,glass_break,NONE,backyard,normal
05-03-2025 06:50,S23,glass_break,NONE,front_door,normal
05-03-2025 06:50,S4,door,OPEN,kitchen,normal
05-03-2025 06:51,S2,temperature,17,kitchen,normal
05-03-2025 06:58,S48,glass_break,NONE,garage,normal
05-03-2025 06:59,S24,camera,TRIGGERED,bedroom,normal
05-03-2025 06:59,S2,glass_break,NONE,bathroom,normal
05-03-2025 06:59,S34,camera,IDLE,backyard,normal
05-03-2025 06:59,S50,motion,ON,front_door,normal
05-03-2025 06:59,S25,camera,IDLE,front_door,normal
05-03-2025 07:00,S27,window,OPEN,garage,normal
05-03-2025 07:01,S9,door,CLOSED,kitchen,normal
05-03-2025 07:02,S15,door,CLOSED,kitchen,normal
05-03-2025 07:02,S11,door,OPEN,front_door,normal
05-03-2025 07:03,S45,temperature,24,kitchen,normal
05-03-2025 07:04,S17,camera,IDLE,backyard,normal
05-03-2025 07:05,S24,door,CLOSED,garage,normal
05-03-2025 07:05,S19,window,OPEN,garage,normal
05-03-2025 07:06,S22,camera,IDLE,bedroom,normal
05-03-2025 07:06,S41,glass_break,DETECTED,bathroom,anomaly
05-03-2025 07:08,S50,temperature,29,living_room,normal
05-03-2025 07:08,S13,camera,TRIGGERED,living_room,normal
05-03-2025 07:08,S29,camera,TRIGGERED,bedroom,normal
05-03-2025 07:10,S14,temperature,16,bedroom,normal
05-03-2025 07:11,S49,motion,ON,front_door,normal
05-03-2025 07:11,S20,window,OPEN,bathroom,normal
05-03-2025 07:13,S3,window,OPEN,front_door,normal
05-03-2025 07:13,S15,motion,OFF,backyard,normal
05-03-2025 07:15,S48,window,OPEN,front_door,normal
05-03-2025 07:16,S19,glass_break,DETECTED,bedroom,anomaly
05-03-2025 07:17,S18,camera,IDLE,garage,normal
05-03-2025 07:17,S25,camera,TRIGGERED,kitchen,normal
05-03-2025 07:18,S43,door,OPEN,kitchen,normal
05-03-2025 07:19,S3,temperature,20,bathroom,normal
05-03-2025 07:19,S35,motion,OFF,living_room,normal
05-03-2025 07:20,S48,camera,IDLE,bathroom,normal
05-03-2025 07:21,S42,window,CLOSED,bedroom,normal
05-03-2025 07:22,S7,temperature,26,bedroom,normal
05-03-2025 07:22,S43,window,CLOSED,living_room,normal
05-03-2025 07:22,S47,temperature,25,living_room,normal
05-03-2025 07:26,S40,window,OPEN,front_door,normal
05-03-2025 07:26,S25,camera,IDLE,backyard,normal
05-03-2025 07:26,S42,glass_break,DETECTED,front_door,anomaly
05-03-2025 07:29,S42,window,OPEN,front_door,normal
05-03-2025 07:30,S23,camera,TRIGGERED,bathroom,normal
05-03-2025 07:31,S48,glass_break,NONE,backyard,normal
05-03-2025 07:31,S48,glass_break,NONE,kitchen,normal
05-03-2025 07:32,S3,camera,IDLE,kitchen,normal
05-03-2025 07:32,S48,camera,TRIGGERED,bathroom,normal
05-03-2025 07:32,S50,camera,TRIGGERED,front_door,normal
05-03-2025 07:34,S38,temperature,22,bedroom,normal
05-03-2025 07:36,S19,camera,TRIGGERED,front_door,normal
05-03-2025 07:36,S23,window,OPEN,backyard,normal
05-03-2025 07:36,S45,motion,OFF,bathroom,normal
05-03-2025 07:37,S5,window,OPEN,kitchen,normal
05-03-2025 07:38,S30,motion,ON,kitchen,normal
05-03-2025 07:38,S47,temperature,24,backyard,normal
05-03-2025 07:39,S34,door,OPEN,bathroom,normal
05-03-2025 07:39,S31,temperature,17,bedroom,normal
05-03-2025 07:39,S22,motion,ON,living_room,normal
05-03-2025 07:40,S4,door,OPEN,backyard,normal
05-03-2025 07:41,S39,door,CLOSED,living_room,normal
05-03-2025 07:41,S15,motion,ON,living_room,normal
05-03-2025 07:42,S24,camera,TRIGGERED,bedroom,normal
05-03-2025 07:42,S25,temperature,28,bedroom,normal
05-03-2025 07:44,S32,motion,OFF,bedroom,normal
05-03-2025 07:46,S7,temperature,28,garage,normal
05-03-2025 07:48,S7,window,CLOSED,bedroom,normal
05-03-2025 07:49,S30,temperature,21,garage,normal
05-03-2025 07:49,S28,glass_break,DETECTED,garage,anomaly
05-03-2025 07:49,S44,camera,IDLE,living_room,normal
05-03-2025 07:50,S45,door,CLOSED,living_room,normal
05-03-2025 07:50,S19,window,OPEN,living_room,normal
05-03-2025 07:50,S19,door,CLOSED,kitchen,normal
05-03-2025 07:51,S3,motion,OFF,bedroom,normal
05-03-2025 07:51,S5,temperature,23,living_room,normal
05-03-2025 07:52,S26,motion,OFF,backyard,normal
05-03-2025 07:53,S39,glass_break,NONE,backyard,normal
05-03-2025 07:53,S17,motion,ON,bathroom,normal
05-03-2025 07:53,S38,temperature,17,living_room,normal
05-03-2025 07:55,S32,window,CLOSED,backyard,normal
05-03-2025 07:56,S5,glass_break,NONE,backyard,normal
05-03-2025 07:57,S26,window,OPEN,kitchen,normal
05-03-2025 07:57,S11,glass_break,DETECTED,front_door,anomaly
05-03-2025 07:57,S20,window,OPEN,garage,normal
05-03-2025 07:58,S30,motion,OFF,garage,normal
05-03-2025 08:02,S33,temperature,24,kitchen,normal
05-03-2025 08:02,S26,camera,TRIGGERED,backyard,normal
05-03-2025 08:03,S27,motion,ON,bedroom,normal
05-03-2025 08:04,S49,motion,OFF,bathroom,normal
05-03-2025 08:05,S9,window,CLOSED,kitchen,normal
05-03-2025 08:05,S21,door,CLOSED,backyard,normal
05-03-2025 08:05,S25,glass_break,DETECTED,front_door,anomaly
05-03-2025 08:06,S49,door,CLOSED,living_room,normal
05-03-2025 08:07,S20,motion,ON,bedroom,normal
05-03-2025 08:10,S40,door,CLOSED,bathroom,normal
05-03-2025 08:11,S35,window,OPEN,living_room,normal
05-03-2025 08:11,S26,door,OPEN,garage,normal
05-03-2025 08:12,S41,camera,IDLE,bedroom,normal
05-03-2025 08:15,S5,camera,IDLE,bedroom,normal
05-03-2025 08:16,S38,camera,TRIGGERED,garage,normal
05-03-2025 08:17,S21,camera,TRIGGERED,bathroom,normal
05-03-2025 08:20,S12,motion,ON,kitchen,normal
05-03-2025 08:21,S37,camera,IDLE,living_room,normal
05-03-2025 08:22,S49,camera,TRIGGERED,garage,normal
05-03-2025 08:24,S4,window,CLOSED,bedroom,normal
05-03-2025 08:24,S35,temperature,29,living_room,normal
05-03-2025 08:25,S21,window,OPEN,kitchen,normal
05-03-2025 08:25,S23,temperature,16,front_door,normal
05-03-2025 08:28,S13,door,OPEN,backyard,normal
05-03-2025 08:28,S32,glass_break,NONE,living_room,normal
05-03-2025 08:28,S33,temperature,24,bedroom,normal
05-03-2025 08:30,S18,temperature,28,living_room,normal
05-03-2025 08:30,S19,camera,TRIGGERED,garage,normal
05-03-2025 08:31,S15,glass_break,DETECTED,bathroom,anomaly
05-03-2025 08:32,S38,motion,OFF,bathroom,normal
05-03-2025 08:34,S44,window,OPEN,garage,normal
05-03-2025 08:34,S3,camera,TRIGGERED,backyard,normal
05-03-2025 08:35,S11,motion,ON,front_door,normal
05-03-2025 08:35,S43,motion,OFF,bedroom,normal
05-03-2025 08:35,S35,motion,OFF,backyard,normal
05-03-2025 08:35,S11,temperature,22,bathroom,normal
05-03-2025 08:36,S11,window,OPEN,front_door,normal
05-03-2025 08:37,S36,camera,IDLE,living_room,normal
05-03-2025 08:37,S42,glass_break,NONE,bedroom,normal
05-03-2025 08:37,S13,motion,OFF,kitchen,normal
05-03-2025 08:37,S20,window,OPEN,bathroom,normal
05-03-2025 08:38,S29,door,OPEN,bathroom,normal
05-03-2025 08:38,S20,window,CLOSED,kitchen,normal
05-03-2025 08:41,S14,glass_break,NONE,front_door,normal
05-03-2025 08:41,S29,motion,ON,bedroom,normal
05-03-2025 08:42,S16,door,OPEN,backyard,normal
05-03-2025 08:43,S8,door,CLOSED,garage,normal
05-03-2025 08:43,S20,door,CLOSED,kitchen,normal
05-03-2025 08:43,S21,temperature,22,living_room,normal
05-03-2025 08:44,S18,temperature,22,backyard,normal
05-03-2025 08:44,S12,glass_break,NONE,kitchen,normal
05-03-2025 08:45,S10,motion,OFF,backyard,normal
05-03-2025 08:46,S32,window,OPEN,living_room,normal
05-03-2025 08:47,S45,glass_break,DETECTED,kitchen,anomaly
05-03-2025 08:50,S24,camera,TRIGGERED,front_door,normal
05-03-2025 08:50,S15,temperature,27,bedroom,normal
05-03-2025 08:50,S31,motion,OFF,backyard,normal
05-03-2025 08:51,S44,door,OPEN,backyard,normal
05-03-2025 08:52,S49,window,CLOSED,front_door,normal
05-03-2025 08:52,S17,window,CLOSED,garage,normal
05-03-2025 08:53,S35,camera,IDLE,garage,normal
05-03-2025 08:54,S20,motion,OFF,front_door,normal
05-03-2025 08:54,S29,door,CLOSED,living_room,normal
05-03-2025 08:54,S39,motion,ON,bedroom,normal
05-03-2025 08:54,S27,camera,IDLE,garage,normal
05-03-2025 08:54,S16,temperature,30,living_room,normal
05-03-2025 08:55,S8,motion,OFF,front_door,normal
05-03-2025 08:57,S25,camera,TRIGGERED,living_room,normal
05-03-2025 08:59,S46,temperature,18,living_room,normal
05-03-2025 09:01,S44,motion,ON,bathroom,normal
05-03-2025 09:02,S18,temperature,30,living_room,normal
05-03-2025 09:02,S41,camera,TRIGGERED,front_door,normal
05-03-2025 09:02,S23,temperature,25,front_door,normal
05-03-2025 09:02,S1,motion,OFF,bathroom,normal
05-03-2025 09:03,S4,door,OPEN,front_door,normal
05-03-2025 09:03,S13,camera,TRIGGERED,kitchen,normal
05-03-2025 09:04,S11,window,CLOSED,bedroom,normal
05-03-2025 09:04,S38,window,CLOSED,backyard,normal
05-03-2025 09:05,S13,glass_break,DETECTED,bedroom,anomaly
05-03-2025 09:08,S29,motion,ON,kitchen,normal
05-03-2025 09:09,S25,camera,TRIGGERED,garage,normal
05-03-2025 09:11,S40,door,OPEN,kitchen,normal
05-03-2025 09:12,S20,camera,IDLE,garage,normal
05-03-2025 09:15,S47,door,OPEN,bathroom,normal
05-03-2025 09:15,S28,door,CLOSED,living_room,normal
05-03-2025 09:18,S47,glass_break,NONE,front_door,normal
05-03-2025 09:19,S15,glass_break,DETECTED,living_room,anomaly
05-03-2025 09:20,S19,glass_break,NONE,living_room,normal
05-03-2025 09:21,S11,glass_break,DETECTED,bedroom,anomaly
05-03-2025 09:22,S48,door,CLOSED,front_door,normal
05-03-2025 09:23,S33,camera,IDLE,backyard,normal
05-03-2025 09:24,S7,camera,TRIGGERED,front_door,normal
05-03-2025 09:24,S22,camera,TRIGGERED,backyard,normal
05-03-2025 09:26,S34,temperature,30,front_door,normal
05-03-2025 09:28,S4,window,OPEN,bathroom,normal
05-03-2025 09:28,S29,window,CLOSED,bathroom,normal
05-03-2025 09:31,S34,camera,TRIGGERED,bathroom,normal
05-03-2025 09:31,S27,motion,OFF,living_room,normal
05-03-2025 09:31,S36,temperature,26,bathroom,normal
05-03-2025 09:32,S11,motion,OFF,front_door,normal
05-03-2025 09:33,S25,motion,ON,backyard,normal
05-03-2025 09:33,S30,camera,IDLE,garage,normal
05-03-2025 09:34,S26,window,OPEN,garage,normal
05-03-2025 09:34,S4,camera,TRIGGERED,front_door,normal
05-03-2025 09:35,S23,motion,ON,backyard,normal
05-03-2025 09:36,S49,window,CLOSED,living_room,normal
05-03-2025 09:39,S18,temperature,23,garage,normal
05-03-2025 09:40,S2,door,OPEN,backyard,normal
05-03-2025 09:40,S13,door,OPEN,bedroom,normal
05-03-2025 09:40,S10,door,OPEN,kitchen,normal
05-03-2025 09:41,S15,motion,ON,bathroom,normal
05-03-2025 09:41,S34,temperature,24,kitchen,normal
05-03-2025 09:41,S9,temperature,23,bedroom,normal
05-03-2025 09:42,S30,motion,OFF,bedroom,normal
05-03-2025 09:45,S6,glass_break,NONE,bathroom,normal
05-03-2025 09:45,S45,door,OPEN,garage,normal
05-03-2025 09:46,S37,temperature,25,bathroom,normal
05-03-2025 09:47,S38,glass_break,NONE,backyard,normal
05-03-2025 09:48,S18,door,CLOSED,living_room,normal
05-03-2025 09:50,S37,door,CLOSED,backyard,normal
05-03-2025 09:50,S14,motion,OFF,kitchen,normal
05-03-2025 09:50,S2,camera,TRIGGERED,living_room,normal
05-03-2025 09:51,S4,window,OPEN,front_door,normal
05-03-2025 09:53,S2,door,OPEN,garage,normal
05-03-2025 09:54,S9,door,CLOSED,living_room,normal
05-03-2025 09:56,S34,temperature,24,kitchen,normal
05-03-2025 09:58,S24,glass_break,DETECTED,front_door,anomaly
05-03-2025 10:00,S46,motion,ON,garage,normal
05-03-2025 10:00,S46,glass_break,NONE,living_room,normal
05-03-2025 10:01,S10,camera,IDLE,front_door,normal
05-03-2025 10:01,S2,window,OPEN,kitchen,normal
05-03-2025 10:03,S49,motion,ON,garage,normal
05-03-2025 10:04,S16,glass_break,DETECTED,front_door,anomaly
05-03-2025 10:06,S46,glass_break,NONE,bathroom,normal
05-03-2025 10:07,S49,window,OPEN,front_door,normal
05-03-2025 10:07,S11,glass_break,DETECTED,kitchen,anomaly
05-03-2025 10:08,S32,temperature,25,front_door,normal
05-03-2025 10:10,S20,temperature,20,bathroom,normal
05-03-2025 10:11,S11,door,OPEN,kitchen,normal
05-03-2025 10:15,S19,camera,TRIGGERED,kitchen,normal
05-03-2025 10:16,S36,glass_break,DETECTED,backyard,anomaly
05-03-2025 10:17,S31,door,CLOSED,front_door,normal
05-03-2025 10:17,S8,camera,IDLE,bedroom,normal
05-03-2025 10:18,S38,temperature,24,backyard,normal
05-03-2025 10:18,S35,window,OPEN,living_room,normal
05-03-2025 10:21,S37,door,CLOSED,bedroom,normal
05-03-2025 10:21,S11,motion,ON,garage,normal
05-03-2025 10:22,S24,motion,OFF,garage,normal
05-03-2025 10:23,S35,glass_break,DETECTED,front_door,anomaly
05-03-2025 10:25,S26,door,CLOSED,kitchen,normal
05-03-2025 10:26,S46,temperature,19,front_door,normal
05-03-2025 10:29,S31,window,OPEN,garage,normal
05-03-2025 10:32,S47,window,OPEN,front_door,normal
05-03-2025 10:32,S45,window,OPEN,bathroom,normal
05-03-2025 10:32,S9,temperature,16,kitchen,normal
05-03-2025 10:33,S23,window,CLOSED,living_room,normal
05-03-2025 10:34,S21,temperature,27,backyard,normal
05-03-2025 10:38,S24,glass_break,NONE,bedroom,normal
05-03-2025 10:40,S24,camera,TRIGGERED,living_room,normal
05-03-2025 10:41,S40,glass_break,NONE,living_room,normal
05-03-2025 10:41,S29,glass_break,NONE,garage,normal
05-03-2025 10:41,S27,door,OPEN,bathroom,normal
05-03-2025 10:41,S44,window,OPEN,backyard,normal
05-03-2025 10:44,S48,door,CLOSED,garage,normal
05-03-2025 10:44,S41,temperature,28,front_door,normal
05-03-2025 10:45,S28,door,CLOSED,living_room,normal
05-03-2025 10:46,S33,door,CLOSED,garage,normal
05-03-2025 10:47,S31,door,OPEN,kitchen,normal
05-03-2025 10:48,S9,temperature,23,living_room,normal
05-03-2025 10:49,S19,door,CLOSED,bedroom,normal
05-03-2025 10:50,S33,glass_break,NONE,bathroom,normal
05-03-2025 10:51,S34,motion,OFF,kitchen,normal
05-03-2025 10:52,S42,camera,IDLE,bedroom,normal
05-03-2025 10:52,S35,glass_break,NONE,bathroom,normal
05-03-2025 10:53,S25,door,CLOSED,living_room,normal
05-03-2025 10:53,S44,glass_break,NONE,bathroom,normal
05-03-2025 11:00,S34,motion,ON,front_door,normal
05-03-2025 11:00,S47,motion,ON,bathroom,normal
05-03-2025 11:01,S30,camera,TRIGGERED,bathroom,normal
05-03-2025 11:01,S45,camera,TRIGGERED,garage,normal
05-03-2025 11:01,S1,window,CLOSED,kitchen,normal
05-03-2025 11:02,S49,window,OPEN,kitchen,normal
05-03-2025 11:03,S3,camera,TRIGGERED,living_room,normal
05-03-2025 11:03,S3,temperature,16,backyard,normal
05-03-2025 11:04,S45,camera,IDLE,front_door,normal
05-03-2025 11:06,S16,temperature,15,backyard,normal
05-03-2025 11:06,S17,camera,TRIGGERED,kitchen,normal
05-03-2025 11:10,S1,temperature,28,bathroom,normal
05-03-2025 11:12,S13,temperature,28,kitchen,normal
05-03-2025 11:12,S28,camera,IDLE,garage,normal
05-03-2025 11:12,S6,window,CLOSED,living_room,normal
05-03-2025 11:13,S8,glass_break,DETECTED,backyard,anomaly
05-03-2025 11:14,S44,camera,IDLE,bathroom,normal
05-03-2025 11:20,S28,camera,IDLE,front_door,normal
05-03-2025 11:21,S23,door,OPEN,front_door,normal
05-03-2025 11:22,S39,motion,OFF,living_room,normal
05-03-2025 11:22,S43,door,OPEN,front_door,normal
05-03-2025 11:23,S19,camera,TRIGGERED,kitchen,normal
05-03-2025 11:25,S17,glass_break,NONE,bathroom,normal
05-03-2025 11:25,S50,temperature,15,living_room,normal
05-03-2025 11:25,S19,camera,TRIGGERED,backyard,normal
05-03-2025 11:26,S40,camera,TRIGGERED,living_room,normal
05-03-2025 11:27,S35,glass_break,NONE,bedroom,normal
05-03-2025 11:27,S10,camera,TRIGGERED,living_room,normal
05-03-2025 11:30,S27,window,OPEN,living_room,normal
05-03-2025 11:31,S20,temperature,19,garage,normal
05-03-2025 11:32,S18,temperature,19,kitchen,normal
05-03-2025 11:34,S21,motion,ON,front_door,normal
05-03-2025 11:35,S20,door,OPEN,front_door,normal
05-03-2025 11:35,S20,glass_break,DETECTED,living_room,anomaly
05-03-2025 11:35,S47,motion,OFF,kitchen,normal
05-03-2025 11:35,S5,motion,OFF,front_door,normal
05-03-2025 11:39,S48,camera,IDLE,backyard,normal
05-03-2025 11:39,S49,window,CLOSED,bathroom,normal
05-03-2025 11:41,S26,motion,ON,garage,normal
05-03-2025 11:43,S7,camera,TRIGGERED,front_door,normal
05-03-2025 11:44,S28,window,OPEN,bathroom,normal
05-03-2025 11:44,S27,camera,TRIGGERED,bedroom,normal
05-03-2025 11:45,S19,door,OPEN,front_door,normal
05-03-2025 11:45,S32,camera,IDLE,kitchen,normal
05-03-2025 11:46,S21,motion,ON,garage,normal
05-03-2025 11:47,S29,temperature,20,bedroom,normal
05-03-2025 11:49,S47,temperature,15,front_door,normal
05-03-2025 11:51,S46,window,CLOSED,bedroom,normal
05-03-2025 11:51,S33,temperature,25,bedroom,normal
05-03-2025 11:53,S33,camera,TRIGGERED,kitchen,normal
05-03-2025 11:55,S22,door,CLOSED,living_room,normal
05-03-2025 11:55,S32,temperature,24,garage,normal
05-03-2025 11:56,S39,window,CLOSED,backyard,normal
05-03-2025 11:57,S5,window,OPEN,kitchen,normal
05-03-2025 11:58,S14,window,CLOSED,bedroom,normal
05-03-2025 11:59,S2,motion,ON,garage,normal
05-03-2025 12:01,S23,glass_break,NONE,garage,normal
05-03-2025 12:02,S15,motion,OFF,garage,normal
05-03-2025 12:03,S26,temperature,25,backyard,normal
05-03-2025 12:03,S23,glass_break,NONE,living_room,normal
05-03-2025 12:04,S5,motion,ON,backyard,normal
05-03-2025 12:05,S37,glass_break,DETECTED,kitchen,anomaly
05-03-2025 12:06,S45,window,OPEN,garage,normal
05-03-2025 12:08,S35,temperature,21,front_door,normal
05-03-2025 12:09,S6,temperature,19,kitchen,normal
05-03-2025 12:11,S34,camera,TRIGGERED,kitchen,normal
05-03-2025 12:12,S28,temperature,15,kitchen,normal
05-03-2025 12:15,S29,camera,IDLE,garage,normal
05-03-2025 12:15,S30,camera,IDLE,bedroom,normal
05-03-2025 12:17,S36,window,CLOSED,front_door,normal
05-03-2025 12:17,S12,door,OPEN,bathroom,normal
05-03-2025 12:18,S34,glass_break,DETECTED,living_room,anomaly
05-03-2025 12:18,S17,camera,TRIGGERED,bedroom,normal
05-03-2025 12:18,S37,window,CLOSED,backyard,normal
05-03-2025 12:18,S43,window,CLOSED,bathroom,normal
05-03-2025 12:19,S36,temperature,19,front_door,normal
05-03-2025 12:21,S4,temperature,22,front_door,normal
05-03-2025 12:21,S27,window,OPEN,front_door,normal
05-03-2025 12:21,S42,door,CLOSED,bathroom,normal
05-03-2025 12:25,S1,temperature,25,bedroom,normal
05-03-2025 12:28,S34,motion,OFF,living_room,normal
05-03-2025 12:28,S11,motion,OFF,kitchen,normal
05-03-2025 12:29,S3,door,CLOSED,bedroom,normal
05-03-2025 12:30,S47,glass_break,NONE,kitchen,normal
05-03-2025 12:30,S47,temperature,27,backyard,normal
05-03-2025 12:31,S40,glass_break,DETECTED,bedroom,anomaly
05-03-2025 12:32,S45,camera,TRIGGERED,garage,normal
05-03-2025 12:32,S22,window,OPEN,bedroom,normal
05-03-2025 12:34,S38,camera,IDLE,bathroom,normal
05-03-2025 12:34,S36,camera,IDLE,front_door,normal
05-03-2025 12:34,S8,temperature,27,bathroom,normal
05-03-2025 12:34,S14,glass_break,NONE,bathroom,normal
05-03-2025 12:35,S19,glass_break,DETECTED,kitchen,anomaly
05-03-2025 12:35,S23,camera,TRIGGERED,living_room,normal
05-03-2025 12:37,S29,door,OPEN,kitchen,normal
05-03-2025 12:37,S36,camera,TRIGGERED,kitchen,normal
05-03-2025 12:39,S36,motion,ON,bedroom,normal
05-03-2025 12:40,S1,motion,OFF,backyard,normal
05-03-2025 12:41,S49,glass_break,DETECTED,backyard,anomaly
05-03-2025 12:41,S9,door,CLOSED,living_room,normal
05-03-2025 12:41,S13,door,OPEN,bedroom,normal
05-03-2025 12:42,S2,temperature,25,front_door,normal
05-03-2025 12:43,S28,glass_break,NONE,front_door,normal
05-03-2025 12:45,S4,motion,OFF,front_door,normal
05-03-2025 12:45,S39,temperature,19,living_room,normal
05-03-2025 12:45,S5,temperature,22,garage,normal
05-03-2025 12:49,S47,window,OPEN,kitchen,normal
05-03-2025 12:49,S20,glass_break,DETECTED,backyard,anomaly
05-03-2025 12:54,S35,window,OPEN,living_room,normal
05-03-2025 12:54,S29,camera,IDLE,front_door,normal
05-03-2025 12:56,S25,window,OPEN,backyard,normal
05-03-2025 12:57,S20,door,CLOSED,kitchen,normal
05-03-2025 12:59,S30,motion,ON,living_room,normal
05-03-2025 13:00,S15,temperature,26,front_door,normal
05-03-2025 13:01,S1,camera,TRIGGERED,bathroom,normal
05-03-2025 13:02,S50,camera,TRIGGERED,backyard,normal
05-03-2025 13:03,S39,camera,IDLE,backyard,normal
05-03-2025 13:06,S11,motion,OFF,bathroom,normal
05-03-2025 13:07,S49,temperature,15,bathroom,normal
05-03-2025 13:07,S2,glass_break,NONE,garage,normal
05-03-2025 13:07,S41,door,OPEN,bedroom,normal
05-03-2025 13:08,S29,motion,OFF,backyard,normal
05-03-2025 13:08,S40,temperature,17,bedroom,normal
05-03-2025 13:08,S32,camera,TRIGGERED,kitchen,normal
05-03-2025 13:09,S18,camera,TRIGGERED,garage,normal
05-03-2025 13:09,S30,motion,ON,garage,normal
05-03-2025 13:09,S21,camera,IDLE,living_room,normal
05-03-2025 13:09,S5,glass_break,NONE,bathroom,normal
05-03-2025 13:10,S35,window,CLOSED,bathroom,normal
05-03-2025 13:10,S8,window,OPEN,bedroom,normal
05-03-2025 13:11,S2,temperature,30,bathroom,normal
05-03-2025 13:12,S10,window,OPEN,kitchen,normal
05-03-2025 13:15,S38,motion,ON,bedroom,normal
05-03-2025 13:15,S11,motion,OFF,front_door,normal
05-03-2025 13:15,S18,motion,ON,garage,normal
05-03-2025 13:15,S6,door,OPEN,bedroom,normal
05-03-2025 13:18,S26,temperature,15,bedroom,normal
05-03-2025 13:18,S46,window,CLOSED,garage,normal
05-03-2025 13:18,S31,glass_break,DETECTED,backyard,anomaly
05-03-2025 13:19,S27,motion,ON,front_door,normal
05-03-2025 13:20,S23,door,OPEN,front_door,normal
05-03-2025 13:24,S18,camera,TRIGGERED,front_door,normal
05-03-2025 13:24,S40,glass_break,NONE,bedroom,normal
05-03-2025 13:25,S35,door,CLOSED,living_room,normal
05-03-2025 13:26,S17,camera,IDLE,backyard,normal
05-03-2025 13:26,S48,motion,OFF,garage,normal
05-03-2025 13:27,S46,glass_break,DETECTED,bedroom,anomaly
05-03-2025 13:29,S43,door,OPEN,living_room,normal
05-03-2025 13:36,S18,window,OPEN,front_door,normal
05-03-2025 13:37,S1,temperature,16,bedroom,normal
05-03-2025 13:37,S10,camera,TRIGGERED,bedroom,normal
05-03-2025 13:40,S26,glass_break,NONE,kitchen,normal
05-03-2025 13:41,S47,window,CLOSED,living_room,normal
05-03-2025 13:42,S4,window,CLOSED,living_room,normal
05-03-2025 13:44,S2,temperature,15,bedroom,normal
05-03-2025 13:44,S6,camera,IDLE,front_door,normal
05-03-2025 13:49,S2,camera,IDLE,garage,normal
05-03-2025 13:53,S45,camera,TRIGGERED,living_room,normal
05-03-2025 13:54,S42,door,OPEN,kitchen,normal
05-03-2025 13:54,S47,glass_break,NONE,front_door,normal
05-03-2025 13:54,S35,temperature,17,bathroom,normal
05-03-2025 13:55,S34,motion,ON,bathroom,normal
05-03-2025 13:57,S27,glass_break,DETECTED,bedroom,anomaly
05-03-2025 13:58,S27,glass_break,NONE,bathroom,normal
05-03-2025 13:59,S36,motion,ON,backyard,normal
05-03-2025 14:00,S35,temperature,20,garage,normal
05-03-2025 14:01,S19,temperature,28,bathroom,normal
05-03-2025 14:01,S21,temperature,20,bathroom,normal
05-03-2025 14:02,S27,window,CLOSED,front_door,normal
05-03-2025 14:02,S45,door,OPEN,backyard,normal
05-03-2025 14:03,S4,temperature,19,backyard,normal
05-03-2025 14:03,S35,window,OPEN,living_room,normal
05-03-2025 14:05,S49,camera,TRIGGERED,garage,normal
05-03-2025 14:06,S16,motion,OFF,kitchen,normal
05-03-2025 14:07,S24,camera,TRIGGERED,kitchen,normal
05-03-2025 14:10,S41,camera,IDLE,living_room,normal
05-03-2025 14:10,S1,temperature,23,backyard,normal
05-03-2025 14:11,S19,door,OPEN,front_door,normal
05-03-2025 14:12,S41,window,CLOSED,backyard,normal
05-03-2025 14:12,S34,glass_break,DETECTED,kitchen,anomaly
05-03-2025 14:14,S33,motion,OFF,bathroom,normal
05-03-2025 14:15,S11,glass_break,DETECTED,living_room,anomaly
05-03-2025 14:15,S11,camera,TRIGGERED,backyard,normal
05-03-2025 14:16,S12,door,CLOSED,bedroom,normal
05-03-2025 14:17,S45,window,OPEN,kitchen,normal
05-03-2025 14:18,S40,door,OPEN,backyard,normal
05-03-2025 14:20,S17,camera,TRIGGERED,front_door,normal
05-03-2025 14:21,S48,glass_break,DETECTED,bathroom,anomaly
05-03-2025 14:22,S6,window,CLOSED,living_room,normal
05-03-2025 14:22,S12,window,OPEN,bedroom,normal
05-03-2025 14:22,S4,temperature,21,garage,normal
05-03-2025 14:23,S2,motion,ON,living_room,normal
05-03-2025 14:23,S44,temperature,21,kitchen,normal
05-03-2025 14:24,S5,camera,IDLE,living_room,normal
05-03-2025 14:24,S34,motion,OFF,living_room,normal
05-03-2025 14:25,S36,window,CLOSED,backyard,normal
05-03-2025 14:25,S41,motion,OFF,living_room,normal
05-03-2025 14:26,S23,glass_break,NONE,garage,normal
05-03-2025 14:26,S35,door,OPEN,backyard,normal
05-03-2025 14:26,S18,temperature,27,kitchen,normal
05-03-2025 14:27,S15,camera,TRIGGERED,bedroom,normal
05-03-2025 14:27,S10,glass_break,NONE,garage,normal
05-03-2025 14:28,S21,glass_break,DETECTED,garage,anomaly
05-03-2025 14:28,S16,motion,ON,garage,normal
05-03-2025 14:29,S15,temperature,30,bathroom,normal
05-03-2025 14:31,S38,window,OPEN,backyard,normal
05-03-2025 14:33,S50,temperature,23,backyard,normal
05-03-2025 14:33,S10,window,OPEN,front_door,normal
05-03-2025 14:34,S8,glass_break,NONE,bathroom,normal
05-03-2025 14:35,S50,door,CLOSED,front_door,normal
05-03-2025 14:35,S3,door,OPEN,living_room,normal
05-03-2025 14:36,S1,door,CLOSED,backyard,normal
05-03-2025 14:36,S36,door,OPEN,front_door,normal
05-03-2025 14:37,S18,glass_break,DETECTED,living_room,anomaly
05-03-2025 14:37,S11,door,OPEN,bedroom,normal
05-03-2025 14:37,S42,window,OPEN,front_door,normal
05-03-2025 14:39,S2,glass_break,NONE,front_door,normal
05-03-2025 14:40,S27,glass_break,NONE,front_door,normal
05-03-2025 14:40,S3,window,CLOSED,bedroom,normal
05-03-2025 14:43,S17,motion,ON,kitchen,normal
05-03-2025 14:43,S47,motion,OFF,bedroom,normal
05-03-2025 14:45,S20,glass_break,NONE,backyard,normal
05-03-2025 14:45,S32,door,CLOSED,kitchen,normal
05-03-2025 14:45,S35,temperature,18,living_room,normal
05-03-2025 14:46,S33,glass_break,NONE,backyard,normal
05-03-2025 14:47,S33,motion,ON,backyard,normal
05-03-2025 14:47,S35,temperature,24,bathroom,normal
05-03-2025 14:47,S45,door,OPEN,bedroom,normal
05-03-2025 14:49,S37,window,CLOSED,bathroom,normal
05-03-2025 14:50,S17,glass_break,NONE,kitchen,normal
05-03-2025 14:51,S43,temperature,17,bathroom,normal
05-03-2025 14:52,S7,glass_break,NONE,front_door,normal
05-03-2025 14:52,S16,door,OPEN,backyard,normal
05-03-2025 14:52,S45,temperature,18,kitchen,normal
05-03-2025 14:54,S29,glass_break,NONE,living_room,normal
05-03-2025 14:55,S1,motion,OFF,living_room,normal
05-03-2025 14:56,S36,motion,ON,living_room,normal
05-03-2025 14:56,S49,window,CLOSED,front_door,normal
05-03-2025 14:57,S50,glass_break,DETECTED,kitchen,anomaly
05-03-2025 14:57,S2,camera,IDLE,kitchen,normal
05-03-2025 14:57,S32,camera,TRIGGERED,garage,normal
05-03-2025 14:59,S32,door,CLOSED,backyard,normal
05-03-2025 14:59,S30,camera,TRIGGERED,backyard,normal
05-03-2025 15:01,S9,motion,ON,bedroom,normal
05-03-2025 15:01,S11,door,CLOSED,garage,normal
05-03-2025 15:03,S8,door,OPEN,kitchen,normal
05-03-2025 15:05,S31,glass_break,DETECTED,garage,anomaly
05-03-2025 15:06,S30,camera,TRIGGERED,garage,normal
05-03-2025 15:06,S7,glass_break,DETECTED,front_door,anomaly
05-03-2025 15:07,S25,window,CLOSED,living_room,normal
05-03-2025 15:11,S14,motion,OFF,front_door,normal
05-03-2025 15:12,S11,door,OPEN,bedroom,normal
05-03-2025 15:13,S24,motion,ON,backyard,normal
05-03-2025 15:14,S47,motion,ON,garage,normal
05-03-2025 15:14,S13,door,OPEN,front_door,normal
05-03-2025 15:14,S6,temperature,25,backyard,normal
05-03-2025 15:15,S27,window,CLOSED,backyard,normal
05-03-2025 15:17,S14,door,CLOSED,backyard,normal
05-03-2025 15:18,S8,temperature,23,bathroom,normal
05-03-2025 15:19,S8,window,CLOSED,garage,normal
05-03-2025 15:20,S15,camera,IDLE,bathroom,normal
05-03-2025 15:21,S27,window,OPEN,kitchen,normal
05-03-2025 15:22,S19,temperature,20,bathroom,normal
05-03-2025 15:22,S11,motion,OFF,backyard,normal
05-03-2025 15:22,S32,window,OPEN,living_room,normal
05-03-2025 15:24,S11,window,OPEN,bathroom,normal
05-03-2025 15:26,S35,door,CLOSED,kitchen,normal
05-03-2025 15:27,S12,glass_break,DETECTED,bathroom,anomaly
05-03-2025 15:31,S14,temperature,18,backyard,normal
05-03-2025 15:32,S8,glass_break,NONE,living_room,normal
05-03-2025 15:33,S18,camera,IDLE,bedroom,normal
05-03-2025 15:34,S11,window,CLOSED,front_door,normal
05-03-2025 15:35,S48,door,CLOSED,living_room,normal
05-03-2025 15:36,S23,motion,ON,living_room,normal
05-03-2025 15:37,S32,camera,TRIGGERED,backyard,normal
05-03-2025 15:37,S26,door,CLOSED,backyard,normal
05-03-2025 15:37,S47,temperature,26,bathroom,normal
05-03-2025 15:40,S11,door,CLOSED,backyard,normal
05-03-2025 15:42,S26,camera,IDLE,bathroom,normal
05-03-2025 15:43,S14,door,CLOSED,bathroom,normal
05-03-2025 15:51,S41,camera,TRIGGERED,kitchen,normal
05-03-2025 15:52,S42,glass_break,NONE,front_door,normal
05-03-2025 15:54,S14,temperature,18,backyard,normal
05-03-2025 15:55,S36,motion,ON,bedroom,normal
05-03-2025 15:56,S4,glass_break,DETECTED,backyard,anomaly
05-03-2025 15:57,S13,glass_break,DETECTED,front_door,anomaly
05-03-2025 15:57,S44,door,OPEN,kitchen,normal
05-03-2025 15:59,S23,temperature,23,backyard,normal
05-03-2025 15:59,S26,camera,TRIGGERED,bedroom,normal
05-03-2025 16:01,S12,temperature,28,garage,normal
05-03-2025 16:01,S17,door,OPEN,bedroom,normal
05-03-2025 16:02,S35,glass_break,NONE,backyard,normal
05-03-2025 16:03,S18,door,CLOSED,bedroom,normal
05-03-2025 16:03,S42,window,OPEN,garage,normal
05-03-2025 16:04,S30,door,CLOSED,kitchen,normal
05-03-2025 16:04,S21,door,OPEN,garage,normal
05-03-2025 16:05,S49,window,CLOSED,front_door,normal
05-03-2025 16:07,S9,door,OPEN,backyard,normal
05-03-2025 16:08,S8,glass_break,DETECTED,backyard,anomaly
05-03-2025 16:08,S29,camera,IDLE,front_door,normal
05-03-2025 16:09,S35,door,OPEN,living_room,normal
05-03-2025 16:09,S8,motion,OFF,living_room,normal
05-03-2025 16:09,S45,glass_break,NONE,bedroom,normal
05-03-2025 16:10,S28,temperature,26,backyard,normal
05-03-2025 16:10,S39,glass_break,NONE,backyard,normal
05-03-2025 16:10,S27,glass_break,NONE,bathroom,normal
05-03-2025 16:12,S23,glass_break,NONE,front_door,normal
05-03-2025 16:13,S9,window,CLOSED,bathroom,normal
05-03-2025 16:14,S8,window,OPEN,bedroom,normal
05-03-2025 16:16,S46,motion,OFF,bathroom,normal
05-03-2025 16:16,S32,glass_break,DETECTED,kitchen,anomaly
05-03-2025 16:17,S35,temperature,21,backyard,normal
05-03-2025 16:18,S4,temperature,29,backyard,normal
05-03-2025 16:18,S30,camera,TRIGGERED,living_room,normal
05-03-2025 16:19,S48,door,CLOSED,bathroom,normal
05-03-2025 16:19,S20,motion,OFF,bedroom,normal
05-03-2025 16:20,S8,door,CLOSED,backyard,normal
05-03-2025 16:23,S44,door,OPEN,bedroom,normal
05-03-2025 16:24,S19,temperature,16,garage,normal
05-03-2025 16:25,S6,door,OPEN,bathroom,normal
05-03-2025 16:27,S33,glass_break,DETECTED,bathroom,anomaly
05-03-2025 16:27,S14,temperature,16,garage,normal
05-03-2025 16:27,S28,motion,OFF,backyard,normal
05-03-2025 16:28,S12,motion,ON,bedroom,normal
05-03-2025 16:28,S3,window,OPEN,bedroom,normal
05-03-2025 16:30,S41,door,CLOSED,bedroom,normal
05-03-2025 16:30,S12,camera,TRIGGERED,bedroom,normal
05-03-2025 16:31,S13,temperature,22,backyard,normal
05-03-2025 16:31,S30,temperature,19,garage,normal
05-03-2025 16:32,S7,camera,TRIGGERED,bathroom,normal
05-03-2025 16:34,S13,glass_break,DETECTED,kitchen,anomaly
05-03-2025 16:35,S26,camera,TRIGGERED,living_room,normal
05-03-2025 16:36,S37,camera,IDLE,kitchen,normal
05-03-2025 16:37,S29,window,CLOSED,backyard,normal
05-03-2025 16:37,S15,temperature,18,kitchen,normal
05-03-2025 16:37,S50,camera,TRIGGERED,living_room,normal
05-03-2025 16:38,S27,temperature,25,bedroom,normal
05-03-2025 16:39,S1,camera,TRIGGERED,front_door,normal
05-03-2025 16:39,S48,temperature,16,bathroom,normal
05-03-2025 16:39,S3,temperature,16,living_room,normal
05-03-2025 16:40,S29,glass_break,DETECTED,kitchen,anomaly
05-03-2025 16:44,S48,window,OPEN,bathroom,normal
05-03-2025 16:45,S33,motion,OFF,bedroom,normal
05-03-2025 16:46,S50,motion,ON,front_door,normal
05-03-2025 16:47,S48,motion,OFF,bathroom,normal
05-03-2025 16:48,S25,window,CLOSED,garage,normal
05-03-2025 16:48,S40,camera,TRIGGERED,bathroom,normal
05-03-2025 16:48,S37,glass_break,DETECTED,backyard,anomaly
05-03-2025 16:49,S23,temperature,24,bedroom,normal
05-03-2025 16:49,S29,motion,OFF,backyard,normal
05-03-2025 16:49,S38,door,OPEN,kitchen,normal
05-03-2025 16:50,S18,glass_break,DETECTED,front_door,anomaly
05-03-2025 16:51,S30,temperature,22,kitchen,normal
05-03-2025 16:52,S43,door,CLOSED,garage,normal
05-03-2025 16:53,S48,temperature,15,bedroom,normal
05-03-2025 16:53,S17,temperature,25,bedroom,normal
05-03-2025 16:54,S17,window,CLOSED,front_door,normal
05-03-2025 16:54,S22,camera,TRIGGERED,bedroom,normal
05-03-2025 16:54,S42,motion,ON,garage,normal
05-03-2025 16:55,S33,camera,TRIGGERED,kitchen,normal
05-03-2025 16:56,S23,glass_break,DETECTED,front_door,anomaly
05-03-2025 16:57,S2,door,OPEN,bathroom,normal
05-03-2025 16:59,S30,motion,ON,front_door,normal
05-03-2025 17:00,S15,temperature,16,garage,normal
05-03-2025 17:00,S16,door,OPEN,bedroom,normal
05-03-2025 17:01,S5,glass_break,DETECTED,garage,anomaly
05-03-2025 17:02,S46,temperature,22,front_door,normal
05-03-2025 17:02,S35,camera,IDLE,bathroom,normal
05-03-2025 17:02,S45,camera,TRIGGERED,bathroom,normal
05-03-2025 17:03,S50,motion,ON,living_room,normal
05-03-2025 17:03,S11,glass_break,NONE,front_door,normal
05-03-2025 17:07,S21,window,CLOSED,backyard,normal
05-03-2025 17:07,S10,door,CLOSED,front_door,normal
05-03-2025 17:07,S11,door,CLOSED,bathroom,normal
05-03-2025 17:11,S18,window,CLOSED,living_room,normal
05-03-2025 17:11,S48,camera,IDLE,living_room,normal
05-03-2025 17:12,S45,camera,TRIGGERED,front_door,normal
05-03-2025 17:13,S47,window,CLOSED,backyard,normal
05-03-2025 17:15,S30,door,CLOSED,front_door,normal
05-03-2025 17:15,S47,glass_break,NONE,backyard,normal
05-03-2025 17:15,S30,motion,OFF,garage,normal
05-03-2025 17:16,S29,motion,ON,kitchen,normal
05-03-2025 17:16,S16,door,CLOSED,backyard,normal
05-03-2025 17:16,S45,motion,ON,front_door,normal
05-03-2025 17:16,S39,camera,IDLE,kitchen,normal
05-03-2025 17:18,S3,window,CLOSED,living_room,normal
05-03-2025 17:18,S27,glass_break,NONE,garage,normal
05-03-2025 17:19,S12,glass_break,DETECTED,living_room,anomaly
05-03-2025 17:21,S38,window,OPEN,backyard,normal
05-03-2025 17:21,S3,motion,OFF,living_room,normal
05-03-2025 17:23,S24,camera,IDLE,garage,normal
05-03-2025 17:24,S50,temperature,27,garage,normal
05-03-2025 17:24,S6,motion,OFF,garage,normal
05-03-2025 17:25,S1,window,CLOSED,garage,normal
05-03-2025 17:28,S18,camera,TRIGGERED,backyard,normal
05-03-2025 17:29,S27,camera,IDLE,living_room,normal
05-03-2025 17:29,S12,window,OPEN,garage,normal
05-03-2025 17:30,S38,motion,OFF,bathroom,normal
05-03-2025 17:30,S22,motion,OFF,garage,normal
05-03-2025 17:30,S28,temperature,17,bedroom,normal
05-03-2025 17:31,S34,glass_break,NONE,front_door,normal
05-03-2025 17:31,S15,camera,IDLE,kitchen,normal
05-03-2025 17:31,S21,door,CLOSED,garage,normal
05-03-2025 17:33,S49,camera,TRIGGERED,front_door,normal
05-03-2025 17:34,S24,temperature,15,bathroom,normal
05-03-2025 17:36,S15,glass_break,NONE,garage,normal
05-03-2025 17:37,S16,camera,TRIGGERED,kitchen,normal
05-03-2025 17:38,S19,temperature,21,front_door,normal
05-03-2025 17:39,S30,motion,OFF,garage,normal
05-03-2025 17:39,S21,window,OPEN,garage,normal
05-03-2025 17:40,S20,door,CLOSED,backyard,normal
05-03-2025 17:41,S8,glass_break,DETECTED,bathroom,anomaly
05-03-2025 17:42,S38,door,CLOSED,front_door,normal
05-03-2025 17:43,S40,temperature,26,living_room,normal
05-03-2025 17:45,S42,camera,TRIGGERED,bathroom,normal
05-03-2025 17:48,S46,motion,OFF,kitchen,normal
05-03-2025 17:49,S6,glass_break,DETECTED,kitchen,anomaly
05-03-2025 17:49,S1,glass_break,NONE,bedroom,normal
05-03-2025 17:52,S50,glass_break,NONE,bedroom,normal
05-03-2025 17:52,S4,glass_break,NONE,backyard,normal
05-03-2025 17:53,S49,door,CLOSED,backyard,normal
05-03-2025 17:54,S6,temperature,19,bedroom,normal
05-03-2025 17:54,S44,camera,TRIGGERED,bedroom,normal
05-03-2025 17:55,S24,window,CLOSED,bathroom,normal
05-03-2025 17:58,S15,glass_break,NONE,bathroom,normal
05-03-2025 18:02,S26,glass_break,DETECTED,backyard,anomaly
05-03-2025 18:04,S27,window,OPEN,garage,normal
05-03-2025 18:05,S23,glass_break,DETECTED,garage,anomaly
05-03-2025 18:06,S7,window,CLOSED,kitchen,normal
05-03-2025 18:06,S15,door,CLOSED,living_room,normal
05-03-2025 18:06,S13,window,CLOSED,kitchen,normal
05-03-2025 18:07,S24,glass_break,DETECTED,bedroom,anomaly
05-03-2025 18:07,S46,window,CLOSED,bedroom,normal
05-03-2025 18:08,S31,camera,IDLE,garage,normal
05-03-2025 18:08,S45,glass_break,DETECTED,living_room,anomaly
05-03-2025 18:09,S45,motion,OFF,bathroom,normal
05-03-2025 18:10,S10,door,OPEN,backyard,normal
05-03-2025 18:11,S41,motion,OFF,kitchen,normal
05-03-2025 18:11,S21,motion,OFF,living_room,normal
05-03-2025 18:11,S40,door,CLOSED,bathroom,normal
05-03-2025 18:12,S14,camera,TRIGGERED,backyard,normal
05-03-2025 18:12,S17,motion,OFF,garage,normal
05-03-2025 18:12,S50,camera,IDLE,bedroom,normal
05-03-2025 18:13,S9,door,OPEN,bedroom,normal
05-03-2025 18:13,S3,camera,TRIGGERED,garage,normal
05-03-2025 18:13,S41,motion,OFF,living_room,normal
05-03-2025 18:13,S24,door,CLOSED,bathroom,normal
05-03-2025 18:14,S12,motion,OFF,front_door,normal
05-03-2025 18:14,S29,temperature,22,garage,normal
05-03-2025 18:14,S9,camera,TRIGGERED,kitchen,normal
05-03-2025 18:16,S39,glass_break,DETECTED,backyard,anomaly
05-03-2025 18:17,S49,window,CLOSED,backyard,normal
05-03-2025 18:17,S11,door,OPEN,living_room,normal
05-03-2025 18:18,S17,glass_break,DETECTED,living_room,anomaly
05-03-2025 18:19,S48,window,CLOSED,bathroom,normal
05-03-2025 18:19,S32,temperature,20,backyard,normal
05-03-2025 18:20,S17,temperature,28,bedroom,normal
05-03-2025 18:21,S5,camera,IDLE,bedroom,normal
05-03-2025 18:21,S44,camera,TRIGGERED,garage,normal
05-03-2025 18:22,S6,window,OPEN,front_door,normal
05-03-2025 18:23,S11,camera,IDLE,bathroom,normal
05-03-2025 18:23,S33,glass_break,NONE,bedroom,normal
05-03-2025 18:24,S24,camera,IDLE,bathroom,normal
05-03-2025 18:31,S11,temperature,19,living_room,normal
05-03-2025 18:31,S1,temperature,24,bathroom,normal
05-03-2025 18:31,S6,window,OPEN,front_door,normal
05-03-2025 18:32,S11,door,CLOSED,garage,normal
05-03-2025 18:32,S16,door,OPEN,living_room,normal
05-03-2025 18:34,S3,motion,ON,kitchen,normal
05-03-2025 18:34,S7,temperature,22,kitchen,normal
05-03-2025 18:35,S7,temperature,29,backyard,normal
05-03-2025 18:35,S8,camera,TRIGGERED,bedroom,normal
05-03-2025 18:37,S16,camera,TRIGGERED,bathroom,normal
05-03-2025 18:37,S4,window,OPEN,bathroom,normal
05-03-2025 18:39,S50,motion,ON,living_room,normal
05-03-2025 18:39,S46,glass_break,NONE,front_door,normal
05-03-2025 18:43,S34,glass_break,NONE,kitchen,normal
05-03-2025 18:43,S30,temperature,18,bathroom,normal
05-03-2025 18:45,S42,door,OPEN,living_room,normal
05-03-2025 18:45,S15,glass_break,NONE,bedroom,normal
05-03-2025 18:47,S49,window,OPEN,bedroom,normal
05-03-2025 18:47,S41,glass_break,DETECTED,kitchen,anomaly
05-03-2025 18:49,S17,door,CLOSED,backyard,normal
05-03-2025 18:49,S10,door,OPEN,bathroom,normal
05-03-2025 18:52,S17,glass_break,DETECTED,front_door,anomaly
05-03-2025 18:53,S13,temperature,18,bathroom,normal
05-03-2025 18:58,S28,temperature,25,garage,normal
05-03-2025 18:58,S14,temperature,21,front_door,normal
05-03-2025 18:59,S22,glass_break,DETECTED,bedroom,anomaly
05-03-2025 18:59,S50,door,CLOSED,kitchen,normal
05-03-2025 19:02,S35,motion,ON,bedroom,normal
05-03-2025 19:02,S40,camera,TRIGGERED,living_room,normal
05-03-2025 19:02,S22,temperature,15,living_room,normal
05-03-2025 19:03,S49,camera,IDLE,garage,normal
05-03-2025 19:09,S19,motion,ON,front_door,normal
05-03-2025 19:10,S26,motion,OFF,backyard,normal
05-03-2025 19:10,S6,door,CLOSED,garage,normal
05-03-2025 19:10,S40,camera,IDLE,backyard,normal
05-03-2025 19:13,S38,glass_break,DETECTED,living_room,anomaly
05-03-2025 19:15,S50,door,CLOSED,bathroom,normal
05-03-2025 19:17,S50,camera,TRIGGERED,front_door,normal
05-03-2025 19:19,S42,glass_break,NONE,kitchen,normal
05-03-2025 19:19,S31,motion,ON,garage,normal
05-03-2025 19:19,S30,door,CLOSED,garage,normal
05-03-2025 19:19,S11,glass_break,NONE,bedroom,normal
05-03-2025 19:19,S3,motion,OFF,garage,normal
05-03-2025 19:20,S24,window,CLOSED,garage,normal
05-03-2025 19:20,S9,camera,IDLE,garage,normal
05-03-2025 19:21,S14,glass_break,NONE,kitchen,normal
05-03-2025 19:21,S10,temperature,23,kitchen,normal
05-03-2025 19:26,S23,motion,OFF,garage,normal
05-03-2025 19:26,S2,door,CLOSED,backyard,normal
05-03-2025 19:27,S27,window,CLOSED,living_room,normal
05-03-2025 19:28,S31,glass_break,NONE,living_room,normal
05-03-2025 19:29,S9,glass_break,DETECTED,backyard,anomaly
05-03-2025 19:30,S42,glass_break,NONE,garage,normal
05-03-2025 19:31,S46,motion,ON,kitchen,normal
05-03-2025 19:33,S3,glass_break,NONE,bedroom,normal
05-03-2025 19:34,S36,motion,OFF,bedroom,normal
05-03-2025 19:34,S21,camera,TRIGGERED,garage,normal
05-03-2025 19:35,S44,door,CLOSED,front_door,normal
05-03-2025 19:36,S14,camera,TRIGGERED,bathroom,normal
05-03-2025 19:36,S15,door,OPEN,kitchen,normal
05-03-2025 19:37,S49,motion,OFF,bedroom,normal
05-03-2025 19:37,S3,door,OPEN,bedroom,normal
05-03-2025 19:37,S41,glass_break,NONE,backyard,normal
05-03-2025 19:37,S29,camera,TRIGGERED,living_room,normal
05-03-2025 19:38,S49,camera,TRIGGERED,garage,normal
05-03-2025 19:38,S40,camera,TRIGGERED,front_door,normal
05-03-2025 19:39,S42,temperature,19,garage,normal
05-03-2025 19:39,S20,camera,TRIGGERED,backyard,normal
05-03-2025 19:43,S2,motion,ON,living_room,normal
05-03-2025 19:45,S19,window,CLOSED,front_door,normal
05-03-2025 19:46,S19,temperature,19,living_room,normal
05-03-2025 19:46,S15,door,CLOSED,garage,normal
05-03-2025 19:46,S13,glass_break,DETECTED,garage,anomaly
05-03-2025 19:46,S7,temperature,15,backyard,normal
05-03-2025 19:47,S25,window,OPEN,bedroom,normal
05-03-2025 19:47,S17,window,OPEN,garage,normal
05-03-2025 19:47,S45,glass_break,DETECTED,living_room,anomaly
05-03-2025 19:51,S14,door,OPEN,front_door,normal
05-03-2025 19:52,S3,door,CLOSED,bedroom,normal
05-03-2025 19:54,S18,temperature,15,bedroom,normal
05-03-2025 19:54,S27,motion,ON,bathroom,normal
05-03-2025 19:55,S29,window,CLOSED,kitchen,normal
05-03-2025 19:55,S9,glass_break,NONE,living_room,normal
05-03-2025 19:56,S4,camera,IDLE,backyard,normal
05-03-2025 19:57,S37,motion,OFF,bedroom,normal
05-03-2025 19:57,S21,motion,ON,bathroom,normal
05-03-2025 19:59,S8,window,CLOSED,kitchen,normal
05-03-2025 19:59,S49,window,CLOSED,kitchen,normal
05-03-2025 20:00,S45,window,CLOSED,living_room,normal
05-03-2025 20:00,S36,motion,OFF,bathroom,normal
05-03-2025 20:01,S10,window,OPEN,front_door,normal
05-03-2025 20:01,S8,door,OPEN,living_room,normal
05-03-2025 20:02,S6,motion,ON,living_room,normal
05-03-2025 20:02,S45,temperature,30,garage,normal
05-03-2025 20:05,S40,temperature,23,bedroom,normal
05-03-2025 20:05,S19,temperature,28,bedroom,normal
05-03-2025 20:07,S49,window,CLOSED,garage,normal
05-03-2025 20:07,S2,camera,TRIGGERED,backyard,normal
05-03-2025 20:09,S8,motion,OFF,bedroom,normal
05-03-2025 20:10,S18,glass_break,NONE,kitchen,normal
05-03-2025 20:12,S12,camera,IDLE,bathroom,normal
05-03-2025 20:13,S9,door,CLOSED,living_room,normal
05-03-2025 20:13,S42,door,CLOSED,backyard,normal
05-03-2025 20:13,S25,door,CLOSED,front_door,normal
05-03-2025 20:14,S5,window,OPEN,backyard,normal
05-03-2025 20:16,S46,glass_break,DETECTED,bathroom,anomaly
05-03-2025 20:18,S31,door,OPEN,living_room,normal
05-03-2025 20:21,S15,door,OPEN,bedroom,normal
05-03-2025 20:22,S17,camera,IDLE,backyard,normal
05-03-2025 20:26,S8,motion,OFF,garage,normal
05-03-2025 20:28,S48,temperature,30,bathroom,normal
05-03-2025 20:28,S33,motion,ON,kitchen,normal
05-03-2025 20:29,S28,window,OPEN,living_room,normal
05-03-2025 20:30,S49,window,OPEN,garage,normal
05-03-2025 20:31,S45,door,CLOSED,front_door,normal
05-03-2025 20:31,S43,camera,TRIGGERED,garage,normal
05-03-2025 20:33,S45,glass_break,DETECTED,garage,anomaly
05-03-2025 20:34,S19,camera,TRIGGERED,kitchen,normal
05-03-2025 20:35,S2,camera,TRIGGERED,garage,normal
05-03-2025 20:35,S37,temperature,29,garage,normal
05-03-2025 20:35,S47,motion,OFF,bedroom,normal
05-03-2025 20:37,S44,door,CLOSED,living_room,normal
05-03-2025 20:37,S24,temperature,27,garage,normal
05-03-2025 20:37,S46,door,CLOSED,living_room,normal
05-03-2025 20:38,S18,glass_break,DETECTED,bedroom,anomaly
05-03-2025 20:39,S36,window,CLOSED,bathroom,normal
05-03-2025 20:40,S5,temperature,27,kitchen,normal
05-03-2025 20:40,S36,camera,IDLE,front_door,normal
05-03-2025 20:43,S22,glass_break,DETECTED,kitchen,anomaly
05-03-2025 20:47,S2,glass_break,NONE,garage,normal
05-03-2025 20:48,S1,door,CLOSED,living_room,normal
05-03-2025 20:48,S36,motion,OFF,bathroom,normal
05-03-2025 20:49,S28,glass_break,DETECTED,living_room,anomaly
05-03-2025 20:49,S11,window,CLOSED,kitchen,normal
05-03-2025 20:50,S13,glass_break,NONE,bedroom,normal
05-03-2025 20:51,S46,temperature,23,bathroom,normal
05-03-2025 20:53,S28,motion,ON,living_room,normal
05-03-2025 20:53,S19,door,CLOSED,living_room,normal
05-03-2025 20:54,S47,glass_break,NONE,front_door,normal
05-03-2025 20:56,S49,motion,ON,bedroom,normal
05-03-2025 20:56,S35,motion,ON,front_door,normal
05-03-2025 20:56,S43,door,OPEN,front_door,normal
05-03-2025 20:57,S7,door,OPEN,front_door,normal
05-03-2025 20:59,S50,temperature,29,bathroom,normal
05-03-2025 20:59,S2,camera,TRIGGERED,bathroom,normal
05-03-2025 21:00,S19,camera,IDLE,living_room,normal
05-03-2025 21:00,S49,window,CLOSED,kitchen,normal
05-03-2025 21:02,S10,camera,TRIGGERED,bedroom,normal
05-03-2025 21:02,S38,motion,ON,backyard,normal
05-03-2025 21:02,S34,motion,OFF,garage,normal
05-03-2025 21:03,S46,motion,OFF,bedroom,normal
05-03-2025 21:04,S40,door,CLOSED,front_door,normal
05-03-2025 21:04,S33,door,CLOSED,kitchen,normal
05-03-2025 21:04,S7,glass_break,DETECTED,backyard,anomaly
05-03-2025 21:04,S7,camera,IDLE,kitchen,normal
05-03-2025 21:05,S50,motion,OFF,kitchen,normal
05-03-2025 21:05,S23,motion,ON,bedroom,normal
05-03-2025 21:05,S12,door,CLOSED,front_door,normal
05-03-2025 21:06,S24,glass_break,DETECTED,bathroom,anomaly
05-03-2025 21:07,S15,motion,ON,kitchen,normal
05-03-2025 21:08,S13,glass_break,DETECTED,backyard,anomaly
05-03-2025 21:09,S24,motion,OFF,bathroom,normal
05-03-2025 21:10,S16,motion,OFF,bathroom,normal
05-03-2025 21:11,S41,glass_break,DETECTED,living_room,anomaly
05-03-2025 21:19,S6,window,OPEN,garage,normal
05-03-2025 21:21,S10,glass_break,NONE,kitchen,normal
05-03-2025 21:21,S10,temperature,23,bathroom,normal
05-03-2025 21:22,S26,temperature,28,backyard,normal
05-03-2025 21:23,S50,glass_break,DETECTED,living_room,anomaly
05-03-2025 21:23,S7,motion,ON,kitchen,normal
05-03-2025 21:24,S36,glass_break,DETECTED,kitchen,anomaly
05-03-2025 21:24,S26,door,CLOSED,bedroom,normal
05-03-2025 21:25,S46,door,CLOSED,living_room,normal
05-03-2025 21:26,S45,motion,OFF,bathroom,normal
05-03-2025 21:27,S45,motion,ON,bedroom,normal
05-03-2025 21:27,S21,temperature,19,kitchen,normal
05-03-2025 21:28,S4,window,CLOSED,bedroom,normal
05-03-2025 21:29,S50,glass_break,DETECTED,kitchen,anomaly
05-03-2025 21:29,S2,glass_break,NONE,backyard,normal
05-03-2025 21:29,S46,door,CLOSED,garage,normal
05-03-2025 21:29,S7,glass_break,DETECTED,front_door,anomaly
05-03-2025 21:29,S7,glass_break,NONE,bedroom,normal
05-03-2025 21:29,S45,camera,TRIGGERED,living_room,normal
05-03-2025 21:30,S29,glass_break,DETECTED,kitchen,anomaly
05-03-2025 21:30,S45,glass_break,NONE,bedroom,normal
05-03-2025 21:31,S29,glass_break,NONE,bedroom,normal
05-03-2025 21:32,S15,window,CLOSED,garage,normal
05-03-2025 21:36,S16,camera,IDLE,bathroom,normal
05-03-2025 21:38,S31,temperature,17,bedroom,normal
05-03-2025 21:38,S42,camera,TRIGGERED,bathroom,normal
05-03-2025 21:39,S15,motion,OFF,living_room,normal
05-03-2025 21:39,S36,temperature,16,garage,normal
05-03-2025 21:39,S38,temperature,24,kitchen,normal
05-03-2025 21:39,S42,temperature,25,kitchen,normal
05-03-2025 21:42,S36,door,OPEN,front_door,normal
05-03-2025 21:42,S10,window,CLOSED,front_door,normal
05-03-2025 21:43,S22,temperature,18,garage,normal
05-03-2025 21:43,S5,door,OPEN,backyard,normal
05-03-2025 21:46,S44,motion,OFF,bedroom,normal
05-03-2025 21:47,S9,temperature,24,bedroom,normal
05-03-2025 21:47,S17,window,OPEN,kitchen,normal
05-03-2025 21:47,S26,window,CLOSED,backyard,normal
05-03-2025 21:48,S21,temperature,19,garage,normal
05-03-2025 21:48,S2,camera,TRIGGERED,garage,normal
05-03-2025 21:48,S12,temperature,24,bedroom,normal
05-03-2025 21:50,S5,motion,ON,bedroom,normal
05-03-2025 21:51,S10,glass_break,DETECTED,bathroom,anomaly
05-03-2025 21:54,S9,motion,ON,front_door,normal
05-03-2025 21:55,S27,door,CLOSED,living_room,normal
05-03-2025 21:55,S26,motion,ON,bathroom,normal
05-03-2025 21:56,S36,camera,IDLE,living_room,normal
05-03-2025 21:56,S38,temperature,18,backyard,normal
05-03-2025 21:57,S24,temperature,30,kitchen,normal
05-03-2025 22:05,S34,door,OPEN,garage,normal
05-03-2025 22:05,S30,glass_break,DETECTED,garage,anomaly
05-03-2025 22:06,S3,temperature,28,bathroom,normal
05-03-2025 22:06,S15,camera,IDLE,front_door,normal
05-03-2025 22:06,S16,camera,IDLE,kitchen,normal
05-03-2025 22:07,S16,door,CLOSED,living_room,normal
05-03-2025 22:08,S4,motion,ON,front_door,normal
05-03-2025 22:10,S45,motion,ON,garage,normal
05-03-2025 22:11,S37,camera,TRIGGERED,kitchen,normal
05-03-2025 22:12,S49,window,CLOSED,kitchen,normal
05-03-2025 22:13,S12,camera,IDLE,bedroom,normal
05-03-2025 22:13,S50,glass_break,DETECTED,garage,anomaly
05-03-2025 22:13,S41,door,OPEN,front_door,normal
05-03-2025 22:14,S3,motion,ON,garage,normal
05-03-2025 22:15,S4,glass_break,NONE,bedroom,normal
05-03-2025 22:15,S35,door,OPEN,bedroom,normal
05-03-2025 22:15,S20,temperature,16,living_room,normal
05-03-2025 22:15,S38,temperature,27,front_door,normal
05-03-2025 22:15,S31,camera,TRIGGERED,garage,normal
05-03-2025 22:17,S17,window,OPEN,kitchen,normal
05-03-2025 22:18,S33,camera,TRIGGERED,kitchen,normal
05-03-2025 22:18,S18,temperature,29,kitchen,normal
05-03-2025 22:18,S27,camera,TRIGGERED,backyard,normal
05-03-2025 22:19,S35,door,OPEN,bedroom,normal
05-03-2025 22:20,S48,camera,IDLE,bathroom,normal
05-03-2025 22:22,S25,motion,ON,bedroom,normal
05-03-2025 22:23,S50,window,CLOSED,garage,normal
05-03-2025 22:24,S32,door,OPEN,backyard,normal
05-03-2025 22:25,S23,temperature,30,backyard,normal
05-03-2025 22:26,S8,motion,OFF,living_room,normal
05-03-2025 22:27,S7,motion,OFF,bathroom,normal
05-03-2025 22:28,S43,motion,OFF,bathroom,normal
05-03-2025 22:30,S43,door,CLOSED,bedroom,normal
05-03-2025 22:30,S21,window,OPEN,kitchen,normal
05-03-2025 22:32,S45,camera,TRIGGERED,front_door,normal
05-03-2025 22:33,S46,window,OPEN,living_room,normal
05-03-2025 22:33,S41,door,CLOSED,garage,normal
05-03-2025 22:33,S17,door,OPEN,front_door,normal
05-03-2025 22:33,S7,door,OPEN,bedroom,normal
05-03-2025 22:35,S45,glass_break,DETECTED,bathroom,anomaly
05-03-2025 22:36,S44,glass_break,NONE,bedroom,normal
05-03-2025 22:36,S42,temperature,25,garage,normal
05-03-2025 22:37,S40,glass_break,NONE,backyard,normal
05-03-2025 22:38,S14,glass_break,NONE,bedroom,normal
05-03-2025 22:42,S8,camera,TRIGGERED,kitchen,normal
05-03-2025 22:43,S29,camera,IDLE,kitchen,normal
05-03-2025 22:43,S48,camera,IDLE,bedroom,normal
05-03-2025 22:44,S36,door,OPEN,front_door,normal
05-03-2025 22:44,S32,temperature,25,front_door,normal
05-03-2025 22:45,S1,camera,IDLE,bedroom,normal
05-03-2025 22:46,S39,motion,ON,bathroom,normal
05-03-2025 22:46,S15,camera,IDLE,backyard,normal
05-03-2025 22:47,S19,glass_break,NONE,kitchen,normal
05-03-2025 22:47,S44,glass_break,DETECTED,living_room,anomaly
05-03-2025 22:47,S22,motion,OFF,kitchen,normal
05-03-2025 22:49,S12,temperature,29,bedroom,normal
05-03-2025 22:49,S3,door,CLOSED,garage,normal
05-03-2025 22:50,S30,motion,OFF,living_room,normal
05-03-2025 22:50,S6,glass_break,NONE,front_door,normal
05-03-2025 22:52,S36,motion,OFF,kitchen,normal
05-03-2025 22:53,S5,window,OPEN,living_room,normal
05-03-2025 22:53,S48,door,CLOSED,kitchen,normal
05-03-2025 22:54,S24,glass_break,DETECTED,garage,anomaly
05-03-2025 22:55,S4,temperature,25,bathroom,normal
05-03-2025 22:55,S34,temperature,19,backyard,normal
05-03-2025 22:56,S23,glass_break,NONE,garage,normal
05-03-2025 22:56,S40,window,CLOSED,bedroom,normal
05-03-2025 22:57,S35,door,OPEN,front_door,normal
05-03-2025 23:00,S20,camera,TRIGGERED,bedroom,normal
05-03-2025 23:01,S34,door,CLOSED,kitchen,normal
05-03-2025 23:04,S18,window,OPEN,bedroom,normal
05-03-2025 23:04,S1,camera,TRIGGERED,living_room,normal
05-03-2025 23:05,S13,glass_break,NONE,garage,normal
05-03-2025 23:09,S38,glass_break,DETECTED,backyard,anomaly
05-03-2025 23:10,S28,door,CLOSED,living_room,normal
05-03-2025 23:10,S35,glass_break,DETECTED,living_room,anomaly
05-03-2025 23:12,S12,glass_break,DETECTED,bathroom,anomaly
05-03-2025 23:13,S2,door,OPEN,living_room,normal
05-03-2025 23:14,S34,motion,ON,garage,anomaly
05-03-2025 23:15,S49,door,CLOSED,bathroom,normal
05-03-2025 23:16,S46,window,CLOSED,front_door,normal
05-03-2025 23:17,S33,glass_break,NONE,bathroom,normal
05-03-2025 23:18,S45,glass_break,DETECTED,living_room,anomaly
05-03-2025 23:18,S42,window,OPEN,front_door,normal
05-03-2025 23:18,S33,camera,IDLE,kitchen,normal
05-03-2025 23:18,S15,camera,TRIGGERED,bathroom,normal
05-03-2025 23:19,S44,glass_break,NONE,bathroom,normal
05-03-2025 23:20,S50,temperature,29,living_room,normal
05-03-2025 23:24,S15,motion,ON,backyard,anomaly
05-03-2025 23:25,S23,motion,OFF,bedroom,anomaly
05-03-2025 23:26,S15,temperature,25,bedroom,normal
05-03-2025 23:26,S29,window,CLOSED,garage,normal
05-03-2025 23:28,S10,glass_break,NONE,backyard,normal
05-03-2025 23:28,S20,temperature,25,kitchen,normal
05-03-2025 23:30,S23,glass_break,DETECTED,garage,anomaly
05-03-2025 23:32,S32,window,CLOSED,kitchen,normal
05-03-2025 23:34,S43,camera,IDLE,bedroom,normal
05-03-2025 23:34,S45,temperature,15,garage,normal
05-03-2025 23:35,S48,camera,IDLE,living_room,normal
05-03-2025 23:35,S35,door,CLOSED,garage,normal
05-03-2025 23:36,S8,temperature,24,bedroom,normal
05-03-2025 23:37,S20,window,OPEN,front_door,normal
05-03-2025 23:37,S10,camera,TRIGGERED,front_door,normal
05-03-2025 23:37,S18,temperature,17,backyard,normal
05-03-2025 23:38,S24,temperature,22,backyard,normal
05-03-2025 23:39,S50,camera,TRIGGERED,bedroom,normal
05-03-2025 23:39,S44,window,CLOSED,backyard,normal
05-03-2025 23:39,S6,glass_break,DETECTED,bedroom,anomaly
05-03-2025 23:39,S6,window,OPEN,bathroom,normal
05-03-2025 23:40,S50,motion,OFF,living_room,anomaly
05-03-2025 23:42,S1,camera,TRIGGERED,garage,normal
05-03-2025 23:44,S7,camera,IDLE,garage,normal
05-03-2025 23:45,S25,motion,OFF,bathroom,anomaly
05-03-2025 23:47,S17,motion,OFF,backyard,anomaly
05-03-2025 23:48,S32,motion,ON,bedroom,anomaly
05-03-2025 23:51,S31,door,OPEN,garage,normal
05-03-2025 23:52,S40,temperature,24,front_door,normal
05-03-2025 23:53,S6,motion,ON,bathroom,anomaly
05-03-2025 23:54,S44,door,OPEN,living_room,normal
05-03-2025 23:55,S4,camera,IDLE,front_door,normal
05-03-2025 23:56,S49,door,OPEN,bedroom,normal
05-03-2025 23:56,S10,temperature,23,bedroom,normal
05-03-2025 23:56,S4,motion,ON,garage,anomaly
05-03-2025 23:58,S29,glass_break,NONE,bedroom,normal
05-03-2025 23:58,S10,camera,IDLE,living_room,normal
05-03-2025 23:58,S43,camera,TRIGGERED,kitchen,normal
05-03-2025 23:59,S23,window,OPEN,bedroom,normal
06-03-2025 00:00,S36,window,OPEN,front_door,normal
06-03-2025 00:00,S28,window,OPEN,front_door,normal
06-03-2025 00:01,S9,temperature,19,living_room,normal
06-03-2025 00:03,S45,glass_break,NONE,garage,normal
06-03-2025 00:03,S15,camera,TRIGGERED,living_room,normal
06-03-2025 00:03,S23,window,OPEN,living_room,normal
06-03-2025 00:05,S9,temperature,27,kitchen,normal
06-03-2025 00:06,S29,glass_break,NONE,bathroom,normal
06-03-2025 00:07,S20,window,OPEN,backyard,normal
06-03-2025 00:07,S5,window,OPEN,front_door,normal
06-03-2025 00:07,S22,camera,IDLE,kitchen,normal
06-03-2025 00:07,S7,window,CLOSED,bathroom,normal
06-03-2025 00:07,S37,window,CLOSED,bedroom,normal
06-03-2025 00:07,S3,motion,ON,bathroom,anomaly
06-03-2025 00:07,S35,camera,TRIGGERED,living_room,normal
06-03-2025 00:08,S36,window,CLOSED,bathroom,normal
06-03-2025 00:11,S42,window,CLOSED,kitchen,normal
06-03-2025 00:13,S16,motion,ON,living_room,anomaly
06-03-2025 00:14,S18,camera,IDLE,living_room,normal
06-03-2025 00:15,S10,motion,ON,garage,anomaly
06-03-2025 00:16,S35,door,OPEN,backyard,normal
06-03-2025 00:16,S10,glass_break,NONE,bathroom,normal
06-03-2025 00:17,S29,motion,ON,front_door,anomaly
06-03-2025 00:17,S4,motion,OFF,backyard,anomaly
06-03-2025 00:23,S10,motion,ON,bedroom,anomaly
06-03-2025 00:26,S32,motion,ON,bathroom,anomaly
06-03-2025 00:30,S9,door,OPEN,backyard,normal
06-03-2025 00:32,S42,window,OPEN,bathroom,normal
06-03-2025 00:32,S34,window,CLOSED,kitchen,normal
06-03-2025 00:33,S20,window,OPEN,living_room,normal
06-03-2025 00:34,S19,motion,OFF,living_room,anomaly
06-03-2025 00:36,S30,temperature,18,backyard,normal
06-03-2025 00:38,S31,motion,OFF,living_room,anomaly
06-03-2025 00:38,S30,door,CLOSED,backyard,normal
06-03-2025 00:38,S16,window,OPEN,front_door,normal
06-03-2025 00:41,S34,window,OPEN,kitchen,normal
06-03-2025 00:41,S23,window,OPEN,kitchen,normal
06-03-2025 00:42,S36,motion,ON,kitchen,anomaly
06-03-2025 00:42,S50,camera,TRIGGERED,backyard,normal
06-03-2025 00:43,S13,temperature,25,living_room,normal
06-03-2025 00:45,S6,camera,TRIGGERED,garage,normal
06-03-2025 00:45,S28,camera,IDLE,garage,normal
06-03-2025 00:47,S35,glass_break,NONE,bedroom,normal
06-03-2025 00:47,S46,glass_break,NONE,kitchen,normal
06-03-2025 00:48,S33,camera,TRIGGERED,kitchen,normal
06-03-2025 00:50,S42,glass_break,NONE,backyard,normal
06-03-2025 00:50,S28,glass_break,DETECTED,bathroom,anomaly
06-03-2025 00:52,S5,door,CLOSED,garage,normal
06-03-2025 00:53,S27,door,CLOSED,living_room,normal
06-03-2025 00:53,S24,glass_break,DETECTED,garage,anomaly
06-03-2025 00:53,S50,temperature,15,backyard,normal
06-03-2025 00:54,S29,door,OPEN,living_room,normal
06-03-2025 00:58,S1,window,CLOSED,bedroom,normal
06-03-2025 00:58,S49,glass_break,DETECTED,backyard,anomaly
06-03-2025 00:59,S31,temperature,20,garage,normal
06-03-2025 01:00,S30,temperature,20,front_door,normal
06-03-2025 01:00,S35,temperature,29,bedroom,normal
06-03-2025 01:00,S8,camera,TRIGGERED,front_door,normal
06-03-2025 01:01,S30,glass_break,NONE,front_door,normal
06-03-2025 01:01,S7,glass_break,DETECTED,bedroom,anomaly
06-03-2025 01:02,S34,temperature,18,garage,normal
06-03-2025 01:02,S41,camera,IDLE,garage,normal
06-03-2025 01:03,S28,glass_break,DETECTED,bathroom,anomaly
06-03-2025 01:03,S42,motion,ON,backyard,anomaly
06-03-2025 01:03,S20,camera,TRIGGERED,living_room,normal
06-03-2025 01:04,S42,glass_break,NONE,kitchen,normal
06-03-2025 01:04,S2,door,CLOSED,kitchen,normal
06-03-2025 01:07,S45,door,CLOSED,bedroom,normal
06-03-2025 01:08,S38,temperature,27,bathroom,normal
06-03-2025 01:09,S11,motion,ON,front_door,anomaly
06-03-2025 01:10,S19,temperature,28,garage,normal
06-03-2025 01:10,S46,door,OPEN,bedroom,normal
06-03-2025 01:11,S13,motion,OFF,bedroom,anomaly
06-03-2025 01:11,S42,camera,IDLE,front_door,normal
06-03-2025 01:12,S49,door,CLOSED,living_room,normal
06-03-2025 01:13,S26,motion,OFF,backyard,anomaly
06-03-2025 01:16,S49,motion,OFF,backyard,anomaly
06-03-2025 01:16,S23,window,OPEN,backyard,normal
06-03-2025 01:17,S2,glass_break,NONE,bathroom,normal
06-03-2025 01:17,S14,camera,TRIGGERED,bedroom,normal
06-03-2025 01:20,S25,window,OPEN,garage,normal
06-03-2025 01:20,S48,temperature,28,bathroom,normal
06-03-2025 01:20,S1,camera,IDLE,living_room,normal
06-03-2025 01:20,S37,door,CLOSED,garage,normal
06-03-2025 01:21,S19,window,OPEN,living_room,normal
06-03-2025 01:21,S25,door,CLOSED,bathroom,normal
06-03-2025 01:23,S16,glass_break,NONE,garage,normal
06-03-2025 01:25,S35,temperature,15,backyard,normal
06-03-2025 01:27,S33,glass_break,DETECTED,bedroom,anomaly
06-03-2025 01:28,S24,door,CLOSED,living_room,normal
06-03-2025 01:29,S11,motion,OFF,living_room,anomaly
06-03-2025 01:30,S50,camera,IDLE,garage,normal
06-03-2025 01:31,S11,window,CLOSED,kitchen,normal
06-03-2025 01:33,S10,door,OPEN,living_room,normal
06-03-2025 01:33,S25,motion,OFF,living_room,anomaly
06-03-2025 01:33,S42,window,OPEN,bedroom,normal
06-03-2025 01:35,S10,camera,TRIGGERED,bathroom,normal
06-03-2025 01:37,S14,camera,TRIGGERED,front_door,normal
06-03-2025 01:37,S13,temperature,28,front_door,normal
06-03-2025 01:39,S6,window,OPEN,bathroom,normal
06-03-2025 01:40,S21,door,OPEN,front_door,normal
06-03-2025 01:41,S48,window,CLOSED,backyard,normal
06-03-2025 01:41,S34,glass_break,DETECTED,bathroom,anomaly
06-03-2025 01:41,S45,glass_break,DETECTED,front_door,anomaly
06-03-2025 01:43,S9,camera,IDLE,bedroom,normal
06-03-2025 01:44,S16,glass_break,DETECTED,backyard,anomaly
06-03-2025 01:46,S45,glass_break,NONE,garage,normal
06-03-2025 01:46,S35,motion,ON,backyard,anomaly
06-03-2025 01:47,S35,door,CLOSED,garage,normal
06-03-2025 01:48,S3,temperature,16,bathroom,normal
06-03-2025 01:49,S47,temperature,20,front_door,normal
06-03-2025 01:50,S12,glass_break,DETECTED,garage,anomaly
06-03-2025 01:51,S13,glass_break,DETECTED,kitchen,anomaly
06-03-2025 01:52,S15,camera,IDLE,bathroom,normal
06-03-2025 01:54,S42,window,CLOSED,bedroom,normal
06-03-2025 01:55,S16,motion,OFF,bathroom,anomaly
06-03-2025 01:55,S40,motion,ON,backyard,anomaly
06-03-2025 01:56,S35,temperature,25,bedroom,normal
06-03-2025 01:56,S2,glass_break,NONE,garage,normal
06-03-2025 01:57,S41,glass_break,DETECTED,garage,anomaly
06-03-2025 01:57,S8,door,OPEN,living_room,normal
06-03-2025 01:57,S13,window,OPEN,garage,normal
06-03-2025 01:58,S5,glass_break,NONE,backyard,normal
06-03-2025 01:58,S13,motion,ON,kitchen,anomaly
06-03-2025 01:59,S37,window,OPEN,front_door,normal
06-03-2025 01:59,S7,camera,IDLE,backyard,normal
06-03-2025 01:59,S30,temperature,26,living_room,normal
06-03-2025 02:00,S28,camera,TRIGGERED,front_door,normal
06-03-2025 02:00,S22,window,CLOSED,living_room,normal
06-03-2025 02:01,S21,window,OPEN,bathroom,normal
06-03-2025 02:03,S8,glass_break,DETECTED,bedroom,anomaly
06-03-2025 02:04,S45,camera,IDLE,living_room,normal
06-03-2025 02:05,S10,window,OPEN,bedroom,normal
06-03-2025 02:05,S24,glass_break,NONE,front_door,normal
06-03-2025 02:05,S15,temperature,29,kitchen,normal
06-03-2025 02:06,S43,door,OPEN,bedroom,normal
06-03-2025 02:06,S6,temperature,16,living_room,normal
06-03-2025 02:06,S25,glass_break,DETECTED,front_door,anomaly
06-03-2025 02:07,S32,door,CLOSED,front_door,normal
06-03-2025 02:09,S23,window,OPEN,front_door,normal
06-03-2025 02:10,S13,door,OPEN,bedroom,normal
06-03-2025 02:15,S2,camera,TRIGGERED,bedroom,normal
06-03-2025 02:15,S40,camera,IDLE,garage,normal
06-03-2025 02:17,S45,temperature,21,living_room,normal
06-03-2025 02:17,S18,glass_break,NONE,bedroom,normal
06-03-2025 02:18,S35,motion,ON,front_door,anomaly
06-03-2025 02:19,S4,window,OPEN,front_door,normal
06-03-2025 02:21,S34,door,CLOSED,living_room,normal
06-03-2025 02:21,S12,camera,TRIGGERED,front_door,normal
06-03-2025 02:22,S32,door,OPEN,bedroom,normal
06-03-2025 02:24,S38,door,CLOSED,kitchen,normal
06-03-2025 02:25,S32,glass_break,NONE,front_door,normal
06-03-2025 02:26,S24,window,CLOSED,kitchen,normal
06-03-2025 02:27,S3,door,OPEN,living_room,normal
06-03-2025 02:29,S22,motion,OFF,kitchen,anomaly
06-03-2025 02:30,S32,door,CLOSED,kitchen,normal
06-03-2025 02:30,S38,door,CLOSED,living_room,normal
06-03-2025 02:31,S40,window,CLOSED,backyard,normal
06-03-2025 02:32,S38,window,CLOSED,bathroom,normal
06-03-2025 02:33,S48,window,CLOSED,living_room,normal
06-03-2025 02:33,S28,temperature,26,backyard,normal
06-03-2025 02:34,S24,glass_break,DETECTED,backyard,anomaly
06-03-2025 02:36,S38,window,CLOSED,bedroom,normal
06-03-2025 02:36,S41,window,CLOSED,backyard,normal
06-03-2025 02:36,S27,door,CLOSED,garage,normal
06-03-2025 02:39,S27,temperature,26,kitchen,normal
06-03-2025 02:44,S5,motion,ON,living_room,anomaly
06-03-2025 02:44,S4,temperature,19,backyard,normal
06-03-2025 02:45,S10,glass_break,DETECTED,kitchen,anomaly
06-03-2025 02:46,S46,camera,IDLE,bathroom,normal
06-03-2025 02:49,S15,camera,IDLE,backyard,normal
06-03-2025 02:49,S26,motion,ON,front_door,anomaly
06-03-2025 02:49,S40,camera,IDLE,bedroom,normal
06-03-2025 02:49,S7,window,OPEN,garage,normal
06-03-2025 02:50,S34,glass_break,NONE,bedroom,normal
06-03-2025 02:52,S47,camera,TRIGGERED,bedroom,normal
06-03-2025 02:54,S15,temperature,28,kitchen,normal
06-03-2025 02:55,S5,door,CLOSED,bedroom,normal
06-03-2025 02:58,S28,temperature,28,bathroom,normal
06-03-2025 02:58,S15,window,OPEN,backyard,normal
06-03-2025 03:00,S43,motion,OFF,garage,anomaly
06-03-2025 03:00,S34,glass_break,DETECTED,backyard,anomaly
06-03-2025 03:01,S38,glass_break,NONE,bedroom,normal
06-03-2025 03:03,S37,temperature,27,backyard,normal
06-03-2025 03:04,S32,window,OPEN,bathroom,normal
06-03-2025 03:05,S42,temperature,24,backyard,normal
06-03-2025 03:05,S16,motion,OFF,front_door,anomaly
06-03-2025 03:08,S24,window,CLOSED,garage,normal
06-03-2025 03:08,S24,motion,ON,bedroom,anomaly
06-03-2025 03:08,S33,camera,TRIGGERED,backyard,normal
06-03-2025 03:09,S13,motion,ON,kitchen,anomaly
06-03-2025 03:10,S13,motion,ON,front_door,anomaly
06-03-2025 03:11,S49,glass_break,NONE,kitchen,normal
06-03-2025 03:12,S11,motion,ON,living_room,anomaly
06-03-2025 03:13,S7,motion,OFF,backyard,anomaly
06-03-2025 03:13,S6,camera,TRIGGERED,garage,normal
06-03-2025 03:18,S6,temperature,28,bathroom,normal
06-03-2025 03:18,S14,motion,OFF,backyard,anomaly
06-03-2025 03:19,S10,glass_break,NONE,living_room,normal
06-03-2025 03:19,S23,camera,TRIGGERED,backyard,normal
06-03-2025 03:20,S21,window,CLOSED,backyard,normal
06-03-2025 03:20,S46,motion,OFF,bathroom,anomaly
06-03-2025 03:21,S36,motion,ON,garage,anomaly
06-03-2025 03:21,S25,motion,ON,garage,anomaly
06-03-2025 03:21,S4,temperature,30,front_door,normal
06-03-2025 03:24,S7,window,OPEN,front_door,normal
06-03-2025 03:25,S32,camera,IDLE,living_room,normal
06-03-2025 03:25,S12,glass_break,NONE,front_door,normal
06-03-2025 03:26,S39,window,OPEN,kitchen,normal
06-03-2025 03:27,S10,camera,IDLE,front_door,normal
06-03-2025 03:27,S16,door,OPEN,living_room,normal
06-03-2025 03:28,S16,window,CLOSED,garage,normal
06-03-2025 03:29,S33,window,CLOSED,garage,normal
06-03-2025 03:29,S19,motion,ON,bedroom,anomaly
06-03-2025 03:30,S41,window,CLOSED,living_room,normal
06-03-2025 03:31,S23,window,CLOSED,backyard,normal
06-03-2025 03:31,S37,glass_break,DETECTED,living_room,anomaly
06-03-2025 03:32,S41,motion,ON,garage,anomaly
06-03-2025 03:33,S11,temperature,28,kitchen,normal
06-03-2025 03:33,S49,motion,ON,bathroom,anomaly
06-03-2025 03:33,S43,motion,OFF,bedroom,anomaly
06-03-2025 03:37,S8,motion,OFF,bathroom,anomaly
06-03-2025 03:38,S10,camera,IDLE,bathroom,normal
06-03-2025 03:38,S16,door,CLOSED,garage,normal
06-03-2025 03:39,S10,temperature,30,living_room,normal
06-03-2025 03:41,S43,motion,OFF,bedroom,anomaly
06-03-2025 03:41,S49,camera,TRIGGERED,backyard,normal
06-03-2025 03:42,S42,glass_break,NONE,front_door,normal
06-03-2025 03:44,S41,motion,ON,garage,anomaly
06-03-2025 03:44,S25,temperature,22,bedroom,normal
06-03-2025 03:46,S16,temperature,23,living_room,normal
06-03-2025 03:47,S31,motion,OFF,front_door,anomaly
06-03-2025 03:48,S46,window,CLOSED,living_room,normal
06-03-2025 03:49,S9,motion,OFF,front_door,anomaly
06-03-2025 03:52,S37,temperature,26,backyard,normal
06-03-2025 03:52,S2,window,CLOSED,living_room,normal
06-03-2025 03:52,S17,door,CLOSED,backyard,normal
06-03-2025 03:56,S46,motion,OFF,backyard,anomaly
06-03-2025 03:57,S11,motion,ON,bathroom,anomaly
06-03-2025 03:59,S27,window,OPEN,living_room,normal
06-03-2025 03:59,S7,glass_break,NONE,kitchen,normal
06-03-2025 04:01,S12,camera,TRIGGERED,living_room,normal
06-03-2025 04:01,S4,window,CLOSED,bathroom,normal
06-03-2025 04:02,S21,door,OPEN,living_room,normal
06-03-2025 04:02,S11,glass_break,DETECTED,backyard,anomaly
06-03-2025 04:02,S47,motion,OFF,front_door,anomaly
06-03-2025 04:04,S21,temperature,16,living_room,normal
06-03-2025 04:04,S22,glass_break,NONE,front_door,normal
06-03-2025 04:04,S21,temperature,15,kitchen,normal
06-03-2025 04:05,S42,motion,OFF,bedroom,anomaly
06-03-2025 04:05,S26,door,CLOSED,bathroom,normal
06-03-2025 04:05,S26,camera,IDLE,kitchen,normal
06-03-2025 04:07,S7,window,CLOSED,living_room,normal
06-03-2025 04:09,S38,door,OPEN,living_room,normal
06-03-2025 04:10,S7,window,OPEN,kitchen,normal
06-03-2025 04:10,S10,window,CLOSED,living_room,normal
06-03-2025 04:10,S3,window,CLOSED,front_door,normal
06-03-2025 04:10,S46,door,CLOSED,living_room,normal
06-03-2025 04:11,S20,temperature,30,backyard,normal
06-03-2025 04:12,S9,window,OPEN,front_door,normal
06-03-2025 04:14,S32,window,OPEN,garage,normal
06-03-2025 04:15,S9,camera,IDLE,kitchen,normal
06-03-2025 04:16,S3,motion,OFF,living_room,anomaly
06-03-2025 04:16,S30,window,OPEN,front_door,normal
06-03-2025 04:17,S33,glass_break,NONE,garage,normal
06-03-2025 04:17,S1,glass_break,DETECTED,backyard,anomaly
06-03-2025 04:18,S18,window,OPEN,front_door,normal
06-03-2025 04:18,S42,glass_break,NONE,bedroom,normal
06-03-2025 04:18,S39,door,CLOSED,bathroom,normal
06-03-2025 04:18,S38,window,CLOSED,bedroom,normal
06-03-2025 04:19,S46,temperature,29,front_door,normal
06-03-2025 04:20,S44,door,OPEN,backyard,normal
06-03-2025 04:21,S8,temperature,28,bedroom,normal
06-03-2025 04:21,S34,door,OPEN,garage,normal
06-03-2025 04:23,S31,door,OPEN,bedroom,normal
06-03-2025 04:23,S7,window,CLOSED,bathroom,normal
06-03-2025 04:25,S43,camera,TRIGGERED,kitchen,normal
06-03-2025 04:30,S44,door,CLOSED,bathroom,normal
06-03-2025 04:30,S32,door,CLOSED,bathroom,normal
06-03-2025 04:31,S34,motion,OFF,kitchen,anomaly
06-03-2025 04:31,S29,camera,IDLE,front_door,normal
06-03-2025 04:31,S34,window,OPEN,kitchen,normal
06-03-2025 04:32,S47,camera,TRIGGERED,living_room,normal
06-03-2025 04:33,S38,window,OPEN,kitchen,normal
06-03-2025 04:33,S22,door,OPEN,bathroom,normal
06-03-2025 04:34,S3,camera,TRIGGERED,garage,normal
06-03-2025 04:35,S33,glass_break,DETECTED,living_room,anomaly
06-03-2025 04:36,S25,motion,OFF,kitchen,anomaly
06-03-2025 04:38,S50,motion,OFF,bathroom,anomaly
06-03-2025 04:38,S46,door,OPEN,bedroom,normal
06-03-2025 04:40,S10,temperature,27,bedroom,normal
06-03-2025 04:40,S48,motion,OFF,bathroom,anomaly
06-03-2025 04:42,S43,camera,IDLE,kitchen,normal
06-03-2025 04:44,S15,window,CLOSED,bedroom,normal
06-03-2025 04:44,S7,glass_break,DETECTED,bathroom,anomaly
06-03-2025 04:45,S31,motion,OFF,bedroom,anomaly
06-03-2025 04:46,S3,temperature,26,kitchen,normal
06-03-2025 04:47,S19,camera,IDLE,bathroom,normal
06-03-2025 04:48,S26,temperature,15,garage,normal
06-03-2025 04:48,S7,motion,ON,front_door,anomaly
06-03-2025 04:51,S23,temperature,25,kitchen,normal
06-03-2025 04:51,S22,temperature,22,backyard,normal
06-03-2025 04:51,S31,door,CLOSED,living_room,normal
06-03-2025 04:52,S25,motion,OFF,garage,anomaly
06-03-2025 04:54,S36,motion,ON,living_room,anomaly
06-03-2025 04:55,S2,camera,IDLE,bedroom,normal
06-03-2025 04:57,S21,camera,IDLE,living_room,normal
06-03-2025 04:57,S35,camera,IDLE,bathroom,normal
06-03-2025 04:57,S12,camera,IDLE,backyard,normal
06-03-2025 04:57,S36,motion,ON,bathroom,anomaly
06-03-2025 04:58,S46,door,OPEN,bathroom,normal
06-03-2025 05:00,S25,motion,ON,garage,anomaly
06-03-2025 05:03,S21,window,OPEN,bedroom,normal
06-03-2025 05:03,S44,temperature,21,garage,normal
06-03-2025 05:04,S27,motion,ON,kitchen,anomaly
06-03-2025 05:06,S4,temperature,21,living_room,normal
06-03-2025 05:07,S34,temperature,29,bathroom,normal
06-03-2025 05:09,S30,glass_break,NONE,bedroom,normal
06-03-2025 05:10,S47,glass_break,NONE,front_door,normal
06-03-2025 05:10,S39,temperature,29,living_room,normal
06-03-2025 05:14,S18,glass_break,NONE,bathroom,normal
06-03-2025 05:14,S34,window,CLOSED,front_door,normal
06-03-2025 05:16,S40,camera,IDLE,garage,normal
06-03-2025 05:17,S4,glass_break,DETECTED,backyard,anomaly
06-03-2025 05:17,S28,window,OPEN,living_room,normal
06-03-2025 05:18,S28,temperature,25,bathroom,normal
06-03-2025 05:18,S3,motion,ON,front_door,anomaly
06-03-2025 05:21,S15,temperature,25,bedroom,normal
06-03-2025 05:21,S34,glass_break,DETECTED,kitchen,anomaly
06-03-2025 05:22,S2,window,OPEN,bedroom,normal
06-03-2025 05:23,S8,motion,OFF,garage,anomaly
06-03-2025 05:23,S7,camera,TRIGGERED,garage,normal
06-03-2025 05:24,S15,window,OPEN,bedroom,normal
06-03-2025 05:25,S24,temperature,30,kitchen,normal
06-03-2025 05:26,S37,camera,TRIGGERED,backyard,normal
06-03-2025 05:26,S10,camera,IDLE,bedroom,normal
06-03-2025 05:27,S27,window,OPEN,front_door,normal
06-03-2025 05:27,S50,temperature,15,bathroom,normal
06-03-2025 05:27,S4,motion,OFF,garage,anomaly
06-03-2025 05:27,S38,glass_break,DETECTED,kitchen,anomaly
06-03-2025 05:28,S9,motion,ON,backyard,anomaly
06-03-2025 05:28,S18,window,OPEN,living_room,normal
06-03-2025 05:29,S12,temperature,19,front_door,normal
06-03-2025 05:30,S16,glass_break,DETECTED,bedroom,anomaly
06-03-2025 05:30,S23,motion,ON,kitchen,anomaly
06-03-2025 05:31,S29,camera,IDLE,front_door,normal
06-03-2025 05:31,S46,door,OPEN,living_room,normal
06-03-2025 05:31,S15,temperature,20,garage,normal
06-03-2025 05:32,S33,motion,ON,garage,anomaly
06-03-2025 05:32,S23,door,CLOSED,bedroom,normal
06-03-2025 05:32,S48,window,OPEN,backyard,normal
06-03-2025 05:34,S38,glass_break,NONE,bedroom,normal
06-03-2025 05:34,S13,motion,ON,bathroom,anomaly
06-03-2025 05:35,S6,glass_break,DETECTED,kitchen,anomaly
06-03-2025 05:35,S2,motion,OFF,kitchen,anomaly
06-03-2025 05:35,S8,camera,IDLE,kitchen,normal
06-03-2025 05:36,S24,camera,TRIGGERED,garage,normal
06-03-2025 05:37,S6,camera,IDLE,bathroom,normal
06-03-2025 05:38,S35,temperature,23,backyard,normal
06-03-2025 05:39,S7,temperature,15,bathroom,normal
06-03-2025 05:39,S12,temperature,18,bathroom,normal
06-03-2025 05:42,S48,window,CLOSED,front_door,normal
06-03-2025 05:43,S15,motion,OFF,front_door,anomaly
06-03-2025 05:44,S27,window,OPEN,bathroom,normal
06-03-2025 05:44,S37,window,CLOSED,backyard,normal
06-03-2025 05:45,S23,glass_break,NONE,living_room,normal
06-03-2025 05:47,S2,door,CLOSED,backyard,normal
06-03-2025 05:48,S28,glass_break,NONE,living_room,normal
06-03-2025 05:49,S21,camera,TRIGGERED,living_room,normal
06-03-2025 05:50,S23,camera,IDLE,living_room,normal
06-03-2025 05:51,S37,motion,OFF,garage,anomaly
06-03-2025 05:53,S9,glass_break,DETECTED,backyard,anomaly
06-03-2025 05:53,S14,motion,OFF,backyard,anomaly
06-03-2025 05:55,S30,window,OPEN,bathroom,normal
06-03-2025 05:55,S31,window,CLOSED,living_room,normal
06-03-2025 05:56,S42,door,OPEN,front_door,normal
06-03-2025 05:56,S8,window,CLOSED,living_room,normal
06-03-2025 05:58,S47,motion,ON,front_door,anomaly
06-03-2025 05:58,S38,window,OPEN,bathroom,normal
06-03-2025 05:58,S40,camera,IDLE,garage,normal
06-03-2025 06:00,S33,camera,TRIGGERED,front_door,normal
06-03-2025 06:00,S15,glass_break,NONE,living_room,normal
06-03-2025 06:00,S18,door,OPEN,backyard,normal
06-03-2025 06:00,S2,motion,OFF,backyard,normal
06-03-2025 06:02,S25,door,CLOSED,bathroom,normal
06-03-2025 06:05,S26,motion,OFF,living_room,normal
06-03-2025 06:07,S11,motion,OFF,kitchen,normal
06-03-2025 06:08,S43,motion,ON,backyard,normal
06-03-2025 06:08,S40,window,CLOSED,bedroom,normal
06-03-2025 06:09,S37,door,CLOSED,living_room,normal
06-03-2025 06:09,S27,camera,IDLE,backyard,normal
06-03-2025 06:09,S1,glass_break,NONE,bathroom,normal
06-03-2025 06:10,S29,motion,ON,bathroom,normal
06-03-2025 06:11,S47,camera,IDLE,living_room,normal
06-03-2025 06:12,S6,glass_break,DETECTED,kitchen,anomaly
06-03-2025 06:14,S16,camera,TRIGGERED,front_door,normal
06-03-2025 06:15,S30,camera,TRIGGERED,kitchen,normal
06-03-2025 06:16,S2,door,CLOSED,bedroom,normal
06-03-2025 06:17,S19,window,OPEN,living_room,normal
06-03-2025 06:17,S48,temperature,19,bathroom,normal
06-03-2025 06:18,S32,window,CLOSED,garage,normal
06-03-2025 06:18,S2,camera,TRIGGERED,garage,normal
06-03-2025 06:19,S32,window,OPEN,kitchen,normal
06-03-2025 06:19,S26,window,OPEN,front_door,normal
06-03-2025 06:21,S37,glass_break,NONE,bedroom,normal
06-03-2025 06:22,S46,window,OPEN,backyard,normal
06-03-2025 06:24,S45,camera,IDLE,bathroom,normal
06-03-2025 06:24,S48,window,OPEN,kitchen,normal
06-03-2025 06:25,S41,door,CLOSED,kitchen,normal
06-03-2025 06:26,S11,window,OPEN,garage,normal
06-03-2025 06:26,S27,motion,ON,garage,normal
06-03-2025 06:26,S40,motion,ON,bathroom,normal
06-03-2025 06:26,S36,temperature,20,bathroom,normal
06-03-2025 06:27,S24,glass_break,NONE,kitchen,normal
06-03-2025 06:27,S13,camera,TRIGGERED,front_door,normal
06-03-2025 06:27,S50,door,CLOSED,living_room,normal
06-03-2025 06:30,S10,motion,OFF,garage,normal
06-03-2025 06:32,S7,camera,IDLE,backyard,normal
06-03-2025 06:33,S15,temperature,18,bathroom,normal
06-03-2025 06:34,S43,door,CLOSED,garage,normal
06-03-2025 06:35,S2,window,OPEN,garage,normal
06-03-2025 06:38,S31,window,CLOSED,backyard,normal
06-03-2025 06:38,S25,temperature,30,bedroom,normal
06-03-2025 06:39,S14,camera,IDLE,bedroom,normal
06-03-2025 06:39,S49,door,CLOSED,front_door,normal
06-03-2025 06:39,S16,window,OPEN,garage,normal
06-03-2025 06:40,S21,glass_break,NONE,garage,normal
06-03-2025 06:40,S37,door,CLOSED,kitchen,normal
06-03-2025 06:41,S34,motion,OFF,bathroom,normal
06-03-2025 06:43,S41,door,CLOSED,bathroom,normal
06-03-2025 06:44,S2,window,CLOSED,backyard,normal
06-03-2025 06:44,S27,window,OPEN,front_door,normal
06-03-2025 06:44,S8,motion,OFF,backyard,normal
06-03-2025 06:46,S7,motion,ON,front_door,normal
06-03-2025 06:46,S31,glass_break,NONE,front_door,normal
06-03-2025 06:46,S30,motion,ON,garage,normal
06-03-2025 06:47,S50,glass_break,NONE,bathroom,normal
06-03-2025 06:48,S26,temperature,19,bedroom,normal
06-03-2025 06:49,S15,motion,OFF,living_room,normal
06-03-2025 06:49,S20,window,OPEN,garage,normal
06-03-2025 06:51,S25,window,OPEN,kitchen,normal
06-03-2025 06:52,S7,temperature,29,garage,normal
06-03-2025 06:54,S21,window,CLOSED,living_room,normal
06-03-2025 06:55,S16,glass_break,DETECTED,kitchen,anomaly
06-03-2025 06:57,S12,temperature,16,kitchen,normal
06-03-2025 06:58,S6,motion,OFF,bathroom,normal
06-03-2025 06:58,S4,temperature,16,backyard,normal
06-03-2025 07:00,S2,window,OPEN,bedroom,normal
06-03-2025 07:01,S14,glass_break,DETECTED,bedroom,anomaly
06-03-2025 07:02,S15,temperature,17,garage,normal
06-03-2025 07:02,S43,glass_break,NONE,front_door,normal
06-03-2025 07:03,S27,camera,IDLE,front_door,normal
06-03-2025 07:03,S12,temperature,26,front_door,normal
06-03-2025 07:04,S19,motion,OFF,front_door,normal
06-03-2025 07:06,S22,motion,OFF,front_door,normal
06-03-2025 07:07,S10,camera,TRIGGERED,backyard,normal
06-03-2025 07:08,S35,door,CLOSED,front_door,normal
06-03-2025 07:09,S10,temperature,17,living_room,normal
06-03-2025 07:09,S39,camera,TRIGGERED,front_door,normal
06-03-2025 07:10,S15,camera,TRIGGERED,kitchen,normal
06-03-2025 07:11,S36,motion,ON,bathroom,normal
06-03-2025 07:14,S27,glass_break,NONE,backyard,normal
06-03-2025 07:15,S25,motion,OFF,bathroom,normal
06-03-2025 07:16,S25,camera,IDLE,living_room,normal
06-03-2025 07:16,S24,glass_break,DETECTED,bathroom,anomaly
06-03-2025 07:18,S50,window,OPEN,front_door,normal
06-03-2025 07:18,S45,motion,ON,bedroom,normal
06-03-2025 07:19,S42,window,CLOSED,backyard,normal
06-03-2025 07:20,S44,motion,ON,living_room,normal
06-03-2025 07:20,S6,motion,OFF,front_door,normal
06-03-2025 07:21,S35,motion,OFF,garage,normal
06-03-2025 07:22,S36,temperature,18,front_door,normal
06-03-2025 07:22,S26,motion,OFF,backyard,normal
06-03-2025 07:27,S46,door,OPEN,bedroom,normal
06-03-2025 07:27,S1,glass_break,DETECTED,living_room,anomaly
06-03-2025 07:28,S4,temperature,26,garage,normal
06-03-2025 07:28,S33,window,OPEN,living_room,normal
06-03-2025 07:29,S50,motion,ON,bathroom,normal
06-03-2025 07:30,S48,motion,ON,bedroom,normal
06-03-2025 07:31,S2,window,CLOSED,front_door,normal
06-03-2025 07:31,S28,window,OPEN,garage,normal
06-03-2025 07:32,S1,camera,IDLE,bathroom,normal
06-03-2025 07:32,S19,glass_break,DETECTED,bathroom,anomaly
06-03-2025 07:32,S4,door,CLOSED,bedroom,normal
06-03-2025 07:34,S44,door,OPEN,living_room,normal
06-03-2025 07:35,S25,camera,IDLE,living_room,normal
06-03-2025 07:36,S27,motion,ON,living_room,normal
06-03-2025 07:36,S3,temperature,27,bathroom,normal
06-03-2025 07:37,S11,motion,ON,backyard,normal
06-03-2025 07:37,S5,door,CLOSED,bathroom,normal
06-03-2025 07:38,S16,temperature,19,bedroom,normal
06-03-2025 07:38,S24,window,CLOSED,kitchen,normal
06-03-2025 07:38,S20,glass_break,DETECTED,bathroom,anomaly
06-03-2025 07:39,S12,door,CLOSED,bathroom,normal
06-03-2025 07:40,S32,motion,ON,kitchen,normal
06-03-2025 07:42,S45,glass_break,DETECTED,front_door,anomaly
06-03-2025 07:44,S4,window,OPEN,bedroom,normal
06-03-2025 07:44,S35,door,OPEN,bathroom,normal
06-03-2025 07:46,S18,motion,ON,living_room,normal
06-03-2025 07:47,S40,camera,IDLE,bathroom,normal
06-03-2025 07:48,S5,door,CLOSED,bedroom,normal
06-03-2025 07:50,S9,door,CLOSED,living_room,normal
06-03-2025 07:50,S34,camera,TRIGGERED,backyard,normal
06-03-2025 07:51,S27,motion,ON,front_door,normal
06-03-2025 07:54,S34,camera,IDLE,backyard,normal
06-03-2025 07:54,S14,window,CLOSED,bedroom,normal
06-03-2025 07:55,S48,window,CLOSED,bedroom,normal
06-03-2025 07:56,S33,motion,ON,bedroom,normal
06-03-2025 07:59,S25,door,CLOSED,bathroom,normal
06-03-2025 07:59,S18,motion,ON,garage,normal
06-03-2025 08:01,S16,window,OPEN,garage,normal
06-03-2025 08:02,S24,window,CLOSED,front_door,normal
06-03-2025 08:04,S17,camera,TRIGGERED,garage,normal
06-03-2025 08:04,S29,glass_break,NONE,backyard,normal
06-03-2025 08:04,S31,glass_break,DETECTED,kitchen,anomaly
06-03-2025 08:05,S25,glass_break,NONE,backyard,normal
06-03-2025 08:05,S7,motion,OFF,front_door,normal
06-03-2025 08:07,S33,window,OPEN,garage,normal
06-03-2025 08:09,S27,glass_break,DETECTED,bathroom,anomaly
06-03-2025 08:12,S7,motion,ON,backyard,normal
06-03-2025 08:16,S29,camera,TRIGGERED,living_room,normal
06-03-2025 08:16,S9,window,OPEN,kitchen,normal
06-03-2025 08:18,S5,temperature,23,living_room,normal
06-03-2025 08:19,S35,motion,ON,bathroom,normal
06-03-2025 08:19,S38,temperature,15,backyard,normal
06-03-2025 08:22,S50,door,OPEN,living_room,normal
06-03-2025 08:23,S34,glass_break,DETECTED,garage,anomaly
06-03-2025 08:24,S32,temperature,23,kitchen,normal
06-03-2025 08:26,S41,camera,TRIGGERED,bedroom,normal
06-03-2025 08:28,S18,window,CLOSED,garage,normal
06-03-2025 08:28,S21,window,CLOSED,bedroom,normal
06-03-2025 08:28,S28,temperature,22,bathroom,normal
06-03-2025 08:28,S12,window,OPEN,bedroom,normal
06-03-2025 08:29,S23,door,CLOSED,backyard,normal
06-03-2025 08:30,S7,temperature,24,garage,normal
06-03-2025 08:30,S50,temperature,15,garage,normal
06-03-2025 08:30,S42,glass_break,DETECTED,bedroom,anomaly
06-03-2025 08:31,S20,motion,OFF,garage,normal
06-03-2025 08:33,S32,camera,IDLE,garage,normal
06-03-2025 08:35,S43,temperature,21,kitchen,normal
06-03-2025 08:35,S29,door,CLOSED,garage,normal
06-03-2025 08:35,S17,glass_break,NONE,front_door,normal
06-03-2025 08:36,S27,camera,IDLE,front_door,normal
06-03-2025 08:38,S29,glass_break,DETECTED,garage,anomaly
06-03-2025 08:44,S33,glass_break,DETECTED,front_door,anomaly
06-03-2025 08:45,S15,glass_break,NONE,bathroom,normal
06-03-2025 08:45,S30,temperature,26,front_door,normal
06-03-2025 08:46,S33,glass_break,NONE,backyard,normal
06-03-2025 08:46,S9,window,CLOSED,living_room,normal
06-03-2025 08:46,S9,motion,OFF,bedroom,normal
06-03-2025 08:47,S49,glass_break,DETECTED,bathroom,anomaly
06-03-2025 08:47,S3,glass_break,DETECTED,living_room,anomaly
06-03-2025 08:48,S29,camera,IDLE,bathroom,normal
06-03-2025 08:49,S37,glass_break,DETECTED,backyard,anomaly
06-03-2025 08:49,S9,temperature,23,backyard,normal
06-03-2025 08:49,S38,motion,ON,living_room,normal
06-03-2025 08:49,S8,glass_break,DETECTED,backyard,anomaly
06-03-2025 08:50,S44,temperature,23,backyard,normal
06-03-2025 08:51,S48,motion,ON,bedroom,normal
06-03-2025 08:53,S15,glass_break,DETECTED,bathroom,anomaly
06-03-2025 08:53,S12,glass_break,NONE,front_door,normal
06-03-2025 08:55,S21,window,CLOSED,kitchen,normal
06-03-2025 08:59,S5,window,CLOSED,living_room,normal
06-03-2025 08:59,S49,temperature,16,front_door,normal
06-03-2025 08:59,S16,door,CLOSED,garage,normal
06-03-2025 09:00,S29,camera,IDLE,kitchen,normal
06-03-2025 09:01,S10,window,CLOSED,bathroom,normal
06-03-2025 09:04,S10,window,CLOSED,living_room,normal
06-03-2025 09:04,S7,window,OPEN,bedroom,normal
06-03-2025 09:05,S39,camera,IDLE,kitchen,normal
06-03-2025 09:05,S24,glass_break,DETECTED,living_room,anomaly
06-03-2025 09:05,S3,door,OPEN,bathroom,normal
06-03-2025 09:05,S5,window,OPEN,bedroom,normal
06-03-2025 09:06,S14,temperature,22,living_room,normal
06-03-2025 09:06,S26,camera,TRIGGERED,garage,normal
06-03-2025 09:07,S42,camera,TRIGGERED,garage,normal
06-03-2025 09:09,S28,motion,ON,front_door,normal
06-03-2025 09:09,S26,window,OPEN,kitchen,normal
06-03-2025 09:10,S40,camera,IDLE,bedroom,normal
06-03-2025 09:10,S38,glass_break,DETECTED,bathroom,anomaly
06-03-2025 09:11,S38,motion,ON,backyard,normal
06-03-2025 09:12,S41,temperature,20,garage,normal
06-03-2025 09:13,S47,window,OPEN,garage,normal
06-03-2025 09:14,S4,camera,TRIGGERED,kitchen,normal
06-03-2025 09:14,S33,motion,OFF,front_door,normal
06-03-2025 09:16,S20,motion,ON,front_door,normal
06-03-2025 09:18,S13,window,OPEN,front_door,normal
06-03-2025 09:18,S41,camera,TRIGGERED,bathroom,normal
06-03-2025 09:19,S48,door,CLOSED,front_door,normal
06-03-2025 09:19,S40,temperature,20,living_room,normal
06-03-2025 09:19,S43,window,OPEN,bedroom,normal
06-03-2025 09:20,S32,motion,ON,backyard,normal
06-03-2025 09:20,S18,door,CLOSED,garage,normal
06-03-2025 09:21,S3,window,CLOSED,garage,normal
06-03-2025 09:21,S14,temperature,29,living_room,normal
06-03-2025 09:21,S43,temperature,30,kitchen,normal
06-03-2025 09:24,S33,glass_break,DETECTED,living_room,anomaly
06-03-2025 09:24,S47,motion,OFF,backyard,normal
06-03-2025 09:25,S37,door,OPEN,bathroom,normal
06-03-2025 09:26,S46,window,OPEN,living_room,normal
06-03-2025 09:26,S48,camera,IDLE,bedroom,normal
06-03-2025 09:27,S29,temperature,26,bedroom,normal
06-03-2025 09:27,S31,door,OPEN,backyard,normal
06-03-2025 09:31,S19,motion,OFF,bathroom,normal
06-03-2025 09:32,S9,window,CLOSED,backyard,normal
06-03-2025 09:32,S17,motion,ON,garage,normal
06-03-2025 09:32,S32,temperature,27,living_room,normal
06-03-2025 09:33,S15,window,CLOSED,backyard,normal
06-03-2025 09:33,S19,door,CLOSED,front_door,normal
06-03-2025 09:34,S35,glass_break,NONE,garage,normal
06-03-2025 09:37,S40,glass_break,DETECTED,bedroom,anomaly
06-03-2025 09:41,S34,door,CLOSED,kitchen,normal
06-03-2025 09:42,S36,door,OPEN,backyard,normal
06-03-2025 09:43,S33,window,OPEN,bedroom,normal
06-03-2025 09:44,S31,door,CLOSED,kitchen,normal
06-03-2025 09:45,S20,temperature,22,living_room,normal
06-03-2025 09:45,S11,temperature,21,garage,normal
06-03-2025 09:46,S32,temperature,22,front_door,normal
06-03-2025 09:46,S13,glass_break,NONE,front_door,normal
06-03-2025 09:48,S45,camera,TRIGGERED,living_room,normal
06-03-2025 09:55,S42,window,CLOSED,bedroom,normal
06-03-2025 09:55,S10,motion,OFF,backyard,normal
06-03-2025 09:56,S44,window,OPEN,bathroom,normal
06-03-2025 09:57,S37,glass_break,DETECTED,backyard,anomaly
06-03-2025 09:59,S8,temperature,19,kitchen,normal
06-03-2025 09:59,S6,glass_break,DETECTED,front_door,anomaly
06-03-2025 10:03,S2,temperature,20,front_door,normal
06-03-2025 10:03,S35,camera,TRIGGERED,living_room,normal
06-03-2025 10:06,S48,motion,ON,living_room,normal
06-03-2025 10:06,S18,glass_break,DETECTED,bedroom,anomaly
06-03-2025 10:08,S41,window,CLOSED,bedroom,normal
06-03-2025 10:09,S30,door,OPEN,bedroom,normal
06-03-2025 10:09,S8,temperature,26,garage,normal
06-03-2025 10:09,S28,camera,IDLE,kitchen,normal
06-03-2025 10:09,S22,door,OPEN,living_room,normal
06-03-2025 10:09,S13,door,CLOSED,bedroom,normal
06-03-2025 10:10,S17,glass_break,DETECTED,living_room,anomaly
06-03-2025 10:10,S27,door,CLOSED,backyard,normal
06-03-2025 10:10,S8,window,CLOSED,kitchen,normal
06-03-2025 10:12,S44,motion,OFF,bedroom,normal
06-03-2025 10:12,S39,window,CLOSED,front_door,normal
06-03-2025 10:12,S40,camera,TRIGGERED,backyard,normal
06-03-2025 10:13,S41,window,OPEN,kitchen,normal
06-03-2025 10:13,S46,window,OPEN,bathroom,normal
06-03-2025 10:13,S45,glass_break,DETECTED,kitchen,anomaly
06-03-2025 10:14,S29,window,OPEN,kitchen,normal
06-03-2025 10:14,S3,temperature,23,kitchen,normal
06-03-2025 10:15,S4,temperature,16,bathroom,normal
06-03-2025 10:15,S34,door,OPEN,bathroom,normal
06-03-2025 10:15,S12,motion,OFF,backyard,normal
06-03-2025 10:15,S27,glass_break,NONE,bedroom,normal
06-03-2025 10:19,S10,window,OPEN,kitchen,normal
06-03-2025 10:20,S47,door,OPEN,garage,normal
06-03-2025 10:21,S43,camera,TRIGGERED,bathroom,normal
06-03-2025 10:21,S13,motion,ON,front_door,normal
06-03-2025 10:22,S20,glass_break,DETECTED,bathroom,anomaly
06-03-2025 10:24,S1,door,CLOSED,garage,normal
06-03-2025 10:24,S20,temperature,25,kitchen,normal
06-03-2025 10:24,S11,glass_break,DETECTED,backyard,anomaly
06-03-2025 10:25,S48,door,CLOSED,garage,normal
06-03-2025 10:30,S2,motion,OFF,garage,normal
06-03-2025 10:30,S28,camera,TRIGGERED,front_door,normal
06-03-2025 10:30,S32,glass_break,NONE,backyard,normal
06-03-2025 10:30,S10,motion,OFF,garage,normal
06-03-2025 10:30,S18,motion,ON,front_door,normal
06-03-2025 10:33,S6,temperature,18,garage,normal
06-03-2025 10:35,S38,window,OPEN,kitchen,normal
06-03-2025 10:36,S41,motion,ON,front_door,normal
06-03-2025 10:38,S25,motion,OFF,garage,normal
06-03-2025 10:39,S45,glass_break,NONE,bathroom,normal
06-03-2025 10:40,S8,temperature,18,garage,normal
06-03-2025 10:41,S4,motion,ON,front_door,normal
06-03-2025 10:41,S5,glass_break,NONE,living_room,normal
06-03-2025 10:42,S49,door,OPEN,bedroom,normal
06-03-2025 10:46,S29,window,OPEN,garage,normal
06-03-2025 10:46,S38,window,OPEN,bathroom,normal
06-03-2025 10:47,S33,glass_break,NONE,garage,normal
06-03-2025 10:47,S34,door,CLOSED,backyard,normal
06-03-2025 10:51,S16,camera,TRIGGERED,garage,normal
06-03-2025 10:52,S42,temperature,23,front_door,normal
06-03-2025 10:53,S19,window,OPEN,bathroom,normal
06-03-2025 10:53,S36,camera,IDLE,living_room,normal
06-03-2025 10:53,S45,camera,TRIGGERED,living_room,normal
06-03-2025 10:54,S34,door,OPEN,kitchen,normal
06-03-2025 10:55,S5,window,CLOSED,kitchen,normal
06-03-2025 10:56,S11,glass_break,NONE,garage,normal
06-03-2025 10:57,S44,motion,OFF,kitchen,normal
06-03-2025 10:57,S41,window,CLOSED,bathroom,normal
06-03-2025 10:58,S3,temperature,17,front_door,normal
06-03-2025 11:00,S24,door,OPEN,front_door,normal
06-03-2025 11:00,S7,camera,TRIGGERED,bedroom,normal
06-03-2025 11:00,S24,window,CLOSED,garage,normal
06-03-2025 11:03,S19,glass_break,NONE,kitchen,normal
06-03-2025 11:03,S37,motion,OFF,bathroom,normal
06-03-2025 11:04,S10,camera,TRIGGERED,living_room,normal
06-03-2025 11:05,S48,temperature,22,kitchen,normal
06-03-2025 11:05,S40,window,OPEN,living_room,normal
06-03-2025 11:07,S33,motion,OFF,garage,normal
06-03-2025 11:10,S4,motion,ON,bedroom,normal
06-03-2025 11:10,S26,temperature,23,living_room,normal
06-03-2025 11:11,S45,camera,IDLE,bedroom,normal
06-03-2025 11:13,S44,glass_break,DETECTED,front_door,anomaly
06-03-2025 11:15,S43,motion,OFF,backyard,normal
06-03-2025 11:17,S49,camera,TRIGGERED,kitchen,normal
06-03-2025 11:17,S28,door,OPEN,backyard,normal
06-03-2025 11:17,S40,camera,IDLE,front_door,normal
06-03-2025 11:18,S21,temperature,26,garage,normal
06-03-2025 11:19,S36,window,OPEN,bathroom,normal
06-03-2025 11:20,S30,motion,OFF,backyard,normal
06-03-2025 11:25,S34,window,OPEN,kitchen,normal
06-03-2025 11:26,S45,camera,IDLE,backyard,normal
06-03-2025 11:26,S9,temperature,15,bedroom,normal
06-03-2025 11:26,S8,glass_break,NONE,bedroom,normal
06-03-2025 11:26,S36,motion,ON,kitchen,normal
06-03-2025 11:27,S34,door,OPEN,living_room,normal
06-03-2025 11:32,S6,window,CLOSED,bedroom,normal
06-03-2025 11:32,S31,camera,IDLE,bathroom,normal
06-03-2025 11:33,S18,window,OPEN,living_room,normal
06-03-2025 11:33,S22,temperature,15,bedroom,normal
06-03-2025 11:33,S13,door,CLOSED,backyard,normal
06-03-2025 11:35,S34,motion,OFF,garage,normal
06-03-2025 11:37,S19,window,OPEN,bathroom,normal
06-03-2025 11:38,S8,window,OPEN,kitchen,normal
06-03-2025 11:38,S32,door,CLOSED,kitchen,normal
06-03-2025 11:39,S30,window,CLOSED,garage,normal
06-03-2025 11:40,S31,camera,IDLE,living_room,normal
06-03-2025 11:40,S24,window,CLOSED,backyard,normal
06-03-2025 11:41,S5,camera,IDLE,garage,normal
06-03-2025 11:42,S47,temperature,21,front_door,normal
06-03-2025 11:43,S22,camera,TRIGGERED,front_door,normal
06-03-2025 11:44,S10,camera,TRIGGERED,kitchen,normal
06-03-2025 11:45,S9,camera,IDLE,front_door,normal
06-03-2025 11:45,S15,door,OPEN,front_door,normal
06-03-2025 11:47,S41,camera,IDLE,kitchen,normal
06-03-2025 11:48,S49,door,OPEN,bathroom,normal
06-03-2025 11:48,S10,door,OPEN,bathroom,normal
06-03-2025 11:49,S14,glass_break,DETECTED,kitchen,anomaly
06-03-2025 11:51,S27,camera,IDLE,front_door,normal
06-03-2025 11:51,S47,motion,ON,living_room,normal
06-03-2025 11:52,S28,door,OPEN,living_room,normal
06-03-2025 11:53,S28,window,CLOSED,living_room,normal
06-03-2025 11:53,S34,glass_break,NONE,bedroom,normal
06-03-2025 11:55,S50,motion,OFF,garage,normal
06-03-2025 11:57,S30,window,OPEN,bedroom,normal
06-03-2025 12:00,S24,glass_break,NONE,kitchen,normal
06-03-2025 12:01,S4,motion,ON,living_room,normal
06-03-2025 12:01,S39,door,CLOSED,bathroom,normal
06-03-2025 12:02,S2,temperature,28,front_door,normal
06-03-2025 12:03,S27,motion,OFF,bathroom,normal
06-03-2025 12:05,S19,temperature,19,garage,normal
06-03-2025 12:09,S33,window,CLOSED,backyard,normal
06-03-2025 12:09,S47,temperature,27,living_room,normal
06-03-2025 12:10,S50,door,CLOSED,bedroom,normal
06-03-2025 12:11,S18,door,CLOSED,front_door,normal
06-03-2025 12:12,S30,motion,OFF,garage,normal
06-03-2025 12:13,S28,motion,ON,living_room,normal
06-03-2025 12:14,S16,temperature,28,front_door,normal
06-03-2025 12:14,S34,glass_break,DETECTED,front_door,anomaly
06-03-2025 12:14,S30,camera,TRIGGERED,kitchen,normal
06-03-2025 12:16,S21,window,CLOSED,front_door,normal
06-03-2025 12:16,S5,window,CLOSED,front_door,normal
06-03-2025 12:16,S30,temperature,22,garage,normal
06-03-2025 12:20,S42,camera,TRIGGERED,garage,normal
06-03-2025 12:20,S8,window,OPEN,garage,normal
06-03-2025 12:21,S42,camera,IDLE,bathroom,normal
06-03-2025 12:22,S25,window,OPEN,bathroom,normal
06-03-2025 12:22,S46,temperature,23,backyard,normal
06-03-2025 12:24,S2,motion,ON,backyard,normal
06-03-2025 12:25,S47,door,CLOSED,living_room,normal
06-03-2025 12:26,S11,temperature,16,bathroom,normal
06-03-2025 12:26,S29,camera,IDLE,bedroom,normal
06-03-2025 12:28,S49,glass_break,DETECTED,kitchen,anomaly
06-03-2025 12:31,S7,glass_break,NONE,backyard,normal
06-03-2025 12:32,S17,temperature,22,bathroom,normal
06-03-2025 12:34,S18,window,CLOSED,living_room,normal
06-03-2025 12:36,S5,temperature,26,kitchen,normal
06-03-2025 12:37,S10,window,OPEN,living_room,normal
06-03-2025 12:38,S33,door,CLOSED,backyard,normal
06-03-2025 12:41,S14,glass_break,DETECTED,garage,anomaly
06-03-2025 12:45,S3,motion,OFF,living_room,normal
06-03-2025 12:46,S33,camera,IDLE,garage,normal
06-03-2025 12:48,S23,glass_break,NONE,garage,normal
06-03-2025 12:48,S3,door,CLOSED,living_room,normal
06-03-2025 12:49,S19,motion,OFF,backyard,normal
06-03-2025 12:50,S25,door,CLOSED,living_room,normal
06-03-2025 12:51,S30,glass_break,DETECTED,garage,anomaly
06-03-2025 12:52,S38,temperature,22,kitchen,normal
06-03-2025 12:54,S5,motion,OFF,front_door,normal
06-03-2025 12:55,S13,camera,TRIGGERED,living_room,normal
06-03-2025 12:56,S2,window,CLOSED,front_door,normal
06-03-2025 12:56,S41,door,CLOSED,living_room,normal
06-03-2025 12:56,S2,window,OPEN,front_door,normal
06-03-2025 12:57,S18,door,CLOSED,backyard,normal
06-03-2025 12:59,S45,temperature,15,backyard,normal
06-03-2025 13:00,S11,temperature,19,bathroom,normal
06-03-2025 13:00,S31,temperature,23,living_room,normal
06-03-2025 13:02,S12,window,CLOSED,front_door,normal
06-03-2025 13:03,S46,window,CLOSED,bathroom,normal
06-03-2025 13:03,S47,glass_break,DETECTED,garage,anomaly
06-03-2025 13:04,S27,glass_break,DETECTED,bathroom,anomaly
06-03-2025 13:05,S17,window,OPEN,garage,normal
06-03-2025 13:06,S43,temperature,26,bathroom,normal
06-03-2025 13:08,S24,window,CLOSED,bathroom,normal
06-03-2025 13:09,S38,temperature,17,bedroom,normal
06-03-2025 13:14,S2,window,OPEN,bedroom,normal
06-03-2025 13:17,S31,window,OPEN,kitchen,normal
06-03-2025 13:18,S25,door,CLOSED,front_door,normal
06-03-2025 13:19,S5,camera,IDLE,kitchen,normal
06-03-2025 13:22,S7,door,OPEN,garage,normal
06-03-2025 13:24,S8,camera,IDLE,bathroom,normal
06-03-2025 13:25,S45,glass_break,NONE,bedroom,normal
06-03-2025 13:26,S37,camera,TRIGGERED,bathroom,normal
06-03-2025 13:27,S23,temperature,15,bathroom,normal
06-03-2025 13:28,S14,temperature,20,living_room,normal
06-03-2025 13:30,S30,door,OPEN,kitchen,normal
06-03-2025 13:31,S8,door,CLOSED,kitchen,normal
06-03-2025 13:31,S3,glass_break,DETECTED,backyard,anomaly
06-03-2025 13:31,S15,glass_break,DETECTED,garage,anomaly
06-03-2025 13:32,S24,camera,TRIGGERED,backyard,normal
06-03-2025 13:33,S33,motion,ON,living_room,normal
06-03-2025 13:33,S23,temperature,23,backyard,normal
06-03-2025 13:35,S38,door,OPEN,bathroom,normal
06-03-2025 13:36,S17,glass_break,NONE,living_room,normal
06-03-2025 13:38,S47,temperature,20,backyard,normal
06-03-2025 13:40,S40,camera,IDLE,bedroom,normal
06-03-2025 13:40,S4,door,CLOSED,living_room,normal
06-03-2025 13:41,S41,motion,ON,front_door,normal
06-03-2025 13:43,S16,glass_break,NONE,backyard,normal
06-03-2025 13:44,S10,camera,TRIGGERED,front_door,normal
06-03-2025 13:44,S39,window,OPEN,garage,normal
06-03-2025 13:45,S11,window,CLOSED,living_room,normal
06-03-2025 13:46,S2,motion,ON,living_room,normal
06-03-2025 13:50,S18,motion,ON,garage,normal
06-03-2025 13:50,S22,door,OPEN,living_room,normal
06-03-2025 13:51,S38,camera,TRIGGERED,backyard,normal
06-03-2025 13:51,S49,window,OPEN,living_room,normal
06-03-2025 13:51,S47,motion,OFF,front_door,normal
06-03-2025 13:51,S42,camera,TRIGGERED,kitchen,normal
06-03-2025 13:55,S3,glass_break,NONE,kitchen,normal
06-03-2025 13:56,S45,glass_break,DETECTED,garage,anomaly
06-03-2025 13:57,S30,glass_break,NONE,front_door,normal
06-03-2025 14:00,S17,door,CLOSED,bedroom,normal
06-03-2025 14:02,S29,door,OPEN,backyard,normal
06-03-2025 14:04,S41,camera,IDLE,bathroom,normal
06-03-2025 14:04,S43,window,CLOSED,living_room,normal
06-03-2025 14:05,S15,motion,OFF,garage,normal
06-03-2025 14:06,S29,motion,ON,living_room,normal
06-03-2025 14:06,S37,camera,IDLE,bathroom,normal
06-03-2025 14:07,S7,glass_break,NONE,front_door,normal
06-03-2025 14:08,S32,door,CLOSED,backyard,normal
06-03-2025 14:09,S31,window,OPEN,backyard,normal
06-03-2025 14:09,S29,camera,TRIGGERED,living_room,normal
06-03-2025 14:10,S4,door,OPEN,garage,normal
06-03-2025 14:11,S17,window,OPEN,living_room,normal
06-03-2025 14:11,S3,camera,IDLE,living_room,normal
06-03-2025 14:11,S12,door,OPEN,garage,normal
06-03-2025 14:12,S41,glass_break,DETECTED,bedroom,anomaly
06-03-2025 14:13,S30,temperature,30,front_door,normal
06-03-2025 14:13,S15,door,OPEN,living_room,normal
06-03-2025 14:15,S26,door,CLOSED,kitchen,normal
06-03-2025 14:16,S29,temperature,25,garage,normal
06-03-2025 14:19,S28,door,CLOSED,kitchen,normal
06-03-2025 14:19,S37,camera,TRIGGERED,backyard,normal
06-03-2025 14:20,S14,temperature,16,backyard,normal
06-03-2025 14:20,S5,glass_break,DETECTED,living_room,anomaly
06-03-2025 14:21,S16,door,OPEN,backyard,normal
06-03-2025 14:23,S1,door,OPEN,living_room,normal
06-03-2025 14:26,S46,window,OPEN,garage,normal
06-03-2025 14:27,S16,door,OPEN,living_room,normal
06-03-2025 14:27,S23,camera,TRIGGERED,garage,normal
06-03-2025 14:28,S28,window,CLOSED,bedroom,normal
06-03-2025 14:32,S2,motion,OFF,kitchen,normal
06-03-2025 14:33,S40,temperature,30,backyard,normal
06-03-2025 14:33,S12,window,CLOSED,kitchen,normal
06-03-2025 14:37,S22,glass_break,DETECTED,garage,anomaly
06-03-2025 14:37,S16,door,OPEN,front_door,normal
06-03-2025 14:39,S19,door,OPEN,backyard,normal
06-03-2025 14:39,S14,motion,ON,garage,normal
06-03-2025 14:41,S8,door,CLOSED,front_door,normal
06-03-2025 14:43,S18,window,CLOSED,backyard,normal
06-03-2025 14:43,S29,motion,OFF,bathroom,normal
06-03-2025 14:43,S21,motion,OFF,kitchen,normal
06-03-2025 14:45,S48,motion,ON,kitchen,normal
06-03-2025 14:45,S14,glass_break,NONE,bathroom,normal
06-03-2025 14:45,S9,glass_break,NONE,bedroom,normal
06-03-2025 14:47,S42,temperature,30,bedroom,normal
06-03-2025 14:47,S14,glass_break,NONE,garage,normal
06-03-2025 14:48,S16,window,CLOSED,kitchen,normal
06-03-2025 14:48,S28,motion,OFF,bathroom,normal
06-03-2025 14:52,S30,camera,IDLE,garage,normal
06-03-2025 14:53,S7,window,OPEN,kitchen,normal
06-03-2025 14:53,S32,door,CLOSED,garage,normal
06-03-2025 14:55,S14,camera,IDLE,garage,normal
06-03-2025 14:56,S13,motion,OFF,garage,normal
06-03-2025 15:02,S4,window,CLOSED,bedroom,normal
06-03-2025 15:02,S23,temperature,17,bathroom,normal
06-03-2025 15:03,S40,door,OPEN,kitchen,normal
06-03-2025 15:06,S47,camera,IDLE,bathroom,normal
06-03-2025 15:07,S49,camera,IDLE,front_door,normal
06-03-2025 15:07,S27,camera,IDLE,backyard,normal
06-03-2025 15:07,S36,motion,ON,bathroom,normal
06-03-2025 15:07,S10,glass_break,NONE,front_door,normal
06-03-2025 15:08,S45,camera,IDLE,bathroom,normal
06-03-2025 15:08,S27,glass_break,NONE,garage,normal
06-03-2025 15:11,S19,camera,IDLE,backyard,normal
06-03-2025 15:11,S45,window,OPEN,backyard,normal
06-03-2025 15:11,S12,glass_break,NONE,garage,normal
06-03-2025 15:11,S12,temperature,15,front_door,normal
06-03-2025 15:11,S27,camera,IDLE,kitchen,normal
06-03-2025 15:12,S25,temperature,28,front_door,normal
06-03-2025 15:13,S21,temperature,19,garage,normal
06-03-2025 15:14,S42,glass_break,DETECTED,living_room,anomaly
06-03-2025 15:16,S30,glass_break,DETECTED,garage,anomaly
06-03-2025 15:17,S25,temperature,22,kitchen,normal
06-03-2025 15:17,S48,glass_break,NONE,kitchen,normal
06-03-2025 15:18,S16,motion,ON,bedroom,normal
06-03-2025 15:18,S13,door,CLOSED,front_door,normal
06-03-2025 15:18,S9,motion,ON,living_room,normal
06-03-2025 15:19,S16,camera,IDLE,living_room,normal
06-03-2025 15:21,S6,motion,ON,backyard,normal
06-03-2025 15:22,S8,glass_break,NONE,bedroom,normal
06-03-2025 15:23,S19,temperature,18,bedroom,normal
06-03-2025 15:24,S34,camera,TRIGGERED,bathroom,normal
06-03-2025 15:24,S10,glass_break,DETECTED,bathroom,anomaly
06-03-2025 15:25,S24,temperature,29,living_room,normal
06-03-2025 15:29,S28,window,OPEN,kitchen,normal
06-03-2025 15:30,S4,camera,TRIGGERED,bedroom,normal
06-03-2025 15:31,S8,motion,ON,backyard,normal
06-03-2025 15:31,S43,glass_break,NONE,backyard,normal
06-03-2025 15:32,S22,door,CLOSED,front_door,normal
06-03-2025 15:33,S40,temperature,17,kitchen,normal
06-03-2025 15:33,S49,door,CLOSED,garage,normal
06-03-2025 15:33,S17,door,CLOSED,backyard,normal
06-03-2025 15:36,S46,motion,ON,backyard,normal
06-03-2025 15:37,S9,temperature,27,kitchen,normal
06-03-2025 15:40,S48,window,OPEN,kitchen,normal
06-03-2025 15:42,S32,camera,IDLE,living_room,normal
06-03-2025 15:43,S39,glass_break,DETECTED,living_room,anomaly
06-03-2025 15:46,S28,door,OPEN,front_door,normal
06-03-2025 15:47,S7,window,CLOSED,bedroom,normal
06-03-2025 15:48,S7,door,CLOSED,kitchen,normal
06-03-2025 15:48,S18,glass_break,DETECTED,front_door,anomaly
06-03-2025 15:49,S37,window,CLOSED,front_door,normal
06-03-2025 15:49,S20,temperature,23,backyard,normal
06-03-2025 15:50,S15,window,CLOSED,bedroom,normal
06-03-2025 15:50,S49,temperature,22,backyard,normal
06-03-2025 15:52,S7,glass_break,NONE,kitchen,normal
06-03-2025 15:52,S46,window,OPEN,garage,normal
06-03-2025 15:54,S11,glass_break,DETECTED,kitchen,anomaly
06-03-2025 15:55,S48,window,OPEN,bathroom,normal
06-03-2025 15:55,S3,camera,TRIGGERED,garage,normal
06-03-2025 15:57,S36,temperature,20,garage,normal
06-03-2025 15:57,S8,glass_break,DETECTED,kitchen,anomaly
06-03-2025 15:58,S29,camera,TRIGGERED,garage,normal
06-03-2025 15:58,S3,glass_break,NONE,bathroom,normal
06-03-2025 15:59,S26,window,OPEN,front_door,normal
06-03-2025 16:01,S29,camera,IDLE,front_door,normal
06-03-2025 16:01,S35,door,CLOSED,living_room,normal
06-03-2025 16:03,S5,glass_break,DETECTED,backyard,anomaly
06-03-2025 16:03,S41,glass_break,DETECTED,bathroom,anomaly
06-03-2025 16:03,S50,temperature,17,bedroom,normal
06-03-2025 16:04,S3,temperature,21,bathroom,normal
06-03-2025 16:04,S36,temperature,30,bedroom,normal
06-03-2025 16:07,S49,window,OPEN,backyard,normal
06-03-2025 16:07,S42,glass_break,DETECTED,kitchen,anomaly
06-03-2025 16:08,S46,window,OPEN,bedroom,normal
06-03-2025 16:08,S47,door,OPEN,living_room,normal
06-03-2025 16:10,S25,door,OPEN,garage,normal
06-03-2025 16:10,S4,motion,ON,bathroom,normal
06-03-2025 16:11,S5,motion,ON,kitchen,normal
06-03-2025 16:11,S31,glass_break,NONE,living_room,normal
06-03-2025 16:14,S48,camera,IDLE,living_room,normal
06-03-2025 16:15,S1,glass_break,DETECTED,backyard,anomaly
06-03-2025 16:15,S34,door,CLOSED,kitchen,normal
06-03-2025 16:18,S39,door,CLOSED,backyard,normal
06-03-2025 16:18,S9,camera,IDLE,front_door,normal
06-03-2025 16:18,S13,motion,OFF,backyard,normal
06-03-2025 16:20,S23,window,OPEN,garage,normal
06-03-2025 16:20,S37,glass_break,NONE,bathroom,normal
06-03-2025 16:21,S7,motion,OFF,backyard,normal
06-03-2025 16:22,S43,camera,TRIGGERED,living_room,normal
06-03-2025 16:24,S3,camera,TRIGGERED,garage,normal
06-03-2025 16:25,S38,window,OPEN,kitchen,normal
06-03-2025 16:25,S13,door,CLOSED,kitchen,normal
06-03-2025 16:28,S34,glass_break,NONE,garage,normal
06-03-2025 16:28,S33,window,CLOSED,living_room,normal
06-03-2025 16:28,S46,camera,IDLE,front_door,normal
06-03-2025 16:29,S43,glass_break,DETECTED,garage,anomaly
06-03-2025 16:30,S20,camera,IDLE,kitchen,normal
06-03-2025 16:30,S1,door,OPEN,garage,normal
06-03-2025 16:31,S16,motion,ON,bathroom,normal
06-03-2025 16:33,S16,temperature,22,garage,normal
06-03-2025 16:34,S1,temperature,16,bedroom,normal
06-03-2025 16:35,S31,temperature,24,living_room,normal
06-03-2025 16:35,S32,camera,IDLE,backyard,normal
06-03-2025 16:36,S46,door,CLOSED,front_door,normal
06-03-2025 16:37,S43,camera,IDLE,bedroom,normal
06-03-2025 16:39,S50,temperature,23,kitchen,normal
06-03-2025 16:39,S43,temperature,29,living_room,normal
06-03-2025 16:42,S39,camera,IDLE,backyard,normal
06-03-2025 16:43,S45,glass_break,DETECTED,bathroom,anomaly
06-03-2025 16:44,S38,window,OPEN,front_door,normal
06-03-2025 16:47,S37,camera,TRIGGERED,garage,normal
06-03-2025 16:48,S22,motion,ON,living_room,normal
06-03-2025 16:48,S49,window,CLOSED,kitchen,normal
06-03-2025 16:48,S24,camera,TRIGGERED,bathroom,normal
06-03-2025 16:49,S12,temperature,26,backyard,normal
06-03-2025 16:52,S10,motion,ON,backyard,normal
06-03-2025 16:52,S49,door,OPEN,living_room,normal
06-03-2025 16:54,S2,motion,ON,living_room,normal
06-03-2025 16:55,S21,glass_break,NONE,living_room,normal
06-03-2025 16:55,S38,temperature,25,bedroom,normal
06-03-2025 16:56,S27,temperature,18,bedroom,normal
06-03-2025 16:56,S45,temperature,18,kitchen,normal
06-03-2025 16:59,S43,motion,ON,garage,normal
06-03-2025 17:00,S4,glass_break,DETECTED,kitchen,anomaly
06-03-2025 17:00,S7,window,CLOSED,kitchen,normal
06-03-2025 17:00,S12,camera,TRIGGERED,backyard,normal
06-03-2025 17:00,S25,camera,IDLE,bedroom,normal
06-03-2025 17:01,S37,motion,ON,bedroom,normal
06-03-2025 17:01,S16,glass_break,NONE,bathroom,normal
06-03-2025 17:02,S35,glass_break,NONE,front_door,normal
06-03-2025 17:04,S38,temperature,21,bathroom,normal
06-03-2025 17:05,S4,glass_break,DETECTED,bathroom,anomaly
06-03-2025 17:06,S26,motion,ON,front_door,normal
06-03-2025 17:07,S50,window,OPEN,kitchen,normal
06-03-2025 17:09,S3,glass_break,NONE,kitchen,normal
06-03-2025 17:09,S11,temperature,23,backyard,normal
06-03-2025 17:09,S20,temperature,22,kitchen,normal
06-03-2025 17:11,S3,motion,OFF,front_door,normal
06-03-2025 17:12,S23,temperature,22,bedroom,normal
06-03-2025 17:12,S32,temperature,24,kitchen,normal
06-03-2025 17:12,S14,door,OPEN,bedroom,normal
06-03-2025 17:12,S48,glass_break,DETECTED,kitchen,anomaly
06-03-2025 17:14,S7,window,CLOSED,bedroom,normal
06-03-2025 17:14,S42,window,OPEN,living_room,normal
06-03-2025 17:14,S20,temperature,30,kitchen,normal
06-03-2025 17:15,S27,camera,TRIGGERED,front_door,normal
06-03-2025 17:16,S29,glass_break,NONE,garage,normal
06-03-2025 17:17,S25,glass_break,DETECTED,backyard,anomaly
06-03-2025 17:17,S37,door,OPEN,living_room,normal
06-03-2025 17:19,S36,door,OPEN,bedroom,normal
06-03-2025 17:19,S46,motion,OFF,front_door,normal
06-03-2025 17:20,S8,motion,OFF,bathroom,normal
06-03-2025 17:20,S18,door,OPEN,garage,normal
06-03-2025 17:21,S36,window,OPEN,bathroom,normal
06-03-2025 17:22,S39,window,OPEN,backyard,normal
06-03-2025 17:22,S21,camera,IDLE,backyard,normal
06-03-2025 17:23,S21,temperature,29,bedroom,normal
06-03-2025 17:27,S30,glass_break,DETECTED,front_door,anomaly
06-03-2025 17:28,S5,temperature,17,front_door,normal
06-03-2025 17:28,S10,window,OPEN,bathroom,normal
06-03-2025 17:30,S41,glass_break,DETECTED,backyard,anomaly
06-03-2025 17:30,S16,window,OPEN,bedroom,normal
06-03-2025 17:30,S34,camera,IDLE,front_door,normal
06-03-2025 17:31,S24,temperature,18,kitchen,normal
06-03-2025 17:31,S37,motion,ON,front_door,normal
06-03-2025 17:31,S4,motion,ON,backyard,normal
06-03-2025 17:33,S25,window,OPEN,living_room,normal
06-03-2025 17:35,S41,window,OPEN,garage,normal
06-03-2025 17:35,S44,motion,OFF,bedroom,normal
06-03-2025 17:37,S41,window,CLOSED,bathroom,normal
06-03-2025 17:39,S22,glass_break,NONE,front_door,normal
06-03-2025 17:42,S18,door,CLOSED,backyard,normal
06-03-2025 17:43,S12,camera,IDLE,front_door,normal
06-03-2025 17:44,S15,door,CLOSED,bedroom,normal
06-03-2025 17:45,S3,glass_break,NONE,living_room,normal
06-03-2025 17:46,S21,motion,OFF,kitchen,normal
06-03-2025 17:46,S28,camera,TRIGGERED,kitchen,normal
06-03-2025 17:48,S7,motion,OFF,bathroom,normal
06-03-2025 17:48,S6,camera,TRIGGERED,living_room,normal
06-03-2025 17:48,S3,window,OPEN,front_door,normal
06-03-2025 17:48,S38,window,OPEN,garage,normal
06-03-2025 17:49,S50,door,CLOSED,bathroom,normal
06-03-2025 17:50,S27,camera,IDLE,bedroom,normal
06-03-2025 17:51,S3,door,OPEN,front_door,normal
06-03-2025 17:52,S44,window,CLOSED,kitchen,normal
06-03-2025 17:52,S10,door,OPEN,kitchen,normal
06-03-2025 17:54,S17,door,OPEN,kitchen,normal
06-03-2025 17:56,S22,camera,IDLE,bedroom,normal
06-03-2025 17:58,S31,window,OPEN,garage,normal
06-03-2025 17:59,S1,door,OPEN,front_door,normal
06-03-2025 17:59,S6,door,CLOSED,backyard,normal
06-03-2025 18:00,S8,camera,IDLE,bathroom,normal
06-03-2025 18:00,S33,camera,IDLE,living_room,normal
06-03-2025 18:01,S35,glass_break,NONE,bathroom,normal
06-03-2025 18:01,S15,door,CLOSED,kitchen,normal
06-03-2025 18:02,S6,temperature,21,garage,normal
06-03-2025 18:03,S50,temperature,16,front_door,normal
06-03-2025 18:04,S26,window,CLOSED,living_room,normal
06-03-2025 18:05,S37,temperature,25,kitchen,normal
06-03-2025 18:06,S26,glass_break,DETECTED,garage,anomaly
06-03-2025 18:08,S29,motion,OFF,living_room,normal
06-03-2025 18:09,S45,glass_break,NONE,garage,normal
06-03-2025 18:10,S23,glass_break,DETECTED,backyard,anomaly
06-03-2025 18:12,S9,door,CLOSED,bedroom,normal
06-03-2025 18:12,S10,motion,ON,front_door,normal
06-03-2025 18:14,S34,door,OPEN,front_door,normal
06-03-2025 18:14,S34,door,CLOSED,bedroom,normal
06-03-2025 18:15,S3,camera,IDLE,kitchen,normal
06-03-2025 18:16,S37,glass_break,DETECTED,bathroom,anomaly
06-03-2025 18:18,S40,glass_break,DETECTED,backyard,anomaly
06-03-2025 18:20,S18,temperature,30,living_room,normal
06-03-2025 18:20,S41,window,OPEN,bathroom,normal
06-03-2025 18:20,S29,temperature,22,bathroom,normal
06-03-2025 18:20,S46,temperature,18,bathroom,normal
06-03-2025 18:21,S11,camera,TRIGGERED,garage,normal
06-03-2025 18:22,S11,door,CLOSED,bedroom,normal
06-03-2025 18:23,S24,temperature,15,backyard,normal
06-03-2025 18:25,S26,motion,OFF,garage,normal
06-03-2025 18:25,S33,window,OPEN,garage,normal
06-03-2025 18:26,S35,camera,IDLE,front_door,normal
06-03-2025 18:30,S14,window,OPEN,garage,normal
06-03-2025 18:30,S35,door,OPEN,kitchen,normal
06-03-2025 18:31,S46,window,CLOSED,backyard,normal
06-03-2025 18:32,S47,window,OPEN,living_room,normal
06-03-2025 18:33,S10,temperature,20,bedroom,normal
06-03-2025 18:33,S13,glass_break,DETECTED,living_room,anomaly
06-03-2025 18:33,S1,glass_break,NONE,kitchen,normal
06-03-2025 18:34,S12,temperature,19,living_room,normal
06-03-2025 18:34,S23,window,OPEN,backyard,normal
06-03-2025 18:35,S16,window,OPEN,bedroom,normal
06-03-2025 18:35,S18,window,OPEN,kitchen,normal
06-03-2025 18:35,S3,window,OPEN,living_room,normal
06-03-2025 18:36,S13,window,OPEN,front_door,normal
06-03-2025 18:36,S46,glass_break,DETECTED,garage,anomaly
06-03-2025 18:39,S45,camera,TRIGGERED,living_room,normal
06-03-2025 18:39,S40,door,OPEN,garage,normal
06-03-2025 18:39,S49,camera,TRIGGERED,backyard,normal
06-03-2025 18:41,S7,glass_break,DETECTED,kitchen,anomaly
06-03-2025 18:42,S32,temperature,25,bathroom,normal
06-03-2025 18:44,S44,window,CLOSED,kitchen,normal
06-03-2025 18:45,S23,camera,TRIGGERED,kitchen,normal
06-03-2025 18:46,S15,window,OPEN,garage,normal
06-03-2025 18:47,S31,glass_break,NONE,garage,normal
06-03-2025 18:48,S11,camera,IDLE,bedroom,normal
06-03-2025 18:52,S38,glass_break,NONE,garage,normal
06-03-2025 18:54,S12,door,CLOSED,front_door,normal
06-03-2025 18:54,S4,camera,IDLE,bedroom,normal
06-03-2025 18:56,S39,window,OPEN,garage,normal
06-03-2025 18:56,S34,door,OPEN,backyard,normal
06-03-2025 18:56,S38,motion,ON,kitchen,normal
06-03-2025 18:56,S50,window,OPEN,kitchen,normal
06-03-2025 18:58,S1,motion,ON,garage,normal
06-03-2025 18:58,S14,motion,OFF,bedroom,normal
06-03-2025 18:59,S25,motion,ON,front_door,normal
06-03-2025 18:59,S14,glass_break,NONE,bedroom,normal
06-03-2025 19:00,S13,camera,TRIGGERED,kitchen,normal
06-03-2025 19:01,S8,window,CLOSED,garage,normal
06-03-2025 19:01,S29,camera,IDLE,kitchen,normal
06-03-2025 19:01,S37,glass_break,DETECTED,garage,anomaly
06-03-2025 19:01,S3,window,OPEN,living_room,normal
06-03-2025 19:02,S38,glass_break,DETECTED,front_door,anomaly
06-03-2025 19:04,S2,camera,TRIGGERED,bedroom,normal
06-03-2025 19:04,S25,window,OPEN,front_door,normal
06-03-2025 19:05,S45,temperature,26,bedroom,normal
06-03-2025 19:05,S27,door,OPEN,living_room,normal
06-03-2025 19:06,S49,temperature,15,garage,normal
06-03-2025 19:09,S45,window,OPEN,bathroom,normal
06-03-2025 19:10,S39,camera,TRIGGERED,garage,normal
06-03-2025 19:11,S5,motion,ON,front_door,normal
06-03-2025 19:12,S22,temperature,22,kitchen,normal
06-03-2025 19:12,S14,door,CLOSED,garage,normal
06-03-2025 19:14,S21,glass_break,NONE,backyard,normal
06-03-2025 19:14,S12,motion,ON,bathroom,normal
06-03-2025 19:14,S11,camera,IDLE,garage,normal
06-03-2025 19:17,S48,camera,TRIGGERED,backyard,normal
06-03-2025 19:19,S19,glass_break,NONE,living_room,normal
06-03-2025 19:19,S37,temperature,28,bathroom,normal
06-03-2025 19:20,S28,camera,TRIGGERED,living_room,normal
06-03-2025 19:22,S48,door,CLOSED,backyard,normal
06-03-2025 19:23,S7,door,OPEN,front_door,normal
06-03-2025 19:24,S7,glass_break,DETECTED,living_room,anomaly
06-03-2025 19:24,S19,window,CLOSED,living_room,normal
06-03-2025 19:26,S15,window,OPEN,living_room,normal
06-03-2025 19:27,S36,camera,IDLE,living_room,normal
06-03-2025 19:27,S31,temperature,19,bathroom,normal
06-03-2025 19:28,S8,camera,IDLE,backyard,normal
06-03-2025 19:29,S23,door,OPEN,front_door,normal
06-03-2025 19:30,S39,camera,IDLE,front_door,normal
06-03-2025 19:30,S32,door,OPEN,kitchen,normal
06-03-2025 19:31,S18,glass_break,NONE,garage,normal
06-03-2025 19:32,S25,door,OPEN,bedroom,normal
06-03-2025 19:32,S49,camera,TRIGGERED,front_door,normal
06-03-2025 19:35,S21,door,OPEN,garage,normal
06-03-2025 19:36,S42,motion,ON,living_room,normal
06-03-2025 19:37,S32,temperature,22,living_room,normal
06-03-2025 19:37,S26,window,OPEN,kitchen,normal
06-03-2025 19:40,S43,camera,IDLE,living_room,normal
06-03-2025 19:40,S24,window,OPEN,garage,normal
06-03-2025 19:41,S10,temperature,19,living_room,normal
06-03-2025 19:42,S43,temperature,23,kitchen,normal
06-03-2025 19:42,S50,camera,IDLE,bedroom,normal
06-03-2025 19:43,S36,window,CLOSED,bedroom,normal
06-03-2025 19:43,S15,window,OPEN,front_door,normal
06-03-2025 19:43,S28,temperature,18,front_door,normal
06-03-2025 19:43,S23,door,OPEN,bathroom,normal
06-03-2025 19:44,S39,door,OPEN,front_door,normal
06-03-2025 19:44,S22,temperature,23,living_room,normal
06-03-2025 19:45,S13,window,OPEN,bedroom,normal
06-03-2025 19:46,S11,door,CLOSED,backyard,normal
06-03-2025 19:47,S6,motion,ON,garage,normal
06-03-2025 19:48,S12,glass_break,NONE,front_door,normal
06-03-2025 19:49,S50,glass_break,DETECTED,bedroom,anomaly
06-03-2025 19:52,S37,door,OPEN,front_door,normal
06-03-2025 19:53,S43,camera,IDLE,bedroom,normal
06-03-2025 19:53,S36,camera,TRIGGERED,living_room,normal
06-03-2025 19:54,S6,motion,OFF,living_room,normal
06-03-2025 19:54,S41,temperature,18,backyard,normal
06-03-2025 19:56,S33,glass_break,DETECTED,garage,anomaly
06-03-2025 19:57,S22,camera,TRIGGERED,backyard,normal
06-03-2025 19:57,S21,temperature,27,front_door,normal
06-03-2025 19:58,S48,temperature,27,kitchen,normal
06-03-2025 20:00,S9,camera,IDLE,bedroom,normal
06-03-2025 20:03,S31,motion,ON,backyard,normal
06-03-2025 20:03,S37,temperature,25,bedroom,normal
06-03-2025 20:03,S23,window,CLOSED,bedroom,normal
06-03-2025 20:04,S18,temperature,21,backyard,normal
06-03-2025 20:06,S29,temperature,24,bathroom,normal
06-03-2025 20:08,S16,window,OPEN,living_room,normal
06-03-2025 20:14,S38,glass_break,DETECTED,bedroom,anomaly
06-03-2025 20:16,S50,door,OPEN,bathroom,normal
06-03-2025 20:16,S38,door,CLOSED,living_room,normal
06-03-2025 20:16,S15,motion,OFF,bedroom,normal
06-03-2025 20:16,S18,window,CLOSED,garage,normal
06-03-2025 20:17,S34,glass_break,NONE,backyard,normal
06-03-2025 20:18,S8,camera,IDLE,front_door,normal
06-03-2025 20:19,S46,glass_break,NONE,garage,normal
06-03-2025 20:21,S24,camera,IDLE,backyard,normal
06-03-2025 20:23,S45,glass_break,DETECTED,front_door,anomaly
06-03-2025 20:25,S39,glass_break,DETECTED,front_door,anomaly
06-03-2025 20:25,S30,motion,ON,bathroom,normal
06-03-2025 20:26,S40,temperature,29,garage,normal
06-03-2025 20:26,S1,motion,ON,front_door,normal
06-03-2025 20:28,S21,glass_break,NONE,living_room,normal
06-03-2025 20:32,S11,temperature,29,kitchen,normal
06-03-2025 20:32,S46,glass_break,NONE,kitchen,normal
06-03-2025 20:34,S39,window,CLOSED,living_room,normal
06-03-2025 20:34,S39,window,CLOSED,bathroom,normal
06-03-2025 20:35,S45,temperature,30,bathroom,normal
06-03-2025 20:35,S39,glass_break,NONE,front_door,normal
06-03-2025 20:37,S40,camera,TRIGGERED,backyard,normal
06-03-2025 20:38,S19,door,CLOSED,living_room,normal
06-03-2025 20:39,S23,temperature,28,bedroom,normal
06-03-2025 20:40,S48,window,OPEN,living_room,normal
06-03-2025 20:40,S7,motion,OFF,kitchen,normal
06-03-2025 20:40,S49,door,CLOSED,living_room,normal
06-03-2025 20:42,S24,door,OPEN,kitchen,normal
06-03-2025 20:44,S27,glass_break,NONE,bedroom,normal
06-03-2025 20:46,S42,window,OPEN,kitchen,normal
06-03-2025 20:46,S23,window,CLOSED,bathroom,normal
06-03-2025 20:46,S37,camera,IDLE,garage,normal
06-03-2025 20:46,S38,camera,IDLE,bedroom,normal
06-03-2025 20:48,S11,door,CLOSED,kitchen,normal
06-03-2025 20:50,S44,glass_break,DETECTED,bedroom,anomaly
06-03-2025 20:50,S4,camera,TRIGGERED,backyard,normal
06-03-2025 20:53,S19,door,OPEN,living_room,normal
06-03-2025 20:53,S22,motion,ON,front_door,normal
06-03-2025 20:54,S48,window,OPEN,kitchen,normal
06-03-2025 20:56,S15,temperature,20,front_door,normal
06-03-2025 20:56,S6,door,CLOSED,garage,normal
06-03-2025 20:57,S43,window,OPEN,kitchen,normal
06-03-2025 20:57,S32,glass_break,DETECTED,bedroom,anomaly
06-03-2025 20:57,S46,glass_break,NONE,backyard,normal
06-03-2025 20:57,S15,door,CLOSED,backyard,normal
06-03-2025 20:57,S3,window,CLOSED,front_door,normal
06-03-2025 20:58,S13,window,OPEN,backyard,normal
06-03-2025 20:59,S6,door,OPEN,living_room,normal
06-03-2025 20:59,S22,temperature,26,bathroom,normal
06-03-2025 21:00,S22,door,CLOSED,bathroom,normal
06-03-2025 21:00,S2,temperature,17,living_room,normal
06-03-2025 21:01,S30,door,CLOSED,kitchen,normal
06-03-2025 21:01,S46,window,OPEN,backyard,normal
06-03-2025 21:02,S40,camera,IDLE,living_room,normal
06-03-2025 21:03,S43,motion,OFF,bathroom,normal
06-03-2025 21:04,S4,motion,ON,living_room,normal
06-03-2025 21:04,S16,temperature,20,bedroom,normal
06-03-2025 21:05,S41,motion,OFF,front_door,normal
06-03-2025 21:06,S15,temperature,28,backyard,normal
06-03-2025 21:07,S33,temperature,27,backyard,normal
06-03-2025 21:08,S41,glass_break,DETECTED,kitchen,anomaly
06-03-2025 21:10,S10,door,OPEN,bathroom,normal
06-03-2025 21:10,S5,glass_break,DETECTED,living_room,anomaly
06-03-2025 21:10,S46,camera,TRIGGERED,bedroom,normal
06-03-2025 21:12,S25,motion,ON,bathroom,normal
06-03-2025 21:12,S37,motion,ON,garage,normal
06-03-2025 21:12,S17,door,OPEN,living_room,normal
06-03-2025 21:13,S10,door,CLOSED,front_door,normal
06-03-2025 21:17,S49,motion,OFF,bedroom,normal
06-03-2025 21:18,S17,window,CLOSED,kitchen,normal
06-03-2025 21:19,S12,temperature,23,garage,normal
06-03-2025 21:19,S50,camera,TRIGGERED,kitchen,normal
06-03-2025 21:19,S9,camera,TRIGGERED,bedroom,normal
06-03-2025 21:20,S42,motion,OFF,kitchen,normal
06-03-2025 21:22,S30,door,CLOSED,front_door,normal
06-03-2025 21:22,S24,door,CLOSED,garage,normal
06-03-2025 21:23,S4,camera,TRIGGERED,bedroom,normal
06-03-2025 21:24,S14,temperature,29,backyard,normal
06-03-2025 21:25,S6,camera,IDLE,kitchen,normal
06-03-2025 21:27,S31,window,OPEN,bedroom,normal
06-03-2025 21:27,S17,temperature,18,backyard,normal
06-03-2025 21:29,S7,glass_break,DETECTED,bathroom,anomaly
06-03-2025 21:31,S3,door,OPEN,backyard,normal
06-03-2025 21:33,S22,motion,OFF,front_door,normal
06-03-2025 21:34,S2,camera,IDLE,backyard,normal
06-03-2025 21:36,S13,window,CLOSED,kitchen,normal
06-03-2025 21:36,S15,motion,ON,garage,normal
06-03-2025 21:37,S1,door,OPEN,front_door,normal
06-03-2025 21:37,S28,temperature,21,living_room,normal
06-03-2025 21:38,S36,glass_break,DETECTED,bedroom,anomaly
06-03-2025 21:38,S25,window,OPEN,bedroom,normal
06-03-2025 21:39,S19,motion,ON,kitchen,normal
06-03-2025 21:41,S12,glass_break,DETECTED,bathroom,anomaly
06-03-2025 21:44,S22,glass_break,DETECTED,living_room,anomaly
06-03-2025 21:44,S2,temperature,20,bathroom,normal
06-03-2025 21:45,S44,motion,ON,kitchen,normal
06-03-2025 21:45,S47,camera,TRIGGERED,kitchen,normal
06-03-2025 21:46,S49,window,OPEN,bedroom,normal
06-03-2025 21:48,S16,door,OPEN,bedroom,normal
06-03-2025 21:48,S13,temperature,19,bedroom,normal
06-03-2025 21:49,S11,door,CLOSED,living_room,normal
06-03-2025 21:49,S13,motion,ON,bedroom,normal
06-03-2025 21:51,S49,motion,ON,kitchen,normal
06-03-2025 21:51,S49,camera,TRIGGERED,kitchen,normal
06-03-2025 21:52,S30,window,OPEN,garage,normal
06-03-2025 21:52,S36,window,CLOSED,living_room,normal
06-03-2025 21:53,S40,window,CLOSED,living_room,normal
06-03-2025 21:55,S14,window,OPEN,kitchen,normal
06-03-2025 21:55,S13,temperature,17,bedroom,normal
06-03-2025 21:55,S27,glass_break,NONE,bedroom,normal
06-03-2025 21:56,S22,camera,IDLE,bedroom,normal
06-03-2025 21:57,S14,camera,TRIGGERED,living_room,normal
06-03-2025 21:57,S39,window,CLOSED,bedroom,normal
06-03-2025 21:59,S7,window,OPEN,kitchen,normal
06-03-2025 22:02,S42,camera,IDLE,bedroom,normal
06-03-2025 22:02,S22,window,CLOSED,bathroom,normal
06-03-2025 22:04,S8,door,CLOSED,garage,normal
06-03-2025 22:05,S23,camera,IDLE,garage,normal
06-03-2025 22:05,S2,temperature,23,bathroom,normal
06-03-2025 22:05,S12,camera,IDLE,front_door,normal
06-03-2025 22:07,S11,window,OPEN,garage,normal
06-03-2025 22:09,S21,glass_break,NONE,kitchen,normal
06-03-2025 22:10,S5,door,OPEN,bedroom,normal
06-03-2025 22:10,S21,window,OPEN,bedroom,normal
06-03-2025 22:12,S38,camera,TRIGGERED,kitchen,normal
06-03-2025 22:12,S42,glass_break,NONE,bathroom,normal
06-03-2025 22:13,S1,window,OPEN,backyard,normal
06-03-2025 22:15,S37,temperature,20,kitchen,normal
06-03-2025 22:15,S40,motion,ON,front_door,normal
06-03-2025 22:17,S47,temperature,27,backyard,normal
06-03-2025 22:18,S5,temperature,22,kitchen,normal
06-03-2025 22:18,S41,motion,ON,garage,normal
06-03-2025 22:18,S21,camera,TRIGGERED,living_room,normal
06-03-2025 22:20,S7,motion,OFF,bathroom,normal
06-03-2025 22:20,S7,camera,TRIGGERED,backyard,normal
06-03-2025 22:20,S20,window,OPEN,bedroom,normal
06-03-2025 22:24,S16,temperature,26,front_door,normal
06-03-2025 22:24,S9,camera,IDLE,garage,normal
06-03-2025 22:25,S43,camera,IDLE,bathroom,normal
06-03-2025 22:27,S37,temperature,21,backyard,normal
06-03-2025 22:27,S19,door,CLOSED,kitchen,normal
06-03-2025 22:28,S47,glass_break,NONE,kitchen,normal
06-03-2025 22:30,S34,motion,ON,bathroom,normal
06-03-2025 22:31,S32,temperature,21,front_door,normal
06-03-2025 22:33,S11,motion,OFF,bedroom,normal
06-03-2025 22:33,S49,motion,ON,garage,normal
06-03-2025 22:34,S47,door,OPEN,backyard,normal
06-03-2025 22:35,S4,door,OPEN,bedroom,normal
06-03-2025 22:36,S18,motion,OFF,garage,normal
06-03-2025 22:36,S5,glass_break,NONE,bedroom,normal
06-03-2025 22:44,S24,glass_break,DETECTED,backyard,anomaly
06-03-2025 22:44,S18,glass_break,NONE,living_room,normal
06-03-2025 22:48,S28,camera,TRIGGERED,backyard,normal
06-03-2025 22:50,S3,window,OPEN,kitchen,normal
06-03-2025 22:51,S20,camera,TRIGGERED,kitchen,normal
06-03-2025 22:53,S35,glass_break,NONE,bathroom,normal
06-03-2025 22:53,S22,door,OPEN,living_room,normal
06-03-2025 22:55,S44,motion,OFF,front_door,normal
06-03-2025 22:56,S32,camera,IDLE,front_door,normal
06-03-2025 22:59,S2,motion,ON,front_door,normal
06-03-2025 23:00,S26,temperature,25,backyard,normal
06-03-2025 23:00,S34,camera,IDLE,bathroom,normal
06-03-2025 23:02,S37,temperature,19,kitchen,normal
06-03-2025 23:02,S50,motion,ON,living_room,anomaly
06-03-2025 23:02,S4,window,OPEN,bathroom,normal
06-03-2025 23:02,S29,temperature,22,garage,normal
06-03-2025 23:02,S8,camera,TRIGGERED,front_door,normal
06-03-2025 23:03,S35,temperature,21,bathroom,normal
06-03-2025 23:06,S13,camera,TRIGGERED,garage,normal
06-03-2025 23:07,S26,glass_break,DETECTED,bathroom,anomaly
06-03-2025 23:07,S15,door,CLOSED,bathroom,normal
06-03-2025 23:08,S29,motion,ON,living_room,anomaly
06-03-2025 23:08,S26,glass_break,DETECTED,living_room,anomaly
06-03-2025 23:10,S1,glass_break,DETECTED,kitchen,anomaly
06-03-2025 23:15,S17,glass_break,NONE,kitchen,normal
06-03-2025 23:16,S17,camera,TRIGGERED,kitchen,normal
06-03-2025 23:18,S47,door,OPEN,garage,normal
06-03-2025 23:19,S50,glass_break,NONE,bathroom,normal
06-03-2025 23:19,S49,motion,OFF,garage,anomaly
06-03-2025 23:21,S30,door,OPEN,front_door,normal
06-03-2025 23:22,S1,glass_break,NONE,backyard,normal
06-03-2025 23:22,S34,temperature,28,backyard,normal
06-03-2025 23:22,S23,door,CLOSED,garage,normal
06-03-2025 23:23,S42,window,CLOSED,kitchen,normal
06-03-2025 23:23,S24,camera,TRIGGERED,bedroom,normal
06-03-2025 23:24,S38,door,OPEN,bathroom,normal
06-03-2025 23:26,S42,window,CLOSED,garage,normal
06-03-2025 23:29,S20,camera,TRIGGERED,backyard,normal
06-03-2025 23:29,S3,temperature,22,bedroom,normal
06-03-2025 23:32,S10,motion,ON,kitchen,anomaly
06-03-2025 23:32,S20,camera,TRIGGERED,bedroom,normal
06-03-2025 23:33,S11,glass_break,NONE,front_door,normal
06-03-2025 23:35,S19,camera,TRIGGERED,garage,normal
06-03-2025 23:37,S37,door,OPEN,front_door,normal
06-03-2025 23:37,S38,door,CLOSED,garage,normal
06-03-2025 23:39,S18,camera,IDLE,bathroom,normal
06-03-2025 23:41,S35,window,CLOSED,front_door,normal
06-03-2025 23:41,S4,glass_break,DETECTED,front_door,anomaly
06-03-2025 23:42,S31,door,CLOSED,garage,normal
06-03-2025 23:42,S28,camera,TRIGGERED,front_door,normal
06-03-2025 23:44,S36,glass_break,DETECTED,bedroom,anomaly
06-03-2025 23:44,S16,temperature,15,kitchen,normal
06-03-2025 23:45,S20,temperature,24,kitchen,normal
06-03-2025 23:46,S1,temperature,25,garage,normal
06-03-2025 23:46,S20,glass_break,NONE,living_room,normal
06-03-2025 23:48,S45,window,CLOSED,kitchen,normal
06-03-2025 23:48,S29,door,CLOSED,living_room,normal
06-03-2025 23:49,S39,camera,IDLE,bathroom,normal
06-03-2025 23:50,S37,glass_break,DETECTED,kitchen,anomaly
06-03-2025 23:53,S14,window,CLOSED,front_door,normal
06-03-2025 23:56,S25,camera,IDLE,bedroom,normal
06-03-2025 23:58,S37,door,CLOSED,bathroom,normal
06-03-2025 23:58,S11,door,OPEN,bathroom,normal
06-03-2025 23:59,S21,door,OPEN,bathroom,normal
07-03-2025 00:00,S6,glass_break,NONE,front_door,normal
07-03-2025 00:00,S43,window,OPEN,backyard,normal
07-03-2025 00:00,S48,camera,TRIGGERED,backyard,normal
07-03-2025 00:01,S8,temperature,22,bedroom,normal
07-03-2025 00:02,S7,window,CLOSED,kitchen,normal
07-03-2025 00:04,S2,camera,TRIGGERED,kitchen,normal
07-03-2025 00:05,S15,temperature,17,bedroom,normal
07-03-2025 00:05,S45,door,OPEN,living_room,normal
07-03-2025 00:05,S3,glass_break,DETECTED,front_door,anomaly
07-03-2025 00:05,S20,camera,TRIGGERED,kitchen,normal
07-03-2025 00:07,S19,door,CLOSED,bedroom,normal
07-03-2025 00:08,S9,temperature,20,front_door,normal
07-03-2025 00:08,S25,motion,OFF,garage,anomaly
07-03-2025 00:09,S37,door,CLOSED,backyard,normal
07-03-2025 00:14,S41,motion,ON,bathroom,anomaly
07-03-2025 00:15,S21,window,OPEN,front_door,normal
07-03-2025 00:17,S36,temperature,19,garage,normal
07-03-2025 00:18,S50,temperature,20,garage,normal
07-03-2025 00:18,S10,camera,TRIGGERED,living_room,normal
07-03-2025 00:18,S8,motion,ON,bedroom,anomaly
07-03-2025 00:19,S12,door,CLOSED,garage,normal
07-03-2025 00:19,S43,door,CLOSED,garage,normal
07-03-2025 00:19,S29,glass_break,NONE,kitchen,normal
07-03-2025 00:19,S34,temperature,17,backyard,normal
07-03-2025 00:20,S10,motion,ON,bedroom,anomaly
07-03-2025 00:20,S21,window,OPEN,front_door,normal
07-03-2025 00:21,S34,glass_break,NONE,garage,normal
07-03-2025 00:24,S5,door,OPEN,bedroom,normal
07-03-2025 00:26,S5,motion,ON,backyard,anomaly
07-03-2025 00:26,S2,glass_break,NONE,backyard,normal
07-03-2025 00:27,S22,door,OPEN,bedroom,normal
07-03-2025 00:27,S47,camera,TRIGGERED,bathroom,normal
07-03-2025 00:27,S13,glass_break,DETECTED,front_door,anomaly
07-03-2025 00:29,S12,window,OPEN,garage,normal
07-03-2025 00:29,S33,window,OPEN,front_door,normal
07-03-2025 00:31,S24,temperature,20,front_door,normal
07-03-2025 00:34,S40,motion,OFF,front_door,anomaly
07-03-2025 00:35,S30,motion,ON,kitchen,anomaly
07-03-2025 00:35,S9,door,OPEN,bedroom,normal
07-03-2025 00:37,S49,glass_break,DETECTED,garage,anomaly
07-03-2025 00:37,S36,motion,OFF,backyard,anomaly
07-03-2025 00:39,S44,temperature,23,kitchen,normal
07-03-2025 00:39,S27,temperature,24,backyard,normal
07-03-2025 00:41,S46,glass_break,DETECTED,bedroom,anomaly
07-03-2025 00:41,S39,door,CLOSED,bathroom,normal
07-03-2025 00:41,S46,door,CLOSED,front_door,normal
07-03-2025 00:42,S28,glass_break,NONE,front_door,normal
07-03-2025 00:42,S13,camera,IDLE,backyard,normal
07-03-2025 00:42,S2,glass_break,NONE,backyard,normal
07-03-2025 00:43,S23,glass_break,NONE,bathroom,normal
07-03-2025 00:44,S16,window,OPEN,bathroom,normal
07-03-2025 00:44,S19,temperature,29,bedroom,normal
07-03-2025 00:47,S44,glass_break,DETECTED,front_door,anomaly
07-03-2025 00:48,S17,window,OPEN,front_door,normal
07-03-2025 00:49,S47,camera,IDLE,front_door,normal
07-03-2025 00:49,S32,window,OPEN,bathroom,normal
07-03-2025 00:51,S43,motion,OFF,garage,anomaly
07-03-2025 00:52,S41,temperature,20,living_room,normal
07-03-2025 00:52,S16,temperature,19,kitchen,normal
07-03-2025 00:52,S38,glass_break,NONE,backyard,normal
07-03-2025 00:53,S33,glass_break,DETECTED,bathroom,anomaly
07-03-2025 00:53,S28,glass_break,DETECTED,kitchen,anomaly
07-03-2025 00:55,S47,temperature,30,bedroom,normal
07-03-2025 00:58,S35,door,OPEN,bedroom,normal
07-03-2025 00:58,S28,temperature,18,bedroom,normal
07-03-2025 00:59,S43,temperature,28,backyard,normal
07-03-2025 01:00,S13,motion,ON,backyard,anomaly
07-03-2025 01:00,S7,glass_break,DETECTED,living_room,anomaly
07-03-2025 01:01,S7,window,CLOSED,kitchen,normal
07-03-2025 01:02,S44,glass_break,NONE,bedroom,normal
07-03-2025 01:03,S32,window,CLOSED,garage,normal
07-03-2025 01:03,S45,camera,TRIGGERED,living_room,normal
07-03-2025 01:04,S2,camera,TRIGGERED,kitchen,normal
07-03-2025 01:05,S20,camera,IDLE,garage,normal
07-03-2025 01:06,S8,camera,IDLE,kitchen,normal
07-03-2025 01:06,S41,motion,ON,bathroom,anomaly
07-03-2025 01:07,S3,motion,ON,backyard,anomaly
07-03-2025 01:08,S1,glass_break,DETECTED,kitchen,anomaly
07-03-2025 01:10,S28,glass_break,DETECTED,front_door,anomaly
07-03-2025 01:12,S11,camera,TRIGGERED,bathroom,normal
07-03-2025 01:12,S9,door,OPEN,bathroom,normal
07-03-2025 01:14,S5,camera,TRIGGERED,front_door,normal
07-03-2025 01:17,S42,motion,OFF,living_room,anomaly
07-03-2025 01:17,S16,door,OPEN,kitchen,normal
07-03-2025 01:17,S27,temperature,15,kitchen,normal
07-03-2025 01:18,S2,window,CLOSED,front_door,normal
07-03-2025 01:18,S16,temperature,28,bedroom,normal
07-03-2025 01:21,S19,window,CLOSED,backyard,normal
07-03-2025 01:21,S36,door,CLOSED,kitchen,normal
07-03-2025 01:22,S45,temperature,30,living_room,normal
07-03-2025 01:22,S17,door,OPEN,living_room,normal
07-03-2025 01:24,S18,motion,OFF,bathroom,anomaly
07-03-2025 01:26,S23,window,OPEN,bathroom,normal
07-03-2025 01:27,S4,door,CLOSED,bathroom,normal
07-03-2025 01:28,S5,camera,TRIGGERED,bedroom,normal
07-03-2025 01:28,S1,door,CLOSED,front_door,normal
07-03-2025 01:30,S31,motion,ON,front_door,anomaly
07-03-2025 01:38,S30,camera,TRIGGERED,front_door,normal
07-03-2025 01:38,S4,window,OPEN,bedroom,normal
07-03-2025 01:38,S46,temperature,21,living_room,normal
07-03-2025 01:38,S9,motion,ON,kitchen,anomaly
07-03-2025 01:39,S25,motion,ON,kitchen,anomaly
07-03-2025 01:40,S24,glass_break,DETECTED,front_door,anomaly
07-03-2025 01:40,S17,glass_break,DETECTED,front_door,anomaly
07-03-2025 01:41,S22,glass_break,NONE,kitchen,normal
07-03-2025 01:41,S31,window,CLOSED,bathroom,normal
07-03-2025 01:41,S13,window,CLOSED,living_room,normal
07-03-2025 01:41,S6,window,CLOSED,backyard,normal
07-03-2025 01:43,S33,temperature,23,bedroom,normal
07-03-2025 01:44,S25,glass_break,NONE,front_door,normal
07-03-2025 01:45,S7,window,OPEN,living_room,normal
07-03-2025 01:47,S10,glass_break,NONE,garage,normal
07-03-2025 01:47,S12,window,OPEN,front_door,normal
07-03-2025 01:47,S32,door,OPEN,living_room,normal
07-03-2025 01:48,S47,glass_break,NONE,front_door,normal
07-03-2025 01:48,S16,door,OPEN,living_room,normal
07-03-2025 01:50,S19,temperature,24,front_door,normal
07-03-2025 01:50,S6,camera,IDLE,bathroom,normal
07-03-2025 01:51,S7,door,CLOSED,living_room,normal
07-03-2025 01:51,S6,motion,OFF,bathroom,anomaly
07-03-2025 01:51,S45,window,CLOSED,bedroom,normal
07-03-2025 01:52,S20,temperature,17,garage,normal
07-03-2025 01:53,S3,camera,TRIGGERED,bathroom,normal
07-03-2025 01:54,S31,window,CLOSED,bathroom,normal
07-03-2025 01:54,S1,motion,ON,front_door,anomaly
07-03-2025 01:57,S1,door,OPEN,front_door,normal
07-03-2025 01:57,S23,motion,ON,bedroom,anomaly
07-03-2025 01:59,S14,door,OPEN,garage,normal
07-03-2025 02:00,S22,temperature,23,living_room,normal
07-03-2025 02:01,S39,camera,TRIGGERED,living_room,normal
07-03-2025 02:02,S6,temperature,19,living_room,normal
07-03-2025 02:02,S26,door,CLOSED,garage,normal
07-03-2025 02:03,S9,motion,ON,backyard,anomaly
07-03-2025 02:04,S40,window,OPEN,bathroom,normal
07-03-2025 02:04,S7,temperature,24,bedroom,normal
07-03-2025 02:05,S48,camera,IDLE,front_door,normal
07-03-2025 02:05,S44,glass_break,NONE,backyard,normal
07-03-2025 02:07,S25,window,OPEN,kitchen,normal
07-03-2025 02:08,S36,temperature,17,living_room,normal
07-03-2025 02:08,S1,motion,OFF,bedroom,anomaly
07-03-2025 02:08,S23,door,OPEN,living_room,normal
07-03-2025 02:08,S3,glass_break,DETECTED,front_door,anomaly
07-03-2025 02:09,S42,door,CLOSED,bathroom,normal
07-03-2025 02:13,S12,glass_break,DETECTED,bathroom,anomaly
07-03-2025 02:13,S4,camera,IDLE,bathroom,normal
07-03-2025 02:14,S28,motion,ON,bathroom,anomaly
07-03-2025 02:15,S37,window,CLOSED,bedroom,normal
07-03-2025 02:16,S24,camera,TRIGGERED,garage,normal
07-03-2025 02:17,S9,window,CLOSED,bathroom,normal
07-03-2025 02:18,S34,door,OPEN,living_room,normal
07-03-2025 02:18,S20,glass_break,DETECTED,living_room,anomaly
07-03-2025 02:20,S41,temperature,22,living_room,normal
07-03-2025 02:20,S37,temperature,15,living_room,normal
07-03-2025 02:22,S10,motion,ON,bedroom,anomaly
07-03-2025 02:23,S23,temperature,26,garage,normal
07-03-2025 02:23,S20,motion,OFF,front_door,anomaly
07-03-2025 02:26,S23,glass_break,NONE,front_door,normal
07-03-2025 02:29,S30,motion,OFF,front_door,anomaly
07-03-2025 02:29,S50,temperature,27,bathroom,normal
07-03-2025 02:29,S45,temperature,16,kitchen,normal
07-03-2025 02:30,S25,motion,ON,bedroom,anomaly
07-03-2025 02:30,S40,temperature,23,living_room,normal
07-03-2025 02:31,S27,camera,TRIGGERED,backyard,normal
07-03-2025 02:31,S44,door,CLOSED,bedroom,normal
07-03-2025 02:32,S37,door,CLOSED,garage,normal
07-03-2025 02:34,S19,glass_break,NONE,garage,normal
07-03-2025 02:38,S4,motion,OFF,front_door,anomaly
07-03-2025 02:38,S42,motion,OFF,living_room,anomaly
07-03-2025 02:39,S30,temperature,20,living_room,normal
07-03-2025 02:40,S24,camera,TRIGGERED,front_door,normal
07-03-2025 02:40,S24,temperature,28,bedroom,normal
07-03-2025 02:40,S31,door,CLOSED,front_door,normal
07-03-2025 02:42,S46,temperature,18,front_door,normal
07-03-2025 02:43,S43,window,OPEN,front_door,normal
07-03-2025 02:44,S35,glass_break,DETECTED,kitchen,anomaly
07-03-2025 02:45,S49,door,OPEN,garage,normal
07-03-2025 02:46,S32,temperature,24,bathroom,normal
07-03-2025 02:48,S11,door,OPEN,kitchen,normal
07-03-2025 02:49,S34,door,OPEN,bathroom,normal
07-03-2025 02:49,S11,glass_break,NONE,front_door,normal
07-03-2025 02:50,S28,glass_break,NONE,bedroom,normal
07-03-2025 02:50,S18,glass_break,NONE,living_room,normal
07-03-2025 02:52,S46,door,CLOSED,backyard,normal
07-03-2025 02:52,S19,door,OPEN,backyard,normal
07-03-2025 02:52,S46,temperature,20,front_door,normal
07-03-2025 02:53,S2,camera,TRIGGERED,bedroom,normal
07-03-2025 02:54,S24,camera,IDLE,backyard,normal
07-03-2025 02:54,S47,glass_break,NONE,kitchen,normal
07-03-2025 02:57,S29,temperature,16,bathroom,normal
07-03-2025 02:57,S27,door,OPEN,front_door,normal
07-03-2025 02:59,S29,door,OPEN,kitchen,normal
07-03-2025 02:59,S23,camera,TRIGGERED,bathroom,normal
07-03-2025 03:01,S36,glass_break,DETECTED,living_room,anomaly
07-03-2025 03:02,S17,temperature,23,kitchen,normal
07-03-2025 03:03,S46,temperature,30,bathroom,normal
07-03-2025 03:05,S3,glass_break,NONE,living_room,normal
07-03-2025 03:06,S13,glass_break,NONE,garage,normal
07-03-2025 03:07,S3,temperature,22,backyard,normal
07-03-2025 03:09,S12,glass_break,NONE,bathroom,normal
07-03-2025 03:10,S48,glass_break,NONE,living_room,normal
07-03-2025 03:10,S19,door,CLOSED,backyard,normal
07-03-2025 03:13,S5,camera,TRIGGERED,garage,normal
07-03-2025 03:13,S5,glass_break,NONE,bedroom,normal
07-03-2025 03:14,S6,motion,OFF,front_door,anomaly
07-03-2025 03:17,S18,door,CLOSED,bedroom,normal
07-03-2025 03:18,S22,door,CLOSED,living_room,normal
07-03-2025 03:20,S22,camera,TRIGGERED,backyard,normal
07-03-2025 03:24,S14,glass_break,DETECTED,backyard,anomaly
07-03-2025 03:24,S16,camera,IDLE,front_door,normal
07-03-2025 03:24,S37,motion,ON,bathroom,anomaly
07-03-2025 03:24,S32,glass_break,NONE,bedroom,normal
07-03-2025 03:24,S24,door,OPEN,backyard,normal
07-03-2025 03:25,S26,door,CLOSED,front_door,normal
07-03-2025 03:26,S37,camera,IDLE,kitchen,normal
07-03-2025 03:26,S38,window,CLOSED,kitchen,normal
07-03-2025 03:27,S8,window,CLOSED,living_room,normal
07-03-2025 03:27,S6,temperature,18,front_door,normal
07-03-2025 03:27,S11,window,OPEN,bathroom,normal
07-03-2025 03:27,S49,motion,OFF,backyard,anomaly
07-03-2025 03:28,S33,temperature,15,bedroom,normal
07-03-2025 03:29,S37,camera,IDLE,kitchen,normal
07-03-2025 03:29,S14,window,OPEN,backyard,normal
07-03-2025 03:30,S35,door,CLOSED,living_room,normal
07-03-2025 03:34,S23,window,CLOSED,living_room,normal
07-03-2025 03:34,S24,glass_break,DETECTED,bedroom,anomaly
07-03-2025 03:35,S31,temperature,20,bedroom,normal
07-03-2025 03:35,S13,glass_break,NONE,living_room,normal
07-03-2025 03:36,S38,window,OPEN,garage,normal
07-03-2025 03:37,S18,temperature,25,backyard,normal
07-03-2025 03:38,S40,camera,TRIGGERED,bathroom,normal
07-03-2025 03:39,S23,glass_break,NONE,kitchen,normal
07-03-2025 03:40,S29,window,OPEN,garage,normal
07-03-2025 03:42,S17,door,CLOSED,bathroom,normal
07-03-2025 03:42,S33,temperature,26,bedroom,normal
07-03-2025 03:43,S4,door,OPEN,backyard,normal
07-03-2025 03:43,S18,window,OPEN,bedroom,normal
07-03-2025 03:43,S1,window,CLOSED,garage,normal
07-03-2025 03:43,S31,door,OPEN,kitchen,normal
07-03-2025 03:44,S36,glass_break,NONE,front_door,normal
07-03-2025 03:44,S4,glass_break,DETECTED,bedroom,anomaly
07-03-2025 03:45,S39,camera,IDLE,bedroom,normal
07-03-2025 03:47,S48,camera,TRIGGERED,bedroom,normal
07-03-2025 03:47,S30,window,OPEN,garage,normal
07-03-2025 03:50,S32,glass_break,NONE,living_room,normal
07-03-2025 03:51,S7,glass_break,NONE,backyard,normal
07-03-2025 03:51,S49,motion,ON,bathroom,anomaly
07-03-2025 03:53,S6,motion,ON,front_door,anomaly
07-03-2025 03:53,S8,motion,OFF,garage,anomaly
07-03-2025 03:54,S40,motion,ON,front_door,anomaly
07-03-2025 03:56,S48,door,OPEN,front_door,normal
07-03-2025 03:56,S50,temperature,25,backyard,normal
07-03-2025 03:56,S44,glass_break,DETECTED,living_room,anomaly
07-03-2025 03:56,S18,door,OPEN,garage,normal
07-03-2025 03:57,S16,motion,OFF,front_door,anomaly
07-03-2025 03:58,S44,window,OPEN,bedroom,normal
07-03-2025 03:59,S38,camera,TRIGGERED,garage,normal
07-03-2025 03:59,S5,motion,ON,garage,anomaly
07-03-2025 04:01,S42,motion,ON,backyard,anomaly
07-03-2025 04:01,S5,camera,IDLE,bathroom,normal
07-03-2025 04:01,S10,motion,OFF,bedroom,anomaly
07-03-2025 04:02,S18,glass_break,NONE,garage,normal
07-03-2025 04:02,S32,door,OPEN,bathroom,normal
07-03-2025 04:03,S47,glass_break,DETECTED,kitchen,anomaly
07-03-2025 04:03,S43,camera,TRIGGERED,bathroom,normal
07-03-2025 04:03,S39,temperature,30,living_room,normal
07-03-2025 04:03,S12,camera,TRIGGERED,front_door,normal
07-03-2025 04:08,S5,window,OPEN,garage,normal
07-03-2025 04:15,S45,temperature,28,bathroom,normal
07-03-2025 04:15,S48,motion,OFF,front_door,anomaly
07-03-2025 04:16,S15,glass_break,NONE,front_door,normal
07-03-2025 04:17,S8,motion,OFF,bedroom,anomaly
07-03-2025 04:17,S37,motion,ON,garage,anomaly
07-03-2025 04:17,S12,window,CLOSED,kitchen,normal
07-03-2025 04:19,S11,window,OPEN,garage,normal
07-03-2025 04:20,S12,temperature,23,front_door,normal
07-03-2025 04:20,S18,motion,ON,living_room,anomaly
07-03-2025 04:21,S1,door,CLOSED,front_door,normal
07-03-2025 04:23,S3,glass_break,NONE,kitchen,normal
07-03-2025 04:24,S22,glass_break,NONE,bedroom,normal
07-03-2025 04:24,S10,window,CLOSED,kitchen,normal
07-03-2025 04:27,S37,motion,OFF,kitchen,anomaly
07-03-2025 04:27,S27,door,OPEN,backyard,normal
07-03-2025 04:28,S11,motion,ON,backyard,anomaly
07-03-2025 04:28,S38,temperature,17,kitchen,normal
07-03-2025 04:29,S9,temperature,28,backyard,normal
07-03-2025 04:31,S50,glass_break,NONE,garage,normal
07-03-2025 04:31,S23,temperature,26,front_door,normal
07-03-2025 04:32,S10,window,CLOSED,bathroom,normal
07-03-2025 04:32,S24,camera,TRIGGERED,bedroom,normal
07-03-2025 04:33,S23,motion,ON,front_door,anomaly
07-03-2025 04:33,S33,door,OPEN,front_door,normal
07-03-2025 04:33,S15,door,OPEN,garage,normal
07-03-2025 04:33,S40,temperature,24,garage,normal
07-03-2025 04:34,S46,glass_break,NONE,bedroom,normal
07-03-2025 04:34,S12,camera,IDLE,bathroom,normal
07-03-2025 04:35,S39,camera,IDLE,backyard,normal
07-03-2025 04:37,S3,door,CLOSED,bathroom,normal
07-03-2025 04:39,S47,door,CLOSED,bathroom,normal
07-03-2025 04:41,S42,motion,ON,front_door,anomaly
07-03-2025 04:43,S34,temperature,28,bedroom,normal
07-03-2025 04:44,S3,window,OPEN,living_room,normal
07-03-2025 04:45,S16,motion,ON,bedroom,anomaly
07-03-2025 04:45,S26,window,OPEN,front_door,normal
07-03-2025 04:47,S23,camera,TRIGGERED,bathroom,normal
07-03-2025 04:47,S19,motion,OFF,backyard,anomaly
07-03-2025 04:48,S20,window,CLOSED,bedroom,normal
07-03-2025 04:50,S34,glass_break,NONE,garage,normal
07-03-2025 04:50,S17,camera,TRIGGERED,living_room,normal
07-03-2025 04:51,S37,camera,IDLE,backyard,normal
07-03-2025 04:51,S18,window,CLOSED,kitchen,normal
07-03-2025 04:52,S17,temperature,24,bedroom,normal
07-03-2025 04:54,S19,door,OPEN,front_door,normal
07-03-2025 04:56,S6,glass_break,NONE,bedroom,normal
07-03-2025 04:57,S26,door,CLOSED,bedroom,normal
07-03-2025 04:59,S25,door,OPEN,backyard,normal
07-03-2025 04:59,S8,door,OPEN,kitchen,normal
07-03-2025 05:01,S18,motion,OFF,bedroom,anomaly
07-03-2025 05:01,S18,door,OPEN,front_door,normal
07-03-2025 05:02,S17,motion,OFF,bathroom,anomaly
07-03-2025 05:02,S45,glass_break,DETECTED,living_room,anomaly
07-03-2025 05:02,S22,motion,ON,kitchen,anomaly
07-03-2025 05:03,S47,temperature,27,living_room,normal
07-03-2025 05:04,S49,glass_break,NONE,garage,normal
07-03-2025 05:05,S17,glass_break,NONE,bedroom,normal
07-03-2025 05:05,S26,motion,ON,bedroom,anomaly
07-03-2025 05:07,S11,window,CLOSED,bathroom,normal
07-03-2025 05:07,S34,camera,IDLE,garage,normal
07-03-2025 05:08,S42,camera,IDLE,bedroom,normal
07-03-2025 05:09,S3,temperature,19,bedroom,normal
07-03-2025 05:09,S14,glass_break,NONE,bathroom,normal
07-03-2025 05:11,S45,door,CLOSED,front_door,normal
07-03-2025 05:12,S20,door,CLOSED,bedroom,normal
07-03-2025 05:16,S40,camera,IDLE,living_room,normal
07-03-2025 05:18,S43,motion,ON,front_door,anomaly
07-03-2025 05:19,S20,temperature,22,bathroom,normal
07-03-2025 05:19,S45,motion,ON,living_room,anomaly
07-03-2025 05:19,S10,camera,IDLE,living_room,normal
07-03-2025 05:21,S22,window,OPEN,garage,normal
07-03-2025 05:22,S45,motion,ON,kitchen,anomaly
07-03-2025 05:25,S22,temperature,28,bathroom,normal
07-03-2025 05:25,S39,motion,ON,garage,anomaly
07-03-2025 05:26,S34,door,OPEN,bedroom,normal
07-03-2025 05:26,S38,glass_break,DETECTED,bedroom,anomaly
07-03-2025 05:28,S24,window,CLOSED,garage,normal
07-03-2025 05:29,S43,door,CLOSED,kitchen,normal
07-03-2025 05:30,S42,camera,IDLE,front_door,normal
07-03-2025 05:31,S31,glass_break,DETECTED,kitchen,anomaly
07-03-2025 05:33,S21,motion,ON,living_room,anomaly
07-03-2025 05:34,S1,glass_break,DETECTED,kitchen,anomaly
07-03-2025 05:34,S4,window,OPEN,living_room,normal
07-03-2025 05:38,S42,camera,IDLE,kitchen,normal
07-03-2025 05:38,S18,temperature,18,backyard,normal
07-03-2025 05:39,S43,camera,TRIGGERED,bedroom,normal
07-03-2025 05:41,S46,camera,IDLE,bathroom,normal
07-03-2025 05:41,S48,temperature,16,backyard,normal
07-03-2025 05:41,S3,temperature,19,backyard,normal
07-03-2025 05:42,S36,camera,TRIGGERED,living_room,normal
07-03-2025 05:42,S26,window,OPEN,bathroom,normal
07-03-2025 05:43,S7,camera,IDLE,kitchen,normal
07-03-2025 05:45,S1,temperature,27,backyard,normal
07-03-2025 05:46,S1,door,CLOSED,garage,normal
07-03-2025 05:49,S41,temperature,28,garage,normal
07-03-2025 05:49,S21,camera,TRIGGERED,bathroom,normal
07-03-2025 05:50,S10,motion,OFF,bedroom,anomaly
07-03-2025 05:50,S16,motion,OFF,garage,anomaly
07-03-2025 05:52,S20,temperature,20,living_room,normal
07-03-2025 05:54,S18,door,CLOSED,backyard,normal
07-03-2025 05:54,S24,window,OPEN,garage,normal
07-03-2025 05:54,S45,motion,ON,bathroom,anomaly
07-03-2025 05:55,S46,window,CLOSED,living_room,normal
07-03-2025 05:56,S26,glass_break,NONE,bathroom,normal
07-03-2025 05:59,S25,window,CLOSED,kitchen,normal
07-03-2025 06:00,S38,temperature,17,kitchen,normal
07-03-2025 06:00,S49,glass_break,NONE,kitchen,normal
07-03-2025 06:00,S26,camera,IDLE,front_door,normal
07-03-2025 06:01,S42,temperature,22,bathroom,normal
07-03-2025 06:03,S40,door,OPEN,garage,normal
07-03-2025 06:03,S18,window,CLOSED,backyard,normal
07-03-2025 06:04,S2,window,OPEN,garage,normal
07-03-2025 06:05,S50,window,OPEN,front_door,normal
07-03-2025 06:07,S50,window,CLOSED,living_room,normal
07-03-2025 06:08,S47,camera,TRIGGERED,bedroom,normal
07-03-2025 06:10,S28,glass_break,NONE,living_room,normal
07-03-2025 06:10,S39,motion,ON,kitchen,normal
07-03-2025 06:13,S3,camera,TRIGGERED,kitchen,normal
07-03-2025 06:13,S23,door,CLOSED,kitchen,normal
07-03-2025 06:14,S19,motion,ON,living_room,normal
07-03-2025 06:15,S37,window,OPEN,living_room,normal
07-03-2025 06:15,S44,glass_break,DETECTED,front_door,anomaly
07-03-2025 06:16,S32,motion,OFF,backyard,normal
07-03-2025 06:16,S1,glass_break,NONE,kitchen,normal
07-03-2025 06:17,S13,window,OPEN,garage,normal
07-03-2025 06:17,S49,temperature,22,front_door,normal
07-03-2025 06:18,S5,motion,ON,garage,normal
07-03-2025 06:18,S5,camera,IDLE,backyard,normal
07-03-2025 06:19,S13,door,CLOSED,kitchen,normal
07-03-2025 06:20,S39,temperature,26,garage,normal
07-03-2025 06:21,S45,temperature,23,backyard,normal
07-03-2025 06:21,S31,door,CLOSED,bathroom,normal
07-03-2025 06:24,S19,window,OPEN,garage,normal
07-03-2025 06:24,S11,door,OPEN,living_room,normal
07-03-2025 06:25,S5,camera,IDLE,backyard,normal
07-03-2025 06:25,S29,motion,OFF,kitchen,normal
07-03-2025 06:26,S27,motion,ON,bathroom,normal
07-03-2025 06:27,S45,camera,TRIGGERED,living_room,normal
07-03-2025 06:28,S14,motion,OFF,kitchen,normal
07-03-2025 06:28,S45,glass_break,DETECTED,kitchen,anomaly
07-03-2025 06:28,S9,camera,IDLE,bedroom,normal
07-03-2025 06:29,S13,temperature,15,bedroom,normal
07-03-2025 06:30,S29,camera,TRIGGERED,living_room,normal
07-03-2025 06:30,S8,camera,IDLE,garage,normal
07-03-2025 06:31,S24,window,OPEN,backyard,normal
07-03-2025 06:35,S27,door,OPEN,living_room,normal
07-03-2025 06:35,S48,window,OPEN,front_door,normal
07-03-2025 06:36,S31,motion,OFF,bathroom,normal
07-03-2025 06:37,S24,motion,ON,living_room,normal
07-03-2025 06:39,S22,camera,IDLE,backyard,normal
07-03-2025 06:41,S6,door,OPEN,garage,normal
07-03-2025 06:41,S27,glass_break,DETECTED,bedroom,anomaly
07-03-2025 06:44,S46,window,OPEN,garage,normal
07-03-2025 06:47,S6,glass_break,DETECTED,living_room,anomaly
07-03-2025 06:49,S38,motion,ON,kitchen,normal
07-03-2025 06:49,S46,glass_break,NONE,living_room,normal
07-03-2025 06:49,S33,temperature,30,backyard,normal
07-03-2025 06:51,S39,window,CLOSED,garage,normal
07-03-2025 06:53,S44,window,OPEN,living_room,normal
07-03-2025 06:54,S49,temperature,28,backyard,normal
07-03-2025 06:55,S21,camera,TRIGGERED,backyard,normal
07-03-2025 06:55,S29,window,CLOSED,bathroom,normal
07-03-2025 06:55,S3,motion,OFF,garage,normal
07-03-2025 06:56,S36,door,CLOSED,kitchen,normal
07-03-2025 06:56,S9,temperature,23,garage,normal
07-03-2025 07:01,S3,window,CLOSED,kitchen,normal
07-03-2025 07:02,S45,camera,TRIGGERED,kitchen,normal
07-03-2025 07:03,S49,temperature,26,front_door,normal
07-03-2025 07:04,S13,window,CLOSED,front_door,normal
07-03-2025 07:06,S12,camera,IDLE,front_door,normal
07-03-2025 07:07,S3,camera,TRIGGERED,kitchen,normal
07-03-2025 07:08,S47,temperature,16,living_room,normal
07-03-2025 07:08,S43,temperature,25,kitchen,normal
07-03-2025 07:10,S6,window,OPEN,bedroom,normal
07-03-2025 07:11,S3,camera,IDLE,garage,normal
07-03-2025 07:13,S10,glass_break,NONE,backyard,normal
07-03-2025 07:14,S45,door,OPEN,garage,normal
07-03-2025 07:14,S46,temperature,29,garage,normal
07-03-2025 07:15,S20,camera,TRIGGERED,living_room,normal
07-03-2025 07:16,S21,window,OPEN,bathroom,normal
07-03-2025 07:16,S1,motion,OFF,front_door,normal
07-03-2025 07:19,S27,temperature,25,front_door,normal
07-03-2025 07:19,S39,glass_break,DETECTED,backyard,anomaly
07-03-2025 07:19,S24,window,OPEN,backyard,normal
07-03-2025 07:21,S33,camera,TRIGGERED,front_door,normal
07-03-2025 07:21,S25,window,CLOSED,kitchen,normal
07-03-2025 07:23,S43,door,OPEN,garage,normal
07-03-2025 07:23,S31,motion,ON,kitchen,normal
07-03-2025 07:23,S14,window,OPEN,garage,normal
07-03-2025 07:23,S42,motion,ON,kitchen,normal
07-03-2025 07:24,S15,glass_break,NONE,garage,normal
07-03-2025 07:27,S23,glass_break,NONE,bedroom,normal
07-03-2025 07:27,S24,window,OPEN,front_door,normal
07-03-2025 07:27,S45,glass_break,DETECTED,kitchen,anomaly
07-03-2025 07:28,S26,camera,TRIGGERED,kitchen,normal
07-03-2025 07:28,S10,motion,ON,kitchen,normal
07-03-2025 07:29,S14,camera,TRIGGERED,kitchen,normal
07-03-2025 07:30,S22,camera,IDLE,garage,normal
07-03-2025 07:30,S50,camera,TRIGGERED,front_door,normal
07-03-2025 07:32,S33,temperature,29,bathroom,normal
07-03-2025 07:32,S45,camera,TRIGGERED,backyard,normal
07-03-2025 07:36,S47,camera,TRIGGERED,garage,normal
07-03-2025 07:37,S37,door,CLOSED,kitchen,normal
07-03-2025 07:37,S21,door,OPEN,living_room,normal
07-03-2025 07:39,S32,window,CLOSED,backyard,normal
07-03-2025 07:40,S32,window,CLOSED,garage,normal
07-03-2025 07:40,S29,motion,ON,front_door,normal
07-03-2025 07:40,S5,camera,IDLE,garage,normal
07-03-2025 07:41,S20,motion,OFF,bedroom,normal
07-03-2025 07:42,S42,temperature,23,front_door,normal
07-03-2025 07:43,S12,camera,IDLE,bathroom,normal
07-03-2025 07:44,S6,glass_break,NONE,kitchen,normal
07-03-2025 07:45,S39,camera,IDLE,garage,normal
07-03-2025 07:47,S29,glass_break,DETECTED,bedroom,anomaly
07-03-2025 07:47,S48,door,OPEN,backyard,normal
07-03-2025 07:51,S1,window,OPEN,living_room,normal
07-03-2025 07:53,S50,motion,ON,living_room,normal
07-03-2025 07:57,S12,glass_break,NONE,backyard,normal
07-03-2025 07:58,S47,door,CLOSED,garage,normal
07-03-2025 07:59,S4,window,OPEN,front_door,normal
07-03-2025 08:00,S20,motion,OFF,living_room,normal
07-03-2025 08:04,S32,door,CLOSED,bedroom,normal
07-03-2025 08:07,S42,window,OPEN,living_room,normal
07-03-2025 08:07,S13,glass_break,NONE,front_door,normal
07-03-2025 08:07,S7,camera,IDLE,front_door,normal
07-03-2025 08:09,S43,glass_break,NONE,kitchen,normal
07-03-2025 08:13,S45,camera,IDLE,backyard,normal
07-03-2025 08:13,S37,glass_break,NONE,bathroom,normal
07-03-2025 08:14,S15,motion,OFF,bedroom,normal
07-03-2025 08:15,S6,window,CLOSED,bedroom,normal
07-03-2025 08:17,S26,temperature,29,front_door,normal
07-03-2025 08:17,S44,motion,OFF,living_room,normal
07-03-2025 08:19,S25,door,OPEN,front_door,normal
07-03-2025 08:19,S23,camera,TRIGGERED,backyard,normal
07-03-2025 08:19,S37,door,OPEN,garage,normal
07-03-2025 08:20,S42,glass_break,DETECTED,bedroom,anomaly
07-03-2025 08:21,S36,motion,ON,living_room,normal
07-03-2025 08:22,S22,window,CLOSED,garage,normal
07-03-2025 08:23,S9,glass_break,NONE,bathroom,normal
07-03-2025 08:24,S30,glass_break,DETECTED,bathroom,anomaly
07-03-2025 08:26,S6,motion,ON,front_door,normal
07-03-2025 08:26,S24,motion,ON,front_door,normal
07-03-2025 08:26,S15,motion,ON,garage,normal
07-03-2025 08:27,S26,temperature,28,living_room,normal
07-03-2025 08:27,S40,motion,ON,bedroom,normal
07-03-2025 08:27,S1,motion,ON,kitchen,normal
07-03-2025 08:27,S28,motion,OFF,kitchen,normal
07-03-2025 08:29,S30,camera,TRIGGERED,backyard,normal
07-03-2025 08:29,S32,glass_break,DETECTED,living_room,anomaly
07-03-2025 08:32,S22,camera,IDLE,bathroom,normal
07-03-2025 08:35,S33,glass_break,NONE,front_door,normal
07-03-2025 08:35,S21,motion,ON,garage,normal
07-03-2025 08:37,S14,glass_break,DETECTED,front_door,anomaly
07-03-2025 08:40,S15,camera,IDLE,bathroom,normal
07-03-2025 08:40,S21,motion,ON,backyard,normal
07-03-2025 08:42,S24,motion,OFF,front_door,normal
07-03-2025 08:43,S28,window,OPEN,backyard,normal
07-03-2025 08:44,S20,camera,IDLE,front_door,normal
07-03-2025 08:44,S8,glass_break,NONE,front_door,normal
07-03-2025 08:45,S39,temperature,15,bathroom,normal
07-03-2025 08:45,S37,door,CLOSED,living_room,normal
07-03-2025 08:47,S30,temperature,21,kitchen,normal
07-03-2025 08:47,S21,door,OPEN,kitchen,normal
07-03-2025 08:48,S15,window,CLOSED,front_door,normal
07-03-2025 08:49,S7,window,CLOSED,backyard,normal
07-03-2025 08:54,S34,temperature,20,front_door,normal
07-03-2025 08:55,S36,glass_break,DETECTED,backyard,anomaly
07-03-2025 08:55,S37,window,CLOSED,garage,normal
07-03-2025 08:55,S1,door,OPEN,living_room,normal
07-03-2025 08:56,S23,door,OPEN,backyard,normal
07-03-2025 08:58,S16,motion,OFF,front_door,normal
07-03-2025 08:58,S21,door,OPEN,living_room,normal
07-03-2025 09:00,S8,motion,OFF,garage,normal
07-03-2025 09:00,S21,door,OPEN,garage,normal
07-03-2025 09:02,S37,door,CLOSED,front_door,normal
07-03-2025 09:02,S7,glass_break,NONE,kitchen,normal
07-03-2025 09:02,S48,door,CLOSED,bedroom,normal
07-03-2025 09:03,S32,window,CLOSED,backyard,normal
07-03-2025 09:03,S29,door,CLOSED,front_door,normal
07-03-2025 09:04,S25,camera,IDLE,garage,normal
07-03-2025 09:05,S31,motion,OFF,kitchen,normal
07-03-2025 09:06,S3,motion,OFF,front_door,normal
07-03-2025 09:07,S2,window,CLOSED,backyard,normal
07-03-2025 09:09,S16,camera,TRIGGERED,front_door,normal
07-03-2025 09:10,S37,glass_break,DETECTED,living_room,anomaly
07-03-2025 09:11,S9,window,CLOSED,front_door,normal
07-03-2025 09:11,S16,window,CLOSED,backyard,normal
07-03-2025 09:13,S36,motion,ON,front_door,normal
07-03-2025 09:13,S15,temperature,30,backyard,normal
07-03-2025 09:13,S26,motion,ON,front_door,normal
07-03-2025 09:15,S41,motion,OFF,bedroom,normal
07-03-2025 09:17,S29,glass_break,NONE,bathroom,normal
07-03-2025 09:17,S8,window,OPEN,backyard,normal
07-03-2025 09:18,S39,glass_break,NONE,backyard,normal
07-03-2025 09:23,S30,motion,OFF,garage,normal
07-03-2025 09:23,S40,glass_break,NONE,kitchen,normal
07-03-2025 09:23,S25,glass_break,NONE,front_door,normal
07-03-2025 09:23,S16,camera,TRIGGERED,bathroom,normal
07-03-2025 09:24,S12,camera,IDLE,front_door,normal
07-03-2025 09:25,S37,window,OPEN,bathroom,normal
07-03-2025 09:27,S20,motion,ON,backyard,normal
07-03-2025 09:27,S30,door,CLOSED,backyard,normal
07-03-2025 09:27,S48,temperature,21,bathroom,normal
07-03-2025 09:27,S36,camera,IDLE,kitchen,normal
07-03-2025 09:28,S19,glass_break,NONE,bedroom,normal
07-03-2025 09:30,S8,window,CLOSED,bathroom,normal
07-03-2025 09:31,S9,motion,ON,kitchen,normal
07-03-2025 09:31,S1,glass_break,DETECTED,garage,anomaly
07-03-2025 09:33,S30,motion,OFF,bedroom,normal
07-03-2025 09:33,S42,glass_break,DETECTED,bathroom,anomaly
07-03-2025 09:34,S44,motion,OFF,front_door,normal
07-03-2025 09:37,S34,temperature,19,backyard,normal
07-03-2025 09:41,S20,window,CLOSED,front_door,normal
07-03-2025 09:41,S1,motion,OFF,bedroom,normal
07-03-2025 09:43,S19,camera,TRIGGERED,backyard,normal
07-03-2025 09:43,S36,door,CLOSED,kitchen,normal
07-03-2025 09:44,S45,glass_break,DETECTED,garage,anomaly
07-03-2025 09:44,S43,door,CLOSED,bedroom,normal
07-03-2025 09:44,S39,camera,IDLE,backyard,normal
07-03-2025 09:45,S40,window,OPEN,backyard,normal
07-03-2025 09:45,S20,temperature,20,living_room,normal
07-03-2025 09:46,S2,window,CLOSED,bedroom,normal
07-03-2025 09:48,S48,glass_break,NONE,kitchen,normal
07-03-2025 09:50,S28,door,OPEN,garage,normal
07-03-2025 09:55,S39,temperature,26,bedroom,normal
07-03-2025 09:58,S32,glass_break,NONE,garage,normal
07-03-2025 10:05,S19,temperature,16,bathroom,normal
07-03-2025 10:09,S37,motion,OFF,front_door,normal
07-03-2025 10:11,S50,window,OPEN,kitchen,normal
07-03-2025 10:12,S5,camera,TRIGGERED,kitchen,normal
07-03-2025 10:12,S13,temperature,29,kitchen,normal
07-03-2025 10:13,S4,window,CLOSED,backyard,normal
07-03-2025 10:16,S39,camera,IDLE,backyard,normal
07-03-2025 10:18,S39,motion,ON,backyard,normal
07-03-2025 10:19,S42,door,OPEN,front_door,normal
07-03-2025 10:21,S12,camera,TRIGGERED,bedroom,normal
07-03-2025 10:22,S43,glass_break,NONE,kitchen,normal
07-03-2025 10:22,S41,window,CLOSED,garage,normal
07-03-2025 10:23,S19,camera,TRIGGERED,bathroom,normal
07-03-2025 10:23,S12,motion,ON,bedroom,normal
07-03-2025 10:24,S35,door,CLOSED,garage,normal
07-03-2025 10:24,S34,glass_break,NONE,bathroom,normal
07-03-2025 10:25,S13,window,OPEN,garage,normal
07-03-2025 10:26,S22,glass_break,DETECTED,garage,anomaly
07-03-2025 10:26,S37,motion,OFF,backyard,normal
07-03-2025 10:28,S13,window,CLOSED,front_door,normal
07-03-2025 10:29,S41,door,CLOSED,living_room,normal
07-03-2025 10:32,S21,door,CLOSED,backyard,normal
07-03-2025 10:33,S12,glass_break,NONE,bedroom,normal
07-03-2025 10:34,S21,window,OPEN,backyard,normal
07-03-2025 10:35,S9,glass_break,NONE,bedroom,normal
07-03-2025 10:36,S38,glass_break,DETECTED,living_room,anomaly
07-03-2025 10:37,S14,door,OPEN,bedroom,normal
07-03-2025 10:37,S50,glass_break,NONE,bathroom,normal
07-03-2025 10:38,S10,window,CLOSED,garage,normal
07-03-2025 10:38,S25,glass_break,DETECTED,garage,anomaly
07-03-2025 10:38,S4,door,OPEN,bathroom,normal
07-03-2025 10:38,S44,glass_break,NONE,front_door,normal
07-03-2025 10:40,S41,window,OPEN,backyard,normal
07-03-2025 10:40,S21,glass_break,NONE,garage,normal
07-03-2025 10:40,S3,window,CLOSED,front_door,normal
07-03-2025 10:43,S28,glass_break,DETECTED,backyard,anomaly
07-03-2025 10:45,S38,door,CLOSED,front_door,normal
07-03-2025 10:47,S44,window,OPEN,backyard,normal
07-03-2025 10:47,S35,temperature,22,bathroom,normal
07-03-2025 10:48,S6,glass_break,DETECTED,garage,anomaly
07-03-2025 10:49,S45,glass_break,DETECTED,bedroom,anomaly
07-03-2025 10:50,S49,door,OPEN,bedroom,normal
07-03-2025 10:50,S38,window,OPEN,bedroom,normal
07-03-2025 10:51,S35,door,CLOSED,backyard,normal
07-03-2025 10:51,S42,door,OPEN,front_door,normal
07-03-2025 10:53,S48,window,OPEN,bathroom,normal
07-03-2025 10:53,S41,camera,IDLE,bedroom,normal
07-03-2025 10:53,S41,window,OPEN,kitchen,normal
07-03-2025 10:53,S4,motion,OFF,living_room,normal
07-03-2025 10:57,S32,camera,IDLE,living_room,normal
07-03-2025 10:57,S16,glass_break,NONE,living_room,normal
07-03-2025 10:58,S20,glass_break,NONE,living_room,normal
07-03-2025 11:01,S27,window,CLOSED,bedroom,normal
07-03-2025 11:01,S31,temperature,15,garage,normal
07-03-2025 11:04,S23,window,CLOSED,front_door,normal
07-03-2025 11:06,S1,glass_break,NONE,bathroom,normal
07-03-2025 11:07,S1,temperature,23,backyard,normal
07-03-2025 11:08,S11,camera,IDLE,bedroom,normal
07-03-2025 11:08,S40,motion,OFF,kitchen,normal
07-03-2025 11:09,S16,camera,IDLE,kitchen,normal
07-03-2025 11:09,S41,door,CLOSED,backyard,normal
07-03-2025 11:09,S14,camera,TRIGGERED,front_door,normal
07-03-2025 11:10,S38,motion,OFF,bedroom,normal
07-03-2025 11:10,S28,window,CLOSED,backyard,normal
07-03-2025 11:11,S40,temperature,17,front_door,normal
07-03-2025 11:11,S32,glass_break,DETECTED,front_door,anomaly
07-03-2025 11:11,S38,door,CLOSED,bathroom,normal
07-03-2025 11:12,S40,door,OPEN,garage,normal
07-03-2025 11:18,S2,glass_break,DETECTED,backyard,anomaly
07-03-2025 11:20,S36,window,CLOSED,living_room,normal
07-03-2025 11:20,S40,camera,TRIGGERED,kitchen,normal
07-03-2025 11:26,S38,glass_break,DETECTED,bedroom,anomaly
07-03-2025 11:26,S33,camera,IDLE,bedroom,normal
07-03-2025 11:26,S48,door,OPEN,bathroom,normal
07-03-2025 11:28,S5,window,CLOSED,bedroom,normal
07-03-2025 11:29,S15,door,CLOSED,backyard,normal
07-03-2025 11:30,S13,temperature,22,kitchen,normal
07-03-2025 11:33,S12,glass_break,NONE,garage,normal
07-03-2025 11:33,S8,temperature,26,front_door,normal
07-03-2025 11:35,S26,door,OPEN,living_room,normal
07-03-2025 11:36,S1,temperature,21,living_room,normal
07-03-2025 11:37,S24,window,CLOSED,garage,normal
07-03-2025 11:39,S3,door,OPEN,backyard,normal
07-03-2025 11:41,S11,window,CLOSED,backyard,normal
07-03-2025 11:42,S45,motion,OFF,living_room,normal
07-03-2025 11:43,S8,motion,OFF,bathroom,normal
07-03-2025 11:43,S16,door,OPEN,front_door,normal
07-03-2025 11:44,S45,camera,IDLE,front_door,normal
07-03-2025 11:44,S25,temperature,30,bathroom,normal
07-03-2025 11:47,S22,temperature,18,bathroom,normal
07-03-2025 11:47,S3,glass_break,NONE,garage,normal
07-03-2025 11:47,S35,camera,IDLE,bathroom,normal
07-03-2025 11:47,S23,camera,IDLE,front_door,normal
07-03-2025 11:49,S38,window,OPEN,front_door,normal
07-03-2025 11:50,S31,window,CLOSED,bathroom,normal
07-03-2025 11:51,S1,glass_break,NONE,garage,normal
07-03-2025 11:52,S30,window,OPEN,front_door,normal
07-03-2025 11:52,S16,window,OPEN,bedroom,normal
07-03-2025 11:52,S31,motion,OFF,backyard,normal
07-03-2025 11:55,S26,motion,OFF,backyard,normal
07-03-2025 11:59,S19,window,OPEN,backyard,normal
07-03-2025 12:00,S50,camera,TRIGGERED,backyard,normal
07-03-2025 12:01,S14,motion,ON,bathroom,normal
07-03-2025 12:01,S27,temperature,21,front_door,normal
07-03-2025 12:02,S34,door,OPEN,living_room,normal
07-03-2025 12:03,S34,glass_break,NONE,bathroom,normal
07-03-2025 12:07,S15,temperature,22,backyard,normal
07-03-2025 12:08,S21,temperature,24,kitchen,normal
07-03-2025 12:10,S45,window,OPEN,living_room,normal
07-03-2025 12:11,S43,glass_break,DETECTED,living_room,anomaly
07-03-2025 12:11,S25,door,OPEN,living_room,normal
07-03-2025 12:15,S3,door,CLOSED,garage,normal
07-03-2025 12:17,S17,temperature,30,kitchen,normal
07-03-2025 12:21,S14,motion,ON,kitchen,normal
07-03-2025 12:21,S15,temperature,28,bathroom,normal
07-03-2025 12:22,S40,window,CLOSED,bedroom,normal
07-03-2025 12:22,S39,temperature,27,front_door,normal
07-03-2025 12:23,S1,temperature,18,backyard,normal
07-03-2025 12:23,S2,motion,ON,garage,normal
07-03-2025 12:23,S36,door,OPEN,living_room,normal
07-03-2025 12:24,S9,door,CLOSED,backyard,normal
07-03-2025 12:24,S30,motion,OFF,front_door,normal
07-03-2025 12:24,S13,window,CLOSED,living_room,normal
07-03-2025 12:25,S27,camera,IDLE,kitchen,normal
07-03-2025 12:26,S48,glass_break,NONE,living_room,normal
07-03-2025 12:27,S10,door,OPEN,backyard,normal
07-03-2025 12:28,S32,door,CLOSED,front_door,normal
07-03-2025 12:28,S16,camera,IDLE,backyard,normal
07-03-2025 12:29,S13,glass_break,NONE,living_room,normal
07-03-2025 12:31,S49,camera,TRIGGERED,front_door,normal
07-03-2025 12:34,S45,glass_break,NONE,kitchen,normal
07-03-2025 12:34,S47,door,CLOSED,bedroom,normal
07-03-2025 12:34,S28,window,OPEN,kitchen,normal
07-03-2025 12:35,S2,door,CLOSED,backyard,normal
07-03-2025 12:35,S1,door,CLOSED,kitchen,normal
07-03-2025 12:35,S37,temperature,17,bathroom,normal
07-03-2025 12:35,S20,motion,OFF,bedroom,normal
07-03-2025 12:35,S14,motion,ON,front_door,normal
07-03-2025 12:36,S17,motion,OFF,bathroom,normal
07-03-2025 12:39,S22,motion,ON,bedroom,normal
07-03-2025 12:43,S41,window,OPEN,front_door,normal
07-03-2025 12:44,S31,door,OPEN,kitchen,normal
07-03-2025 12:44,S6,door,OPEN,front_door,normal
07-03-2025 12:45,S7,window,OPEN,garage,normal
07-03-2025 12:46,S3,temperature,15,backyard,normal
07-03-2025 12:47,S30,temperature,25,bedroom,normal
07-03-2025 12:47,S20,door,OPEN,front_door,normal
07-03-2025 12:49,S45,camera,TRIGGERED,backyard,normal
07-03-2025 12:50,S19,door,OPEN,backyard,normal
07-03-2025 12:50,S16,window,CLOSED,backyard,normal
07-03-2025 12:50,S37,window,OPEN,backyard,normal
07-03-2025 12:51,S2,motion,ON,living_room,normal
07-03-2025 12:52,S50,door,CLOSED,front_door,normal
07-03-2025 12:52,S12,camera,TRIGGERED,bathroom,normal
07-03-2025 12:53,S44,window,CLOSED,front_door,normal
07-03-2025 12:53,S36,camera,TRIGGERED,front_door,normal
07-03-2025 12:54,S46,motion,OFF,bedroom,normal
07-03-2025 12:54,S23,temperature,19,bedroom,normal
07-03-2025 12:55,S42,motion,ON,kitchen,normal
07-03-2025 12:56,S18,window,OPEN,front_door,normal
07-03-2025 12:56,S48,temperature,17,kitchen,normal
07-03-2025 12:57,S31,camera,TRIGGERED,bathroom,normal
07-03-2025 12:59,S49,camera,IDLE,bathroom,normal
07-03-2025 13:03,S18,temperature,27,garage,normal
07-03-2025 13:03,S38,glass_break,DETECTED,bathroom,anomaly
07-03-2025 13:06,S18,temperature,20,backyard,normal
07-03-2025 13:07,S12,temperature,27,front_door,normal
07-03-2025 13:07,S27,door,CLOSED,front_door,normal
07-03-2025 13:08,S14,camera,TRIGGERED,kitchen,normal
07-03-2025 13:11,S39,door,OPEN,garage,normal
07-03-2025 13:11,S30,motion,ON,garage,normal
07-03-2025 13:12,S23,temperature,29,backyard,normal
07-03-2025 13:13,S18,temperature,25,front_door,normal
07-03-2025 13:14,S30,motion,ON,front_door,normal
07-03-2025 13:15,S42,motion,ON,kitchen,normal
07-03-2025 13:16,S6,door,CLOSED,front_door,normal
07-03-2025 13:16,S33,temperature,28,bedroom,normal
07-03-2025 13:17,S13,window,CLOSED,living_room,normal
07-03-2025 13:22,S13,window,CLOSED,bathroom,normal
07-03-2025 13:22,S48,camera,IDLE,bathroom,normal
07-03-2025 13:23,S27,camera,IDLE,bathroom,normal
07-03-2025 13:24,S4,door,OPEN,bedroom,normal
07-03-2025 13:24,S41,door,CLOSED,bedroom,normal
07-03-2025 13:25,S50,window,OPEN,backyard,normal
07-03-2025 13:27,S49,door,CLOSED,front_door,normal
07-03-2025 13:28,S37,camera,TRIGGERED,bedroom,normal
07-03-2025 13:28,S37,motion,OFF,kitchen,normal
07-03-2025 13:28,S44,camera,IDLE,garage,normal
07-03-2025 13:29,S17,motion,OFF,living_room,normal
07-03-2025 13:29,S35,motion,ON,bathroom,normal
07-03-2025 13:32,S31,motion,ON,backyard,normal
07-03-2025 13:35,S49,door,OPEN,living_room,normal
07-03-2025 13:36,S49,window,OPEN,kitchen,normal
07-03-2025 13:39,S37,temperature,18,kitchen,normal
07-03-2025 13:39,S12,glass_break,DETECTED,bedroom,anomaly
07-03-2025 13:40,S44,window,CLOSED,backyard,normal
07-03-2025 13:40,S38,glass_break,NONE,bedroom,normal
07-03-2025 13:40,S22,camera,IDLE,bathroom,normal
07-03-2025 13:41,S5,window,OPEN,kitchen,normal
07-03-2025 13:42,S16,camera,IDLE,kitchen,normal
07-03-2025 13:42,S28,window,OPEN,bedroom,normal
07-03-2025 13:42,S15,temperature,26,bedroom,normal
07-03-2025 13:42,S14,camera,TRIGGERED,living_room,normal
07-03-2025 13:43,S28,motion,OFF,living_room,normal
07-03-2025 13:43,S47,window,CLOSED,kitchen,normal
07-03-2025 13:45,S4,glass_break,DETECTED,bedroom,anomaly
07-03-2025 13:45,S5,door,OPEN,front_door,normal
07-03-2025 13:46,S17,motion,OFF,living_room,normal
07-03-2025 13:46,S37,motion,ON,garage,normal
07-03-2025 13:47,S37,temperature,18,living_room,normal
07-03-2025 13:48,S7,window,CLOSED,bedroom,normal
07-03-2025 13:48,S16,temperature,22,garage,normal
07-03-2025 13:49,S41,door,OPEN,bathroom,normal
07-03-2025 13:50,S22,motion,OFF,backyard,normal
07-03-2025 13:50,S37,glass_break,NONE,living_room,normal
07-03-2025 13:51,S50,temperature,18,backyard,normal
07-03-2025 13:51,S46,door,CLOSED,kitchen,normal
07-03-2025 13:51,S2,camera,IDLE,garage,normal
07-03-2025 13:51,S16,glass_break,DETECTED,front_door,anomaly
07-03-2025 13:52,S32,glass_break,DETECTED,garage,anomaly
07-03-2025 13:55,S35,door,CLOSED,living_room,normal
07-03-2025 13:55,S2,door,OPEN,backyard,normal
07-03-2025 13:56,S45,temperature,18,bathroom,normal
07-03-2025 13:58,S21,camera,IDLE,living_room,normal
07-03-2025 13:59,S1,glass_break,DETECTED,garage,anomaly
07-03-2025 13:59,S46,camera,IDLE,bedroom,normal
07-03-2025 14:00,S25,glass_break,NONE,living_room,normal
07-03-2025 14:02,S35,motion,OFF,bedroom,normal
07-03-2025 14:03,S39,motion,OFF,bathroom,normal
07-03-2025 14:03,S21,temperature,16,front_door,normal
07-03-2025 14:08,S45,camera,IDLE,backyard,normal
07-03-2025 14:08,S29,motion,ON,bathroom,normal
07-03-2025 14:09,S12,glass_break,NONE,backyard,normal
07-03-2025 14:10,S7,door,OPEN,bathroom,normal
07-03-2025 14:11,S27,camera,TRIGGERED,kitchen,normal
07-03-2025 14:12,S9,window,CLOSED,bedroom,normal
07-03-2025 14:12,S38,door,OPEN,backyard,normal
07-03-2025 14:15,S28,window,CLOSED,bathroom,normal
07-03-2025 14:15,S6,door,OPEN,backyard,normal
07-03-2025 14:15,S2,door,OPEN,bathroom,normal
07-03-2025 14:16,S18,door,CLOSED,kitchen,normal
07-03-2025 14:17,S13,camera,IDLE,bathroom,normal
07-03-2025 14:17,S6,window,OPEN,living_room,normal
07-03-2025 14:17,S32,temperature,27,kitchen,normal
07-03-2025 14:18,S20,motion,OFF,garage,normal
07-03-2025 14:21,S45,door,OPEN,kitchen,normal
07-03-2025 14:23,S45,window,CLOSED,bathroom,normal
07-03-2025 14:23,S28,temperature,24,kitchen,normal
07-03-2025 14:24,S27,door,CLOSED,front_door,normal
07-03-2025 14:24,S46,camera,IDLE,bedroom,normal
07-03-2025 14:26,S26,camera,IDLE,backyard,normal
07-03-2025 14:29,S6,camera,TRIGGERED,living_room,normal
07-03-2025 14:30,S5,motion,OFF,garage,normal
07-03-2025 14:30,S8,door,CLOSED,living_room,normal
07-03-2025 14:32,S7,motion,OFF,bathroom,normal
07-03-2025 14:32,S29,glass_break,DETECTED,front_door,anomaly
07-03-2025 14:33,S26,door,CLOSED,kitchen,normal
07-03-2025 14:33,S21,motion,OFF,bathroom,normal
07-03-2025 14:36,S12,window,OPEN,bedroom,normal
07-03-2025 14:37,S43,glass_break,NONE,kitchen,normal
07-03-2025 14:41,S49,window,CLOSED,living_room,normal
07-03-2025 14:43,S32,camera,TRIGGERED,kitchen,normal
07-03-2025 14:45,S45,door,OPEN,backyard,normal
07-03-2025 14:45,S21,motion,ON,bedroom,normal
07-03-2025 14:46,S47,motion,OFF,backyard,normal
07-03-2025 14:47,S41,camera,TRIGGERED,front_door,normal
07-03-2025 14:48,S43,glass_break,DETECTED,bathroom,anomaly
07-03-2025 14:49,S17,window,CLOSED,bedroom,normal
07-03-2025 14:49,S31,window,OPEN,kitchen,normal
07-03-2025 14:50,S46,camera,IDLE,backyard,normal
07-03-2025 14:50,S28,door,CLOSED,bathroom,normal
07-03-2025 14:51,S38,camera,TRIGGERED,kitchen,normal
07-03-2025 14:53,S3,glass_break,NONE,living_room,normal
07-03-2025 14:54,S19,temperature,15,kitchen,normal
07-03-2025 14:55,S45,window,OPEN,front_door,normal
07-03-2025 14:56,S4,door,CLOSED,garage,normal
07-03-2025 14:56,S17,window,CLOSED,bedroom,normal
07-03-2025 14:56,S42,door,OPEN,front_door,normal
07-03-2025 14:56,S19,window,CLOSED,bathroom,normal
07-03-2025 14:58,S33,motion,OFF,backyard,normal
07-03-2025 15:01,S46,window,CLOSED,bedroom,normal
07-03-2025 15:02,S33,motion,ON,garage,normal
07-03-2025 15:05,S32,camera,IDLE,kitchen,normal
07-03-2025 15:06,S49,glass_break,DETECTED,living_room,anomaly
07-03-2025 15:06,S23,door,OPEN,garage,normal
07-03-2025 15:06,S8,glass_break,DETECTED,backyard,anomaly
07-03-2025 15:07,S49,motion,OFF,living_room,normal
07-03-2025 15:08,S37,temperature,16,kitchen,normal
07-03-2025 15:09,S2,glass_break,DETECTED,garage,anomaly
07-03-2025 15:10,S7,glass_break,DETECTED,kitchen,anomaly
07-03-2025 15:11,S28,window,CLOSED,bedroom,normal
07-03-2025 15:11,S37,camera,TRIGGERED,garage,normal
07-03-2025 15:11,S8,temperature,27,backyard,normal
07-03-2025 15:15,S32,glass_break,NONE,living_room,normal
07-03-2025 15:17,S18,door,CLOSED,kitchen,normal
07-03-2025 15:17,S17,temperature,27,front_door,normal
07-03-2025 15:17,S26,motion,OFF,garage,normal
07-03-2025 15:17,S38,camera,IDLE,backyard,normal
07-03-2025 15:18,S30,window,OPEN,garage,normal
07-03-2025 15:18,S32,motion,ON,bedroom,normal
07-03-2025 15:19,S9,door,OPEN,bathroom,normal
07-03-2025 15:20,S47,door,CLOSED,backyard,normal
07-03-2025 15:21,S41,window,CLOSED,kitchen,normal
07-03-2025 15:25,S17,motion,ON,living_room,normal
07-03-2025 15:26,S14,window,OPEN,living_room,normal
07-03-2025 15:26,S39,glass_break,DETECTED,kitchen,anomaly
07-03-2025 15:28,S27,camera,IDLE,living_room,normal
07-03-2025 15:28,S46,window,OPEN,bedroom,normal
07-03-2025 15:31,S14,door,CLOSED,bedroom,normal
07-03-2025 15:32,S39,window,OPEN,bedroom,normal
07-03-2025 15:32,S42,camera,TRIGGERED,garage,normal
07-03-2025 15:34,S13,motion,OFF,kitchen,normal
07-03-2025 15:37,S7,door,CLOSED,living_room,normal
07-03-2025 15:38,S48,window,OPEN,backyard,normal
07-03-2025 15:40,S26,temperature,24,backyard,normal
07-03-2025 15:41,S34,window,CLOSED,kitchen,normal
07-03-2025 15:42,S40,door,CLOSED,garage,normal
07-03-2025 15:43,S14,temperature,17,front_door,normal
07-03-2025 15:44,S2,camera,IDLE,garage,normal
07-03-2025 15:45,S10,glass_break,DETECTED,front_door,anomaly
07-03-2025 15:46,S36,camera,TRIGGERED,bedroom,normal
07-03-2025 15:46,S46,glass_break,DETECTED,garage,anomaly
07-03-2025 15:47,S36,window,OPEN,living_room,normal
07-03-2025 15:49,S21,motion,ON,bedroom,normal
07-03-2025 15:50,S9,temperature,26,garage,normal
07-03-2025 15:50,S22,motion,ON,garage,normal
07-03-2025 15:51,S9,window,OPEN,backyard,normal
07-03-2025 15:51,S49,glass_break,DETECTED,front_door,anomaly
07-03-2025 15:52,S31,motion,ON,front_door,normal
07-03-2025 15:53,S6,camera,TRIGGERED,bedroom,normal
07-03-2025 15:55,S41,door,CLOSED,backyard,normal
07-03-2025 15:55,S26,camera,TRIGGERED,kitchen,normal
07-03-2025 15:56,S44,motion,OFF,kitchen,normal
07-03-2025 15:56,S25,glass_break,NONE,bathroom,normal
07-03-2025 15:57,S33,door,OPEN,bathroom,normal
07-03-2025 15:57,S23,door,CLOSED,living_room,normal
07-03-2025 15:57,S11,camera,IDLE,front_door,normal
07-03-2025 15:58,S38,camera,TRIGGERED,bedroom,normal
07-03-2025 16:00,S2,motion,OFF,backyard,normal
07-03-2025 16:02,S30,window,CLOSED,front_door,normal
07-03-2025 16:02,S42,camera,TRIGGERED,bedroom,normal
07-03-2025 16:04,S8,camera,IDLE,kitchen,normal
07-03-2025 16:05,S37,glass_break,DETECTED,kitchen,anomaly
07-03-2025 16:06,S5,glass_break,DETECTED,front_door,anomaly
07-03-2025 16:06,S33,glass_break,DETECTED,living_room,anomaly
07-03-2025 16:08,S34,glass_break,DETECTED,bedroom,anomaly
07-03-2025 16:08,S14,motion,ON,bathroom,normal
07-03-2025 16:09,S19,motion,ON,front_door,normal
07-03-2025 16:10,S18,window,CLOSED,garage,normal
07-03-2025 16:17,S7,camera,TRIGGERED,front_door,normal
07-03-2025 16:20,S47,motion,ON,kitchen,normal
07-03-2025 16:21,S44,motion,ON,living_room,normal
07-03-2025 16:23,S24,motion,OFF,backyard,normal
07-03-2025 16:23,S39,camera,TRIGGERED,bathroom,normal
07-03-2025 16:24,S37,glass_break,NONE,front_door,normal
07-03-2025 16:24,S9,motion,OFF,kitchen,normal
07-03-2025 16:27,S11,window,CLOSED,backyard,normal
07-03-2025 16:30,S10,camera,IDLE,kitchen,normal
07-03-2025 16:30,S22,temperature,21,backyard,normal
07-03-2025 16:33,S20,door,OPEN,bathroom,normal
07-03-2025 16:35,S14,motion,OFF,bedroom,normal
07-03-2025 16:36,S29,window,OPEN,bedroom,normal
07-03-2025 16:37,S19,glass_break,DETECTED,bedroom,anomaly
07-03-2025 16:37,S49,glass_break,DETECTED,bathroom,anomaly
07-03-2025 16:38,S22,camera,IDLE,bathroom,normal
07-03-2025 16:39,S43,camera,IDLE,kitchen,normal
07-03-2025 16:40,S11,window,CLOSED,garage,normal
07-03-2025 16:40,S38,glass_break,DETECTED,front_door,anomaly
07-03-2025 16:41,S34,motion,ON,backyard,normal
07-03-2025 16:42,S40,glass_break,DETECTED,bedroom,anomaly
07-03-2025 16:44,S10,glass_break,DETECTED,backyard,anomaly
07-03-2025 16:45,S35,glass_break,DETECTED,kitchen,anomaly
07-03-2025 16:45,S11,motion,ON,garage,normal
07-03-2025 16:46,S6,temperature,24,living_room,normal
07-03-2025 16:47,S1,temperature,15,living_room,normal
07-03-2025 16:47,S44,camera,TRIGGERED,bedroom,normal
07-03-2025 16:47,S26,temperature,21,bathroom,normal
07-03-2025 16:49,S19,window,CLOSED,living_room,normal
07-03-2025 16:50,S48,camera,IDLE,living_room,normal
07-03-2025 16:50,S45,window,OPEN,backyard,normal
07-03-2025 16:51,S23,temperature,27,front_door,normal
07-03-2025 16:52,S19,temperature,19,bathroom,normal
07-03-2025 16:53,S20,camera,TRIGGERED,bathroom,normal
07-03-2025 16:55,S22,glass_break,NONE,bathroom,normal
07-03-2025 16:56,S16,window,OPEN,front_door,normal
07-03-2025 16:56,S48,door,OPEN,front_door,normal
07-03-2025 16:58,S17,door,CLOSED,kitchen,normal
07-03-2025 16:59,S4,camera,IDLE,bedroom,normal
07-03-2025 17:00,S24,glass_break,NONE,garage,normal
07-03-2025 17:01,S48,window,OPEN,living_room,normal
07-03-2025 17:02,S10,window,CLOSED,garage,normal
07-03-2025 17:02,S41,window,OPEN,kitchen,normal
07-03-2025 17:04,S2,motion,OFF,kitchen,normal
07-03-2025 17:04,S29,motion,OFF,backyard,normal
07-03-2025 17:05,S14,temperature,16,backyard,normal
07-03-2025 17:05,S36,camera,TRIGGERED,kitchen,normal
07-03-2025 17:07,S2,motion,OFF,garage,normal
07-03-2025 17:07,S37,glass_break,DETECTED,living_room,anomaly
07-03-2025 17:07,S5,door,CLOSED,kitchen,normal
07-03-2025 17:08,S5,window,OPEN,garage,normal
07-03-2025 17:12,S44,temperature,15,bedroom,normal
07-03-2025 17:16,S31,door,OPEN,garage,normal
07-03-2025 17:17,S18,window,OPEN,living_room,normal
07-03-2025 17:17,S7,motion,ON,garage,normal
07-03-2025 17:20,S10,glass_break,DETECTED,bathroom,anomaly
07-03-2025 17:22,S8,window,CLOSED,front_door,normal
07-03-2025 17:22,S44,temperature,20,bedroom,normal
07-03-2025 17:22,S24,glass_break,DETECTED,living_room,anomaly
07-03-2025 17:23,S36,glass_break,NONE,bathroom,normal
07-03-2025 17:24,S26,glass_break,DETECTED,bathroom,anomaly
07-03-2025 17:27,S17,window,CLOSED,living_room,normal
07-03-2025 17:27,S25,window,OPEN,bedroom,normal
07-03-2025 17:27,S27,temperature,21,living_room,normal
07-03-2025 17:30,S44,temperature,20,front_door,normal
07-03-2025 17:31,S31,camera,TRIGGERED,living_room,normal
07-03-2025 17:31,S48,temperature,17,kitchen,normal
07-03-2025 17:36,S12,temperature,29,living_room,normal
07-03-2025 17:37,S38,door,OPEN,garage,normal
07-03-2025 17:37,S16,temperature,19,kitchen,normal
07-03-2025 17:37,S26,window,OPEN,living_room,normal
07-03-2025 17:38,S39,temperature,21,bedroom,normal
07-03-2025 17:39,S18,temperature,17,kitchen,normal
07-03-2025 17:40,S13,temperature,20,backyard,normal
07-03-2025 17:45,S26,window,CLOSED,bathroom,normal
07-03-2025 17:47,S25,glass_break,NONE,bedroom,normal
07-03-2025 17:48,S4,motion,ON,backyard,normal
07-03-2025 17:49,S32,glass_break,NONE,bathroom,normal
07-03-2025 17:50,S27,temperature,22,kitchen,normal
07-03-2025 17:50,S45,temperature,15,bedroom,normal
07-03-2025 17:52,S13,glass_break,DETECTED,front_door,anomaly
07-03-2025 17:54,S48,motion,OFF,garage,normal
07-03-2025 17:54,S30,temperature,21,bathroom,normal
07-03-2025 17:56,S11,motion,ON,bedroom,normal
07-03-2025 17:57,S25,motion,ON,backyard,normal
07-03-2025 17:57,S21,temperature,24,bedroom,normal
07-03-2025 17:59,S5,motion,ON,bedroom,normal
07-03-2025 18:00,S4,temperature,19,front_door,normal
07-03-2025 18:00,S36,temperature,19,garage,normal
07-03-2025 18:03,S29,glass_break,NONE,living_room,normal
07-03-2025 18:04,S42,motion,OFF,backyard,normal
07-03-2025 18:05,S19,door,OPEN,kitchen,normal
07-03-2025 18:06,S47,window,CLOSED,bedroom,normal
07-03-2025 18:07,S30,door,OPEN,living_room,normal
07-03-2025 18:07,S20,camera,TRIGGERED,backyard,normal
07-03-2025 18:10,S12,window,CLOSED,garage,normal
07-03-2025 18:10,S2,temperature,23,backyard,normal
07-03-2025 18:11,S19,door,OPEN,garage,normal
07-03-2025 18:12,S24,camera,TRIGGERED,kitchen,normal
07-03-2025 18:13,S46,camera,TRIGGERED,bedroom,normal
07-03-2025 18:14,S4,temperature,24,bathroom,normal
07-03-2025 18:17,S42,window,CLOSED,bedroom,normal
07-03-2025 18:17,S24,temperature,21,living_room,normal
07-03-2025 18:18,S35,temperature,28,kitchen,normal
07-03-2025 18:19,S8,temperature,28,garage,normal
07-03-2025 18:19,S29,motion,ON,front_door,normal
07-03-2025 18:19,S33,window,CLOSED,front_door,normal
07-03-2025 18:20,S41,temperature,27,backyard,normal
07-03-2025 18:20,S26,door,OPEN,living_room,normal
07-03-2025 18:22,S11,door,OPEN,bedroom,normal
07-03-2025 18:22,S33,temperature,25,front_door,normal
07-03-2025 18:23,S30,glass_break,DETECTED,garage,anomaly
07-03-2025 18:24,S14,door,OPEN,bedroom,normal
07-03-2025 18:24,S4,motion,OFF,living_room,normal
07-03-2025 18:25,S10,camera,IDLE,backyard,normal
07-03-2025 18:25,S42,glass_break,NONE,bedroom,normal
07-03-2025 18:27,S37,camera,IDLE,backyard,normal
07-03-2025 18:27,S3,temperature,28,garage,normal
07-03-2025 18:28,S38,camera,TRIGGERED,front_door,normal
07-03-2025 18:30,S25,motion,ON,kitchen,normal
07-03-2025 18:30,S4,temperature,29,living_room,normal
07-03-2025 18:32,S41,door,CLOSED,front_door,normal
07-03-2025 18:34,S16,door,OPEN,backyard,normal
07-03-2025 18:35,S27,camera,TRIGGERED,garage,normal
07-03-2025 18:36,S34,temperature,18,bedroom,normal
07-03-2025 18:37,S47,glass_break,NONE,backyard,normal
07-03-2025 18:39,S6,glass_break,DETECTED,bedroom,anomaly
07-03-2025 18:39,S27,camera,TRIGGERED,kitchen,normal
07-03-2025 18:39,S26,window,CLOSED,bedroom,normal
07-03-2025 18:41,S26,door,CLOSED,kitchen,normal
07-03-2025 18:41,S30,glass_break,NONE,bedroom,normal
07-03-2025 18:43,S38,camera,IDLE,bathroom,normal
07-03-2025 18:44,S29,glass_break,NONE,living_room,normal
07-03-2025 18:44,S18,temperature,22,backyard,normal
07-03-2025 18:44,S31,door,OPEN,kitchen,normal
07-03-2025 18:46,S26,window,CLOSED,bathroom,normal
07-03-2025 18:47,S25,door,OPEN,kitchen,normal
07-03-2025 18:48,S10,temperature,16,backyard,normal
07-03-2025 18:48,S17,window,CLOSED,garage,normal
07-03-2025 18:49,S11,camera,IDLE,front_door,normal
07-03-2025 18:50,S22,door,OPEN,kitchen,normal
07-03-2025 18:52,S42,window,OPEN,backyard,normal
07-03-2025 18:53,S12,glass_break,DETECTED,backyard,anomaly
07-03-2025 18:54,S11,glass_break,NONE,living_room,normal
07-03-2025 18:55,S41,camera,TRIGGERED,bedroom,normal
07-03-2025 18:55,S45,temperature,17,bedroom,normal
07-03-2025 18:56,S28,door,OPEN,backyard,normal
07-03-2025 18:56,S37,motion,OFF,bedroom,normal
07-03-2025 18:56,S19,temperature,23,bedroom,normal
07-03-2025 18:58,S13,motion,OFF,front_door,normal
07-03-2025 18:58,S42,motion,ON,front_door,normal
07-03-2025 18:58,S36,motion,ON,bedroom,normal
07-03-2025 19:00,S13,motion,OFF,front_door,normal
07-03-2025 19:00,S25,motion,ON,kitchen,normal
07-03-2025 19:01,S15,motion,ON,front_door,normal
07-03-2025 19:01,S45,motion,OFF,living_room,normal
07-03-2025 19:02,S21,glass_break,NONE,backyard,normal
07-03-2025 19:04,S21,motion,ON,bathroom,normal
07-03-2025 19:04,S9,glass_break,NONE,bathroom,normal
07-03-2025 19:05,S50,glass_break,NONE,garage,normal
07-03-2025 19:07,S26,motion,OFF,front_door,normal
07-03-2025 19:09,S32,window,CLOSED,bedroom,normal
07-03-2025 19:09,S37,window,CLOSED,bathroom,normal
07-03-2025 19:10,S33,glass_break,NONE,bedroom,normal
07-03-2025 19:13,S29,door,CLOSED,front_door,normal
07-03-2025 19:13,S50,temperature,24,kitchen,normal
07-03-2025 19:14,S29,motion,ON,backyard,normal
07-03-2025 19:17,S42,motion,OFF,bedroom,normal
07-03-2025 19:18,S11,glass_break,DETECTED,garage,anomaly
07-03-2025 19:21,S14,door,CLOSED,bathroom,normal
07-03-2025 19:22,S22,glass_break,NONE,backyard,normal
07-03-2025 19:25,S36,door,OPEN,bedroom,normal
07-03-2025 19:25,S28,motion,OFF,backyard,normal
07-03-2025 19:26,S32,window,OPEN,bathroom,normal
07-03-2025 19:27,S12,motion,OFF,bathroom,normal
07-03-2025 19:28,S44,door,CLOSED,bedroom,normal
07-03-2025 19:30,S13,camera,TRIGGERED,garage,normal
07-03-2025 19:31,S30,window,OPEN,garage,normal
07-03-2025 19:31,S11,window,OPEN,bathroom,normal
07-03-2025 19:31,S20,temperature,16,kitchen,normal
07-03-2025 19:32,S50,motion,ON,bedroom,normal
07-03-2025 19:32,S42,glass_break,DETECTED,garage,anomaly
07-03-2025 19:33,S1,glass_break,DETECTED,backyard,anomaly
07-03-2025 19:33,S27,temperature,26,front_door,normal
07-03-2025 19:39,S15,motion,OFF,garage,normal
07-03-2025 19:40,S14,glass_break,NONE,garage,normal
07-03-2025 19:41,S10,door,CLOSED,backyard,normal
07-03-2025 19:43,S15,motion,OFF,bathroom,normal
07-03-2025 19:44,S34,temperature,28,kitchen,normal
07-03-2025 19:44,S27,camera,TRIGGERED,bedroom,normal
07-03-2025 19:44,S49,window,CLOSED,garage,normal
07-03-2025 19:44,S5,motion,ON,garage,normal
07-03-2025 19:46,S22,temperature,16,backyard,normal
07-03-2025 19:46,S16,glass_break,NONE,front_door,normal
07-03-2025 19:47,S30,glass_break,DETECTED,backyard,anomaly
07-03-2025 19:47,S12,window,CLOSED,garage,normal
07-03-2025 19:47,S34,glass_break,NONE,front_door,normal
07-03-2025 19:47,S39,motion,ON,bathroom,normal
07-03-2025 19:48,S4,camera,IDLE,living_room,normal
07-03-2025 19:48,S7,window,OPEN,living_room,normal
07-03-2025 19:48,S22,temperature,17,bathroom,normal
07-03-2025 19:52,S27,door,CLOSED,front_door,normal
07-03-2025 19:52,S18,window,OPEN,front_door,normal
07-03-2025 19:53,S50,camera,IDLE,garage,normal
07-03-2025 19:55,S4,camera,TRIGGERED,backyard,normal
07-03-2025 19:55,S31,door,OPEN,front_door,normal
07-03-2025 19:55,S20,window,OPEN,bathroom,normal
07-03-2025 19:56,S27,motion,OFF,kitchen,normal
07-03-2025 19:58,S40,temperature,21,bathroom,normal
07-03-2025 19:59,S30,glass_break,NONE,bedroom,normal
07-03-2025 20:02,S41,window,CLOSED,front_door,normal
07-03-2025 20:02,S14,motion,OFF,bathroom,normal
07-03-2025 20:04,S16,glass_break,NONE,garage,normal
07-03-2025 20:05,S20,window,OPEN,living_room,normal
07-03-2025 20:07,S13,motion,OFF,kitchen,normal
07-03-2025 20:07,S18,motion,ON,backyard,normal
07-03-2025 20:09,S45,temperature,21,living_room,normal
07-03-2025 20:09,S13,door,OPEN,living_room,normal
07-03-2025 20:10,S5,window,OPEN,backyard,normal
07-03-2025 20:11,S11,window,OPEN,front_door,normal
07-03-2025 20:11,S23,motion,OFF,kitchen,normal
07-03-2025 20:11,S23,camera,TRIGGERED,bathroom,normal
07-03-2025 20:16,S46,door,CLOSED,backyard,normal
07-03-2025 20:16,S40,temperature,23,kitchen,normal
07-03-2025 20:18,S22,window,OPEN,backyard,normal
07-03-2025 20:18,S48,camera,TRIGGERED,bathroom,normal
07-03-2025 20:19,S36,camera,IDLE,backyard,normal
07-03-2025 20:20,S47,window,OPEN,bedroom,normal
07-03-2025 20:20,S6,temperature,29,living_room,normal
07-03-2025 20:21,S31,motion,ON,bathroom,normal
07-03-2025 20:21,S29,motion,ON,kitchen,normal
07-03-2025 20:22,S42,temperature,26,backyard,normal
07-03-2025 20:25,S7,door,OPEN,living_room,normal
07-03-2025 20:26,S4,window,OPEN,bathroom,normal
07-03-2025 20:27,S42,temperature,24,backyard,normal
07-03-2025 20:28,S38,motion,OFF,bathroom,normal
07-03-2025 20:28,S30,glass_break,DETECTED,garage,anomaly
07-03-2025 20:30,S46,glass_break,DETECTED,bathroom,anomaly
07-03-2025 20:30,S40,motion,OFF,garage,normal
07-03-2025 20:30,S26,glass_break,DETECTED,bedroom,anomaly
07-03-2025 20:31,S22,temperature,17,garage,normal
07-03-2025 20:32,S48,door,OPEN,living_room,normal
07-03-2025 20:34,S25,motion,OFF,kitchen,normal
07-03-2025 20:35,S40,camera,TRIGGERED,backyard,normal
07-03-2025 20:35,S15,temperature,18,garage,normal
07-03-2025 20:36,S11,door,CLOSED,front_door,normal
07-03-2025 20:37,S49,window,OPEN,backyard,normal
07-03-2025 20:37,S6,camera,IDLE,bathroom,normal
07-03-2025 20:37,S15,temperature,30,bedroom,normal
07-03-2025 20:40,S36,temperature,16,bedroom,normal
07-03-2025 20:40,S40,glass_break,NONE,front_door,normal
07-03-2025 20:43,S23,camera,TRIGGERED,garage,normal
07-03-2025 20:43,S12,camera,IDLE,bedroom,normal
07-03-2025 20:43,S29,camera,IDLE,bathroom,normal
07-03-2025 20:44,S12,motion,OFF,front_door,normal
07-03-2025 20:44,S49,camera,IDLE,bedroom,normal
07-03-2025 20:47,S35,motion,OFF,garage,normal
07-03-2025 20:48,S13,door,CLOSED,backyard,normal
07-03-2025 20:49,S11,camera,TRIGGERED,bedroom,normal
07-03-2025 20:50,S50,door,CLOSED,front_door,normal
07-03-2025 20:50,S25,glass_break,DETECTED,bathroom,anomaly
07-03-2025 20:54,S30,motion,OFF,living_room,normal
07-03-2025 20:57,S34,camera,TRIGGERED,bathroom,normal
07-03-2025 20:57,S17,glass_break,NONE,living_room,normal
07-03-2025 20:58,S9,door,CLOSED,backyard,normal
07-03-2025 20:58,S18,door,CLOSED,bedroom,normal
07-03-2025 20:58,S32,glass_break,DETECTED,bathroom,anomaly
07-03-2025 20:59,S2,temperature,15,kitchen,normal
07-03-2025 20:59,S20,camera,TRIGGERED,bathroom,normal
07-03-2025 20:59,S39,glass_break,NONE,garage,normal
07-03-2025 21:00,S31,glass_break,DETECTED,living_room,anomaly
07-03-2025 21:00,S31,window,CLOSED,garage,normal
07-03-2025 21:02,S28,window,OPEN,front_door,normal
07-03-2025 21:03,S28,glass_break,DETECTED,garage,anomaly
07-03-2025 21:05,S31,window,CLOSED,backyard,normal
07-03-2025 21:07,S35,window,OPEN,bedroom,normal
07-03-2025 21:09,S38,window,OPEN,kitchen,normal
07-03-2025 21:10,S43,motion,OFF,bedroom,normal
07-03-2025 21:14,S44,temperature,21,garage,normal
07-03-2025 21:15,S28,temperature,18,bedroom,normal
07-03-2025 21:16,S32,camera,IDLE,backyard,normal
07-03-2025 21:16,S1,temperature,16,bathroom,normal
07-03-2025 21:17,S27,window,CLOSED,garage,normal
07-03-2025 21:19,S36,door,CLOSED,kitchen,normal
07-03-2025 21:20,S43,glass_break,DETECTED,front_door,anomaly
07-03-2025 21:20,S33,camera,TRIGGERED,bathroom,normal
07-03-2025 21:21,S7,motion,ON,bathroom,normal
07-03-2025 21:22,S10,temperature,26,garage,normal
07-03-2025 21:23,S21,camera,TRIGGERED,bedroom,normal
07-03-2025 21:25,S23,glass_break,DETECTED,bathroom,anomaly
07-03-2025 21:25,S26,glass_break,DETECTED,living_room,anomaly
07-03-2025 21:28,S47,glass_break,DETECTED,kitchen,anomaly
07-03-2025 21:29,S44,motion,OFF,kitchen,normal
07-03-2025 21:29,S34,door,OPEN,front_door,normal
07-03-2025 21:31,S40,window,OPEN,living_room,normal
07-03-2025 21:32,S30,door,CLOSED,bedroom,normal
07-03-2025 21:34,S12,motion,ON,bedroom,normal
07-03-2025 21:35,S16,glass_break,DETECTED,backyard,anomaly
07-03-2025 21:36,S3,glass_break,NONE,bedroom,normal
07-03-2025 21:38,S23,temperature,30,living_room,normal
07-03-2025 21:38,S44,camera,TRIGGERED,backyard,normal
07-03-2025 21:39,S26,temperature,28,backyard,normal
07-03-2025 21:39,S22,glass_break,NONE,kitchen,normal
07-03-2025 21:40,S16,temperature,15,bathroom,normal
07-03-2025 21:40,S45,glass_break,NONE,bedroom,normal
07-03-2025 21:45,S14,glass_break,NONE,backyard,normal
07-03-2025 21:46,S35,window,CLOSED,living_room,normal
07-03-2025 21:47,S37,motion,OFF,living_room,normal
07-03-2025 21:48,S28,motion,ON,backyard,normal
07-03-2025 21:48,S27,motion,OFF,living_room,normal
07-03-2025 21:48,S13,motion,ON,front_door,normal
07-03-2025 21:48,S34,window,OPEN,bathroom,normal
07-03-2025 21:50,S47,window,OPEN,backyard,normal
07-03-2025 21:52,S48,temperature,25,bedroom,normal
07-03-2025 21:52,S39,glass_break,DETECTED,front_door,anomaly
07-03-2025 21:53,S45,motion,ON,backyard,normal
07-03-2025 21:54,S28,window,CLOSED,garage,normal
07-03-2025 21:56,S20,motion,ON,kitchen,normal
07-03-2025 21:57,S50,temperature,18,backyard,normal
07-03-2025 21:58,S47,window,OPEN,front_door,normal
07-03-2025 21:59,S3,motion,ON,living_room,normal
07-03-2025 21:59,S26,glass_break,DETECTED,garage,anomaly
07-03-2025 21:59,S23,glass_break,DETECTED,living_room,anomaly
07-03-2025 22:00,S26,temperature,20,bedroom,normal
07-03-2025 22:00,S43,door,OPEN,garage,normal
07-03-2025 22:00,S26,glass_break,NONE,garage,normal
07-03-2025 22:01,S19,motion,OFF,garage,normal
07-03-2025 22:01,S38,camera,TRIGGERED,front_door,normal
07-03-2025 22:02,S11,door,CLOSED,bathroom,normal
07-03-2025 22:03,S42,glass_break,NONE,garage,normal
07-03-2025 22:04,S21,window,OPEN,kitchen,normal
07-03-2025 22:05,S11,temperature,19,living_room,normal
07-03-2025 22:05,S20,window,CLOSED,front_door,normal
07-03-2025 22:07,S4,window,OPEN,backyard,normal
07-03-2025 22:08,S20,window,CLOSED,backyard,normal
07-03-2025 22:09,S50,door,CLOSED,backyard,normal
07-03-2025 22:09,S19,window,OPEN,living_room,normal
07-03-2025 22:10,S9,door,CLOSED,backyard,normal
07-03-2025 22:10,S24,door,CLOSED,kitchen,normal
07-03-2025 22:11,S35,motion,ON,bathroom,normal
07-03-2025 22:12,S38,window,CLOSED,front_door,normal
07-03-2025 22:12,S47,door,OPEN,front_door,normal
07-03-2025 22:14,S38,camera,TRIGGERED,garage,normal
07-03-2025 22:14,S31,glass_break,DETECTED,kitchen,anomaly
07-03-2025 22:14,S49,motion,ON,backyard,normal
07-03-2025 22:16,S16,temperature,19,living_room,normal
07-03-2025 22:16,S6,camera,IDLE,living_room,normal
07-03-2025 22:16,S21,motion,ON,living_room,normal
07-03-2025 22:17,S1,motion,OFF,garage,normal
07-03-2025 22:19,S23,glass_break,NONE,bathroom,normal
07-03-2025 22:19,S48,temperature,27,bathroom,normal
07-03-2025 22:21,S18,door,OPEN,bathroom,normal
07-03-2025 22:21,S2,door,OPEN,bedroom,normal
07-03-2025 22:21,S31,camera,TRIGGERED,bathroom,normal
07-03-2025 22:23,S16,glass_break,NONE,kitchen,normal
07-03-2025 22:24,S13,door,OPEN,living_room,normal
07-03-2025 22:24,S32,window,CLOSED,kitchen,normal
07-03-2025 22:25,S12,temperature,29,living_room,normal
07-03-2025 22:25,S17,camera,TRIGGERED,living_room,normal
07-03-2025 22:28,S13,glass_break,NONE,front_door,normal
07-03-2025 22:28,S34,temperature,22,living_room,normal
07-03-2025 22:29,S33,motion,OFF,bedroom,normal
07-03-2025 22:34,S27,door,CLOSED,garage,normal
07-03-2025 22:34,S34,motion,ON,garage,normal
07-03-2025 22:34,S15,door,CLOSED,bathroom,normal
07-03-2025 22:35,S14,motion,OFF,garage,normal
07-03-2025 22:35,S5,door,CLOSED,bathroom,normal
07-03-2025 22:36,S8,temperature,23,bathroom,normal
07-03-2025 22:38,S20,camera,IDLE,bedroom,normal
07-03-2025 22:39,S25,temperature,19,living_room,normal
07-03-2025 22:40,S8,glass_break,NONE,front_door,normal
07-03-2025 22:42,S33,motion,OFF,kitchen,normal
07-03-2025 22:43,S24,door,OPEN,living_room,normal
07-03-2025 22:44,S14,camera,IDLE,kitchen,normal
07-03-2025 22:45,S31,camera,IDLE,bathroom,normal
07-03-2025 22:46,S45,camera,IDLE,bedroom,normal
07-03-2025 22:46,S40,motion,ON,bathroom,normal
07-03-2025 22:46,S32,camera,TRIGGERED,kitchen,normal
07-03-2025 22:48,S5,door,OPEN,kitchen,normal
07-03-2025 22:49,S43,camera,TRIGGERED,front_door,normal
07-03-2025 22:52,S48,motion,OFF,garage,normal
07-03-2025 22:55,S1,door,OPEN,bathroom,normal
07-03-2025 22:56,S33,camera,TRIGGERED,garage,normal
07-03-2025 22:56,S25,temperature,20,kitchen,normal
07-03-2025 22:56,S18,window,OPEN,bathroom,normal
07-03-2025 22:58,S17,door,OPEN,bathroom,normal
07-03-2025 22:58,S31,window,OPEN,garage,normal
07-03-2025 22:58,S27,camera,TRIGGERED,bathroom,normal
07-03-2025 22:58,S22,door,OPEN,bathroom,normal
07-03-2025 23:00,S21,motion,ON,living_room,anomaly
07-03-2025 23:04,S29,motion,ON,bathroom,anomaly
07-03-2025 23:04,S26,window,OPEN,front_door,normal
07-03-2025 23:05,S20,window,OPEN,backyard,normal
07-03-2025 23:08,S25,camera,TRIGGERED,living_room,normal
07-03-2025 23:09,S31,door,OPEN,garage,normal
07-03-2025 23:10,S6,motion,OFF,bathroom,anomaly
07-03-2025 23:10,S6,temperature,30,garage,normal
07-03-2025 23:12,S35,camera,TRIGGERED,backyard,normal
07-03-2025 23:13,S2,motion,OFF,living_room,anomaly
07-03-2025 23:14,S1,temperature,27,front_door,normal
07-03-2025 23:14,S38,door,CLOSED,garage,normal
07-03-2025 23:15,S27,door,OPEN,kitchen,normal
07-03-2025 23:15,S32,glass_break,DETECTED,garage,anomaly
07-03-2025 23:15,S40,motion,ON,bedroom,anomaly
07-03-2025 23:16,S27,temperature,22,bathroom,normal
07-03-2025 23:16,S22,glass_break,DETECTED,living_room,anomaly
07-03-2025 23:16,S4,window,OPEN,kitchen,normal
07-03-2025 23:18,S8,window,CLOSED,garage,normal
07-03-2025 23:21,S19,motion,OFF,garage,anomaly
07-03-2025 23:22,S46,window,CLOSED,bathroom,normal
07-03-2025 23:23,S16,temperature,16,bedroom,normal
07-03-2025 23:23,S11,window,OPEN,backyard,normal
07-03-2025 23:27,S6,door,CLOSED,front_door,normal
07-03-2025 23:29,S18,motion,ON,kitchen,anomaly
07-03-2025 23:29,S47,camera,IDLE,bedroom,normal
07-03-2025 23:30,S7,door,CLOSED,bathroom,normal
07-03-2025 23:30,S50,temperature,18,garage,normal
07-03-2025 23:30,S41,window,OPEN,front_door,normal
07-03-2025 23:31,S15,door,CLOSED,kitchen,normal
07-03-2025 23:33,S18,motion,ON,garage,anomaly
07-03-2025 23:33,S19,glass_break,NONE,bedroom,normal
07-03-2025 23:34,S4,camera,TRIGGERED,front_door,normal
07-03-2025 23:34,S14,temperature,19,living_room,normal
07-03-2025 23:35,S20,camera,IDLE,bathroom,normal
07-03-2025 23:35,S10,window,OPEN,living_room,normal
07-03-2025 23:36,S2,glass_break,DETECTED,bathroom,anomaly
07-03-2025 23:39,S50,door,CLOSED,kitchen,normal
07-03-2025 23:39,S47,window,CLOSED,bedroom,normal
07-03-2025 23:40,S44,window,CLOSED,front_door,normal
07-03-2025 23:42,S11,door,OPEN,bedroom,normal
07-03-2025 23:43,S16,temperature,26,bedroom,normal
07-03-2025 23:44,S6,window,OPEN,bathroom,normal
07-03-2025 23:46,S8,window,CLOSED,front_door,normal
07-03-2025 23:49,S42,window,OPEN,garage,normal
07-03-2025 23:50,S5,motion,ON,living_room,anomaly
07-03-2025 23:50,S50,temperature,17,bathroom,normal
07-03-2025 23:52,S47,door,CLOSED,backyard,normal
07-03-2025 23:53,S40,temperature,26,bedroom,normal
07-03-2025 23:53,S1,camera,TRIGGERED,front_door,normal
07-03-2025 23:54,S15,temperature,17,front_door,normal
07-03-2025 23:55,S42,motion,OFF,bedroom,anomaly
07-03-2025 23:55,S43,window,CLOSED,backyard,normal
07-03-2025 23:55,S43,motion,ON,kitchen,anomaly
07-03-2025 23:59,S13,glass_break,NONE,backyard,normal
07-03-2025 23:59,S44,glass_break,DETECTED,front_door,anomaly
08-03-2025 00:00,S28,door,CLOSED,garage,normal
08-03-2025 00:00,S37,door,CLOSED,garage,normal
08-03-2025 00:01,S2,window,CLOSED,kitchen,normal
08-03-2025 00:02,S11,camera,TRIGGERED,bedroom,normal
08-03-2025 00:05,S35,window,CLOSED,garage,normal
08-03-2025 00:07,S40,glass_break,NONE,garage,normal
08-03-2025 00:08,S20,motion,ON,backyard,anomaly
08-03-2025 00:10,S4,temperature,20,backyard,normal
08-03-2025 00:11,S35,camera,TRIGGERED,living_room,normal
08-03-2025 00:13,S33,temperature,19,kitchen,normal
08-03-2025 00:16,S20,window,OPEN,bedroom,normal
08-03-2025 00:18,S20,door,OPEN,backyard,normal
08-03-2025 00:19,S18,glass_break,NONE,living_room,normal
08-03-2025 00:21,S30,motion,OFF,garage,anomaly
08-03-2025 00:21,S47,motion,OFF,backyard,anomaly
08-03-2025 00:26,S39,camera,IDLE,living_room,normal
08-03-2025 00:26,S19,motion,ON,backyard,anomaly
08-03-2025 00:27,S29,motion,ON,kitchen,anomaly
08-03-2025 00:29,S31,camera,IDLE,garage,normal
08-03-2025 00:29,S30,glass_break,DETECTED,bedroom,anomaly
08-03-2025 00:31,S24,temperature,17,kitchen,normal
08-03-2025 00:31,S13,temperature,21,backyard,normal
08-03-2025 00:32,S22,door,CLOSED,backyard,normal
08-03-2025 00:33,S40,glass_break,DETECTED,bathroom,anomaly
08-03-2025 00:38,S21,glass_break,NONE,backyard,normal
08-03-2025 00:38,S31,motion,ON,living_room,anomaly
08-03-2025 00:39,S29,camera,TRIGGERED,kitchen,normal
08-03-2025 00:39,S23,temperature,27,living_room,normal
08-03-2025 00:41,S3,camera,TRIGGERED,bedroom,normal
08-03-2025 00:42,S38,glass_break,DETECTED,kitchen,anomaly
08-03-2025 00:43,S26,camera,TRIGGERED,kitchen,normal
08-03-2025 00:44,S13,temperature,18,bathroom,normal
08-03-2025 00:44,S23,motion,OFF,front_door,anomaly
08-03-2025 00:45,S17,door,CLOSED,living_room,normal
08-03-2025 00:45,S5,camera,TRIGGERED,backyard,normal
08-03-2025 00:45,S17,door,CLOSED,backyard,normal
08-03-2025 00:46,S39,door,CLOSED,living_room,normal
08-03-2025 00:47,S30,window,CLOSED,kitchen,normal
08-03-2025 00:48,S37,window,OPEN,living_room,normal
08-03-2025 00:48,S1,door,OPEN,kitchen,normal
08-03-2025 00:51,S4,door,CLOSED,backyard,normal
08-03-2025 00:52,S45,camera,TRIGGERED,backyard,normal
08-03-2025 00:54,S20,motion,ON,backyard,anomaly
08-03-2025 00:54,S49,glass_break,NONE,garage,normal
08-03-2025 00:55,S20,window,OPEN,kitchen,normal
08-03-2025 00:55,S23,motion,OFF,front_door,anomaly
08-03-2025 00:57,S27,temperature,26,bedroom,normal
08-03-2025 00:58,S39,motion,ON,living_room,anomaly
08-03-2025 00:59,S24,door,CLOSED,garage,normal
08-03-2025 00:59,S34,temperature,17,bedroom,normal
08-03-2025 01:00,S21,door,CLOSED,bedroom,normal
08-03-2025 01:00,S13,temperature,28,living_room,normal
08-03-2025 01:00,S18,glass_break,DETECTED,living_room,anomaly
08-03-2025 01:00,S23,window,CLOSED,bathroom,normal
08-03-2025 01:01,S41,temperature,16,bedroom,normal
08-03-2025 01:01,S47,door,OPEN,living_room,normal
08-03-2025 01:01,S38,camera,IDLE,garage,normal
08-03-2025 01:02,S31,temperature,22,bathroom,normal
08-03-2025 01:03,S6,camera,TRIGGERED,garage,normal
08-03-2025 01:04,S16,motion,OFF,bathroom,anomaly
08-03-2025 01:05,S20,temperature,20,garage,normal
08-03-2025 01:05,S21,glass_break,NONE,living_room,normal
08-03-2025 01:05,S20,window,OPEN,garage,normal
08-03-2025 01:06,S8,door,OPEN,garage,normal
08-03-2025 01:08,S2,camera,TRIGGERED,front_door,normal
08-03-2025 01:08,S17,window,CLOSED,bedroom,normal
08-03-2025 01:10,S35,motion,ON,backyard,anomaly
08-03-2025 01:10,S28,door,CLOSED,bathroom,normal
08-03-2025 01:11,S29,window,CLOSED,bathroom,normal
08-03-2025 01:12,S21,motion,ON,living_room,anomaly
08-03-2025 01:13,S41,temperature,24,living_room,normal
08-03-2025 01:13,S9,camera,IDLE,bedroom,normal
08-03-2025 01:15,S30,motion,ON,living_room,anomaly
08-03-2025 01:16,S23,motion,ON,front_door,anomaly
08-03-2025 01:17,S6,camera,IDLE,front_door,normal
08-03-2025 01:19,S31,temperature,17,backyard,normal
08-03-2025 01:20,S22,glass_break,NONE,living_room,normal
08-03-2025 01:22,S30,camera,TRIGGERED,kitchen,normal
08-03-2025 01:23,S30,window,OPEN,kitchen,normal
08-03-2025 01:24,S4,door,OPEN,bathroom,normal
08-03-2025 01:25,S18,door,OPEN,backyard,normal
08-03-2025 01:25,S35,camera,IDLE,garage,normal
08-03-2025 01:27,S22,temperature,20,bedroom,normal
08-03-2025 01:28,S9,motion,OFF,backyard,anomaly
08-03-2025 01:28,S42,door,CLOSED,backyard,normal
08-03-2025 01:30,S48,window,CLOSED,kitchen,normal
08-03-2025 01:31,S15,door,OPEN,garage,normal
08-03-2025 01:32,S35,door,CLOSED,garage,normal
08-03-2025 01:34,S6,motion,OFF,bathroom,anomaly
08-03-2025 01:35,S20,temperature,21,kitchen,normal
08-03-2025 01:38,S34,window,OPEN,living_room,normal
08-03-2025 01:39,S30,camera,IDLE,garage,normal
08-03-2025 01:42,S12,window,OPEN,bathroom,normal
08-03-2025 01:42,S8,door,OPEN,bathroom,normal
08-03-2025 01:42,S50,temperature,19,backyard,normal
08-03-2025 01:44,S43,temperature,25,bathroom,normal
08-03-2025 01:44,S37,temperature,19,living_room,normal
08-03-2025 01:45,S27,motion,ON,kitchen,anomaly
08-03-2025 01:46,S30,glass_break,NONE,bathroom,normal
08-03-2025 01:46,S12,window,OPEN,backyard,normal
08-03-2025 01:46,S27,glass_break,DETECTED,garage,anomaly
08-03-2025 01:48,S20,glass_break,NONE,living_room,normal
08-03-2025 01:49,S44,motion,ON,bedroom,anomaly
08-03-2025 01:49,S34,door,OPEN,bathroom,normal
08-03-2025 01:50,S23,motion,ON,backyard,anomaly
08-03-2025 01:50,S35,window,OPEN,garage,normal
08-03-2025 01:52,S28,motion,ON,backyard,anomaly
08-03-2025 01:54,S26,camera,TRIGGERED,garage,normal
08-03-2025 01:54,S36,glass_break,DETECTED,kitchen,anomaly
08-03-2025 01:54,S37,temperature,26,backyard,normal
08-03-2025 01:55,S15,window,OPEN,backyard,normal
08-03-2025 01:55,S28,door,CLOSED,garage,normal
08-03-2025 01:57,S13,temperature,28,kitchen,normal
08-03-2025 01:57,S46,camera,TRIGGERED,living_room,normal
08-03-2025 01:59,S23,door,OPEN,front_door,normal
08-03-2025 02:00,S47,window,CLOSED,bathroom,normal
08-03-2025 02:00,S18,door,OPEN,garage,normal
08-03-2025 02:00,S33,door,OPEN,kitchen,normal
08-03-2025 02:01,S34,glass_break,DETECTED,front_door,anomaly
08-03-2025 02:03,S27,window,CLOSED,bathroom,normal
08-03-2025 02:04,S7,camera,IDLE,backyard,normal
08-03-2025 02:05,S2,window,OPEN,backyard,normal
08-03-2025 02:07,S41,glass_break,DETECTED,garage,anomaly
08-03-2025 02:07,S9,glass_break,NONE,kitchen,normal
08-03-2025 02:07,S46,glass_break,DETECTED,garage,anomaly
08-03-2025 02:08,S12,glass_break,NONE,garage,normal
08-03-2025 02:11,S2,glass_break,DETECTED,backyard,anomaly
08-03-2025 02:12,S46,temperature,23,backyard,normal
08-03-2025 02:13,S10,motion,OFF,kitchen,anomaly
08-03-2025 02:14,S47,glass_break,NONE,backyard,normal
08-03-2025 02:15,S47,door,OPEN,bathroom,normal
08-03-2025 02:15,S37,camera,IDLE,backyard,normal
08-03-2025 02:17,S2,window,CLOSED,bedroom,normal
08-03-2025 02:18,S24,camera,IDLE,garage,normal
08-03-2025 02:19,S27,window,OPEN,garage,normal
08-03-2025 02:19,S28,door,OPEN,backyard,normal
08-03-2025 02:19,S38,door,OPEN,kitchen,normal
08-03-2025 02:19,S6,door,OPEN,garage,normal
08-03-2025 02:21,S12,motion,OFF,front_door,anomaly
08-03-2025 02:22,S30,window,OPEN,front_door,normal
08-03-2025 02:22,S17,camera,IDLE,front_door,normal
08-03-2025 02:23,S35,glass_break,NONE,bedroom,normal
08-03-2025 02:24,S48,temperature,25,bedroom,normal
08-03-2025 02:24,S14,door,CLOSED,bedroom,normal
08-03-2025 02:24,S10,temperature,28,garage,normal
08-03-2025 02:24,S29,camera,TRIGGERED,kitchen,normal
08-03-2025 02:25,S31,door,OPEN,garage,normal
08-03-2025 02:25,S30,temperature,25,bedroom,normal
08-03-2025 02:26,S17,camera,TRIGGERED,bathroom,normal
08-03-2025 02:27,S40,window,CLOSED,front_door,normal
08-03-2025 02:28,S6,camera,IDLE,backyard,normal
08-03-2025 02:28,S21,door,CLOSED,front_door,normal
08-03-2025 02:32,S1,motion,OFF,kitchen,anomaly
08-03-2025 02:34,S20,temperature,19,kitchen,normal
08-03-2025 02:35,S49,motion,OFF,backyard,anomaly
08-03-2025 02:35,S46,glass_break,NONE,front_door,normal
08-03-2025 02:35,S9,glass_break,NONE,backyard,normal
08-03-2025 02:36,S38,temperature,21,kitchen,normal
08-03-2025 02:36,S27,window,OPEN,kitchen,normal
08-03-2025 02:37,S9,door,CLOSED,living_room,normal
08-03-2025 02:41,S47,temperature,17,bedroom,normal
08-03-2025 02:41,S5,temperature,17,kitchen,normal
08-03-2025 02:42,S48,camera,TRIGGERED,garage,normal
08-03-2025 02:42,S37,motion,ON,bedroom,anomaly
08-03-2025 02:42,S48,window,OPEN,kitchen,normal
08-03-2025 02:43,S1,temperature,16,bedroom,normal
08-03-2025 02:46,S9,camera,IDLE,bedroom,normal
08-03-2025 02:50,S22,motion,OFF,bedroom,anomaly
08-03-2025 02:52,S10,glass_break,DETECTED,bedroom,anomaly
08-03-2025 02:52,S24,motion,ON,backyard,anomaly
08-03-2025 02:53,S31,motion,OFF,bedroom,anomaly
08-03-2025 02:53,S23,camera,IDLE,living_room,normal
08-03-2025 02:53,S31,temperature,25,backyard,normal
08-03-2025 02:54,S15,temperature,30,living_room,normal
08-03-2025 02:55,S6,motion,OFF,bedroom,anomaly
08-03-2025 02:55,S43,camera,IDLE,living_room,normal
08-03-2025 02:55,S38,window,CLOSED,kitchen,normal
08-03-2025 02:55,S15,camera,TRIGGERED,kitchen,normal
08-03-2025 02:57,S40,door,CLOSED,kitchen,normal
08-03-2025 02:59,S13,camera,TRIGGERED,bedroom,normal
08-03-2025 02:59,S6,motion,OFF,kitchen,anomaly
08-03-2025 03:01,S2,door,OPEN,front_door,normal
08-03-2025 03:01,S8,motion,OFF,living_room,anomaly
08-03-2025 03:02,S45,glass_break,NONE,garage,normal
08-03-2025 03:05,S42,window,CLOSED,backyard,normal
08-03-2025 03:05,S18,door,OPEN,bedroom,normal
08-03-2025 03:08,S31,temperature,30,living_room,normal
08-03-2025 03:09,S41,motion,OFF,living_room,anomaly
08-03-2025 03:10,S10,motion,OFF,kitchen,anomaly
08-03-2025 03:11,S15,door,OPEN,living_room,normal
08-03-2025 03:11,S12,camera,TRIGGERED,front_door,normal
08-03-2025 03:12,S23,motion,ON,garage,anomaly
08-03-2025 03:14,S26,camera,TRIGGERED,living_room,normal
08-03-2025 03:15,S19,motion,OFF,bathroom,anomaly
08-03-2025 03:16,S24,glass_break,NONE,bathroom,normal
08-03-2025 03:16,S9,temperature,28,bedroom,normal
08-03-2025 03:17,S48,motion,ON,front_door,anomaly
08-03-2025 03:17,S1,glass_break,DETECTED,front_door,anomaly
08-03-2025 03:19,S19,temperature,23,bedroom,normal
08-03-2025 03:20,S38,temperature,29,living_room,normal
08-03-2025 03:20,S49,camera,TRIGGERED,backyard,normal
08-03-2025 03:20,S22,temperature,25,living_room,normal
08-03-2025 03:21,S23,motion,ON,bedroom,anomaly
08-03-2025 03:21,S1,window,OPEN,garage,normal
08-03-2025 03:21,S20,temperature,17,bedroom,normal
08-03-2025 03:23,S37,temperature,21,front_door,normal
08-03-2025 03:23,S23,temperature,15,garage,normal
08-03-2025 03:24,S18,window,CLOSED,living_room,normal
08-03-2025 03:25,S1,glass_break,DETECTED,backyard,anomaly
08-03-2025 03:27,S33,temperature,19,kitchen,normal
08-03-2025 03:28,S22,glass_break,DETECTED,backyard,anomaly
08-03-2025 03:28,S22,door,OPEN,kitchen,normal
08-03-2025 03:28,S16,motion,OFF,living_room,anomaly
08-03-2025 03:28,S29,door,CLOSED,garage,normal
08-03-2025 03:32,S22,window,OPEN,bedroom,normal
08-03-2025 03:32,S44,door,OPEN,front_door,normal
08-03-2025 03:33,S11,door,OPEN,front_door,normal
08-03-2025 03:35,S40,camera,TRIGGERED,front_door,normal
08-03-2025 03:35,S23,motion,ON,bedroom,anomaly
08-03-2025 03:35,S35,window,OPEN,front_door,normal
08-03-2025 03:39,S17,window,OPEN,bedroom,normal
08-03-2025 03:39,S41,window,OPEN,garage,normal
08-03-2025 03:40,S13,temperature,28,backyard,normal
08-03-2025 03:42,S27,window,CLOSED,living_room,normal
08-03-2025 03:45,S28,camera,TRIGGERED,garage,normal
08-03-2025 03:45,S15,window,OPEN,kitchen,normal
08-03-2025 03:46,S2,glass_break,DETECTED,bedroom,anomaly
08-03-2025 03:48,S12,temperature,15,kitchen,normal
08-03-2025 03:49,S12,window,CLOSED,bathroom,normal
08-03-2025 03:52,S39,window,OPEN,front_door,normal
08-03-2025 03:52,S7,temperature,28,kitchen,normal
08-03-2025 03:53,S33,window,CLOSED,front_door,normal
08-03-2025 03:54,S17,camera,TRIGGERED,front_door,normal
08-03-2025 03:55,S36,temperature,19,garage,normal
08-03-2025 03:56,S25,window,CLOSED,bathroom,normal
08-03-2025 03:58,S29,temperature,30,garage,normal
08-03-2025 03:58,S32,camera,IDLE,backyard,normal
08-03-2025 03:59,S25,window,OPEN,bathroom,normal
08-03-2025 04:00,S37,motion,OFF,bedroom,anomaly
08-03-2025 04:00,S27,temperature,18,bathroom,normal
08-03-2025 04:00,S9,window,OPEN,backyard,normal
08-03-2025 04:01,S13,camera,IDLE,living_room,normal
08-03-2025 04:01,S5,window,CLOSED,living_room,normal
08-03-2025 04:03,S12,motion,OFF,front_door,anomaly
08-03-2025 04:03,S6,motion,OFF,living_room,anomaly
08-03-2025 04:05,S41,door,CLOSED,garage,normal
08-03-2025 04:08,S48,door,CLOSED,living_room,normal
08-03-2025 04:08,S47,door,OPEN,backyard,normal
08-03-2025 04:09,S40,window,OPEN,bathroom,normal
08-03-2025 04:09,S15,door,OPEN,garage,normal
08-03-2025 04:10,S14,camera,IDLE,front_door,normal
08-03-2025 04:10,S33,window,CLOSED,living_room,normal
08-03-2025 04:11,S43,camera,IDLE,garage,normal
08-03-2025 04:11,S20,glass_break,DETECTED,backyard,anomaly
08-03-2025 04:13,S6,glass_break,NONE,living_room,normal
08-03-2025 04:15,S14,door,OPEN,living_room,normal
08-03-2025 04:15,S21,window,CLOSED,garage,normal
08-03-2025 04:16,S35,temperature,17,living_room,normal
08-03-2025 04:16,S4,window,OPEN,garage,normal
08-03-2025 04:16,S44,door,OPEN,living_room,normal
08-03-2025 04:17,S17,camera,TRIGGERED,bathroom,normal
08-03-2025 04:17,S15,door,OPEN,bedroom,normal
08-03-2025 04:18,S47,camera,TRIGGERED,bedroom,normal
08-03-2025 04:19,S50,temperature,18,bedroom,normal
08-03-2025 04:20,S18,glass_break,DETECTED,living_room,anomaly
08-03-2025 04:20,S40,motion,ON,bathroom,anomaly
08-03-2025 04:21,S6,window,CLOSED,bedroom,normal
08-03-2025 04:21,S23,window,OPEN,living_room,normal
08-03-2025 04:21,S26,door,CLOSED,bedroom,normal
08-03-2025 04:22,S27,temperature,21,living_room,normal
08-03-2025 04:23,S16,motion,OFF,living_room,anomaly
08-03-2025 04:23,S1,door,CLOSED,kitchen,normal
08-03-2025 04:24,S46,camera,TRIGGERED,bathroom,normal
08-03-2025 04:26,S4,camera,IDLE,kitchen,normal
08-03-2025 04:29,S13,temperature,27,bathroom,normal
08-03-2025 04:31,S47,camera,TRIGGERED,living_room,normal
08-03-2025 04:33,S24,motion,ON,kitchen,anomaly
08-03-2025 04:33,S9,motion,ON,garage,anomaly
08-03-2025 04:34,S36,camera,TRIGGERED,bedroom,normal
08-03-2025 04:35,S15,glass_break,NONE,garage,normal
08-03-2025 04:41,S5,camera,IDLE,front_door,normal
08-03-2025 04:44,S20,motion,OFF,bathroom,anomaly
08-03-2025 04:44,S2,motion,OFF,backyard,anomaly
08-03-2025 04:45,S3,camera,IDLE,bedroom,normal
08-03-2025 04:45,S22,glass_break,DETECTED,bedroom,anomaly
08-03-2025 04:46,S8,glass_break,NONE,front_door,normal
08-03-2025 04:47,S23,temperature,27,bathroom,normal
08-03-2025 04:47,S32,temperature,28,living_room,normal
08-03-2025 04:47,S14,door,OPEN,kitchen,normal
08-03-2025 04:49,S19,door,CLOSED,bedroom,normal
08-03-2025 04:50,S9,motion,OFF,backyard,anomaly
08-03-2025 04:51,S50,motion,ON,bedroom,anomaly
08-03-2025 04:53,S32,door,OPEN,living_room,normal
08-03-2025 04:53,S35,window,CLOSED,living_room,normal
08-03-2025 04:55,S43,motion,OFF,front_door,anomaly
08-03-2025 04:59,S38,window,OPEN,garage,normal
08-03-2025 05:00,S6,glass_break,NONE,garage,normal
08-03-2025 05:00,S17,temperature,15,bedroom,normal
08-03-2025 05:00,S1,motion,OFF,front_door,anomaly
08-03-2025 05:03,S21,door,OPEN,garage,normal
08-03-2025 05:05,S34,camera,TRIGGERED,garage,normal
08-03-2025 05:06,S30,camera,IDLE,kitchen,normal
08-03-2025 05:06,S33,glass_break,NONE,backyard,normal
08-03-2025 05:06,S14,door,OPEN,garage,normal
08-03-2025 05:08,S36,motion,OFF,kitchen,anomaly
08-03-2025 05:09,S46,motion,OFF,kitchen,anomaly
08-03-2025 05:09,S44,glass_break,DETECTED,kitchen,anomaly
08-03-2025 05:10,S25,motion,ON,front_door,anomaly
08-03-2025 05:10,S7,camera,TRIGGERED,garage,normal
08-03-2025 05:11,S3,door,OPEN,front_door,normal
08-03-2025 05:12,S18,door,CLOSED,backyard,normal
08-03-2025 05:13,S36,camera,IDLE,garage,normal
08-03-2025 05:13,S5,motion,ON,bedroom,anomaly
08-03-2025 05:13,S47,window,OPEN,bathroom,normal
08-03-2025 05:14,S23,camera,TRIGGERED,kitchen,normal
08-03-2025 05:15,S22,motion,ON,kitchen,anomaly
08-03-2025 05:15,S26,motion,ON,backyard,anomaly
08-03-2025 05:18,S35,glass_break,DETECTED,garage,anomaly
08-03-2025 05:19,S13,window,OPEN,backyard,normal
08-03-2025 05:19,S34,motion,ON,living_room,anomaly
08-03-2025 05:20,S15,glass_break,NONE,bathroom,normal
08-03-2025 05:22,S7,camera,IDLE,kitchen,normal
08-03-2025 05:23,S26,motion,ON,garage,anomaly
08-03-2025 05:24,S14,door,OPEN,kitchen,normal
08-03-2025 05:25,S15,camera,IDLE,backyard,normal
08-03-2025 05:26,S47,temperature,26,backyard,normal
08-03-2025 05:26,S38,door,CLOSED,backyard,normal
08-03-2025 05:27,S44,door,CLOSED,kitchen,normal
08-03-2025 05:29,S12,glass_break,NONE,kitchen,normal
08-03-2025 05:31,S41,glass_break,NONE,living_room,normal
08-03-2025 05:31,S46,door,OPEN,living_room,normal
08-03-2025 05:32,S46,glass_break,NONE,kitchen,normal
08-03-2025 05:34,S17,window,OPEN,bathroom,normal
08-03-2025 05:34,S23,temperature,27,bathroom,normal
08-03-2025 05:35,S19,motion,ON,backyard,anomaly
08-03-2025 05:39,S38,temperature,17,front_door,normal
08-03-2025 05:42,S45,camera,TRIGGERED,garage,normal
08-03-2025 05:42,S10,door,CLOSED,living_room,normal
08-03-2025 05:43,S22,glass_break,DETECTED,living_room,anomaly
08-03-2025 05:43,S22,window,OPEN,bedroom,normal
08-03-2025 05:44,S31,door,OPEN,bathroom,normal
08-03-2025 05:45,S45,camera,IDLE,bedroom,normal
08-03-2025 05:45,S46,glass_break,DETECTED,bathroom,anomaly
08-03-2025 05:52,S12,motion,ON,kitchen,anomaly
08-03-2025 05:53,S24,temperature,15,backyard,normal
08-03-2025 05:53,S33,door,CLOSED,backyard,normal
08-03-2025 05:54,S42,window,OPEN,bathroom,normal
08-03-2025 05:55,S7,temperature,19,bathroom,normal
08-03-2025 05:56,S9,door,OPEN,garage,normal
08-03-2025 05:56,S16,temperature,25,bedroom,normal
08-03-2025 05:57,S8,temperature,20,backyard,normal
08-03-2025 05:58,S12,motion,OFF,kitchen,anomaly
08-03-2025 05:58,S13,window,OPEN,backyard,normal
08-03-2025 05:58,S49,camera,IDLE,backyard,normal
08-03-2025 05:59,S37,window,OPEN,bathroom,normal
08-03-2025 06:01,S50,glass_break,DETECTED,bathroom,anomaly
08-03-2025 06:02,S14,motion,ON,living_room,normal
08-03-2025 06:02,S33,glass_break,DETECTED,garage,anomaly
08-03-2025 06:04,S50,door,CLOSED,bathroom,normal
08-03-2025 06:04,S7,window,OPEN,kitchen,normal
08-03-2025 06:04,S45,door,OPEN,front_door,normal
08-03-2025 06:06,S6,door,CLOSED,front_door,normal
08-03-2025 06:06,S18,camera,TRIGGERED,front_door,normal
08-03-2025 06:07,S4,temperature,16,bathroom,normal
08-03-2025 06:08,S16,temperature,28,bathroom,normal
08-03-2025 06:10,S33,motion,ON,front_door,normal
08-03-2025 06:10,S45,temperature,27,kitchen,normal
08-03-2025 06:12,S47,motion,OFF,garage,normal
08-03-2025 06:13,S25,motion,ON,garage,normal
08-03-2025 06:13,S15,camera,IDLE,bathroom,normal
08-03-2025 06:13,S7,temperature,19,bathroom,normal
08-03-2025 06:15,S15,camera,TRIGGERED,kitchen,normal
08-03-2025 06:17,S17,door,OPEN,bedroom,normal
08-03-2025 06:18,S32,motion,OFF,bedroom,normal
08-03-2025 06:19,S26,window,CLOSED,kitchen,normal
08-03-2025 06:19,S38,motion,OFF,kitchen,normal
08-03-2025 06:19,S44,motion,OFF,bathroom,normal
08-03-2025 06:21,S26,temperature,30,bathroom,normal
08-03-2025 06:23,S40,camera,TRIGGERED,kitchen,normal
08-03-2025 06:23,S35,glass_break,NONE,front_door,normal
08-03-2025 06:23,S38,temperature,19,kitchen,normal
08-03-2025 06:25,S45,glass_break,DETECTED,garage,anomaly
08-03-2025 06:25,S24,window,OPEN,garage,normal
08-03-2025 06:27,S35,window,CLOSED,garage,normal
08-03-2025 06:27,S33,glass_break,DETECTED,kitchen,anomaly
08-03-2025 06:28,S45,window,CLOSED,bathroom,normal
08-03-2025 06:30,S29,camera,TRIGGERED,bathroom,normal
08-03-2025 06:30,S6,glass_break,NONE,garage,normal
08-03-2025 06:31,S7,window,OPEN,backyard,normal
08-03-2025 06:32,S11,motion,ON,living_room,normal
08-03-2025 06:33,S46,camera,TRIGGERED,bathroom,normal
08-03-2025 06:35,S20,glass_break,DETECTED,bathroom,anomaly
08-03-2025 06:37,S32,window,CLOSED,front_door,normal
08-03-2025 06:38,S28,door,OPEN,backyard,normal
08-03-2025 06:40,S6,motion,ON,living_room,normal
08-03-2025 06:41,S12,window,OPEN,living_room,normal
08-03-2025 06:42,S42,camera,TRIGGERED,living_room,normal
08-03-2025 06:42,S5,motion,ON,bedroom,normal
08-03-2025 06:43,S29,window,CLOSED,living_room,normal
08-03-2025 06:46,S30,motion,OFF,backyard,normal
08-03-2025 06:46,S40,motion,OFF,bedroom,normal
08-03-2025 06:46,S19,camera,IDLE,front_door,normal
08-03-2025 06:47,S20,camera,IDLE,front_door,normal
08-03-2025 06:48,S44,motion,ON,bathroom,normal
08-03-2025 06:48,S50,glass_break,DETECTED,bathroom,anomaly
08-03-2025 06:50,S34,temperature,26,living_room,normal
08-03-2025 06:50,S1,temperature,22,garage,normal
08-03-2025 06:50,S20,window,CLOSED,living_room,normal
08-03-2025 06:51,S23,motion,ON,front_door,normal
08-03-2025 06:51,S8,door,CLOSED,kitchen,normal
08-03-2025 06:51,S42,temperature,28,front_door,normal
08-03-2025 06:52,S22,door,OPEN,bathroom,normal
08-03-2025 06:52,S19,temperature,23,front_door,normal
08-03-2025 06:53,S3,door,OPEN,backyard,normal
08-03-2025 06:53,S1,window,OPEN,garage,normal
08-03-2025 06:54,S18,motion,ON,kitchen,normal
08-03-2025 06:57,S38,window,CLOSED,garage,normal
08-03-2025 07:01,S43,window,CLOSED,kitchen,normal
08-03-2025 07:01,S50,temperature,25,kitchen,normal
08-03-2025 07:02,S35,glass_break,NONE,kitchen,normal
08-03-2025 07:02,S17,camera,TRIGGERED,backyard,normal
08-03-2025 07:02,S18,temperature,23,bathroom,normal
08-03-2025 07:03,S46,temperature,27,bedroom,normal
08-03-2025 07:03,S37,glass_break,DETECTED,bedroom,anomaly
08-03-2025 07:03,S11,door,OPEN,bedroom,normal
08-03-2025 07:04,S46,glass_break,NONE,front_door,normal
08-03-2025 07:05,S20,motion,OFF,garage,normal
08-03-2025 07:05,S50,window,OPEN,bathroom,normal
08-03-2025 07:05,S40,door,CLOSED,kitchen,normal
08-03-2025 07:06,S4,temperature,17,backyard,normal
08-03-2025 07:07,S25,camera,IDLE,bedroom,normal
08-03-2025 07:08,S3,window,OPEN,bedroom,normal
08-03-2025 07:09,S49,temperature,29,living_room,normal
08-03-2025 07:10,S27,camera,TRIGGERED,front_door,normal
08-03-2025 07:12,S29,motion,OFF,front_door,normal
08-03-2025 07:14,S36,glass_break,DETECTED,bedroom,anomaly
08-03-2025 07:15,S15,temperature,18,living_room,normal
08-03-2025 07:17,S29,temperature,25,bathroom,normal
08-03-2025 07:17,S33,door,OPEN,living_room,normal
08-03-2025 07:18,S10,window,CLOSED,kitchen,normal
08-03-2025 07:20,S43,door,OPEN,front_door,normal
08-03-2025 07:21,S44,door,OPEN,front_door,normal
08-03-2025 07:21,S45,glass_break,NONE,front_door,normal
08-03-2025 07:22,S8,door,OPEN,garage,normal
08-03-2025 07:23,S42,camera,TRIGGERED,front_door,normal
08-03-2025 07:23,S16,door,OPEN,bedroom,normal
08-03-2025 07:28,S44,door,OPEN,front_door,normal
08-03-2025 07:29,S30,window,OPEN,bathroom,normal
08-03-2025 07:30,S8,door,OPEN,bedroom,normal
08-03-2025 07:31,S23,door,OPEN,living_room,normal
08-03-2025 07:32,S6,motion,ON,kitchen,normal
08-03-2025 07:33,S50,motion,OFF,kitchen,normal
08-03-2025 07:33,S31,window,OPEN,bathroom,normal
08-03-2025 07:34,S41,camera,TRIGGERED,bedroom,normal
08-03-2025 07:34,S40,window,OPEN,living_room,normal
08-03-2025 07:34,S5,camera,TRIGGERED,backyard,normal
08-03-2025 07:36,S10,motion,OFF,backyard,normal
08-03-2025 07:36,S42,temperature,21,kitchen,normal
08-03-2025 07:37,S32,motion,OFF,front_door,normal
08-03-2025 07:39,S21,camera,IDLE,backyard,normal
08-03-2025 07:40,S11,motion,ON,bathroom,normal
08-03-2025 07:40,S13,temperature,16,front_door,normal
08-03-2025 07:42,S37,motion,ON,bathroom,normal
08-03-2025 07:43,S29,glass_break,NONE,bathroom,normal
08-03-2025 07:44,S44,motion,ON,backyard,normal
08-03-2025 07:45,S15,motion,ON,garage,normal
08-03-2025 07:46,S36,door,CLOSED,backyard,normal
08-03-2025 07:47,S5,camera,TRIGGERED,bedroom,normal
08-03-2025 07:49,S6,window,CLOSED,bathroom,normal
08-03-2025 07:49,S49,temperature,15,bathroom,normal
08-03-2025 07:49,S35,window,OPEN,kitchen,normal
08-03-2025 07:50,S15,door,OPEN,bedroom,normal
08-03-2025 07:52,S9,door,OPEN,bathroom,normal
08-03-2025 07:54,S28,window,CLOSED,kitchen,normal
08-03-2025 07:54,S34,motion,OFF,bedroom,normal
08-03-2025 07:55,S50,door,CLOSED,backyard,normal
08-03-2025 07:56,S31,door,OPEN,backyard,normal
08-03-2025 07:57,S28,window,OPEN,bedroom,normal
08-03-2025 07:58,S41,door,OPEN,living_room,normal
08-03-2025 07:58,S7,glass_break,DETECTED,bathroom,anomaly
08-03-2025 07:58,S9,window,CLOSED,garage,normal
08-03-2025 07:59,S4,camera,TRIGGERED,backyard,normal
08-03-2025 07:59,S32,camera,IDLE,bathroom,normal
08-03-2025 08:02,S26,door,CLOSED,kitchen,normal
08-03-2025 08:03,S34,camera,TRIGGERED,front_door,normal
08-03-2025 08:03,S39,temperature,16,front_door,normal
08-03-2025 08:04,S50,camera,TRIGGERED,bedroom,normal
08-03-2025 08:05,S10,window,CLOSED,bedroom,normal
08-03-2025 08:07,S37,camera,IDLE,bathroom,normal
08-03-2025 08:08,S49,motion,OFF,backyard,normal
08-03-2025 08:10,S43,door,CLOSED,front_door,normal
08-03-2025 08:10,S24,temperature,20,bedroom,normal
08-03-2025 08:10,S24,glass_break,DETECTED,living_room,anomaly
08-03-2025 08:11,S22,camera,TRIGGERED,garage,normal
08-03-2025 08:11,S24,camera,IDLE,garage,normal
08-03-2025 08:13,S6,motion,OFF,bathroom,normal
08-03-2025 08:15,S30,glass_break,DETECTED,living_room,anomaly
08-03-2025 08:16,S27,temperature,24,bathroom,normal
08-03-2025 08:17,S47,temperature,24,bedroom,normal
08-03-2025 08:17,S43,window,CLOSED,living_room,normal
08-03-2025 08:17,S35,temperature,28,garage,normal
08-03-2025 08:17,S20,motion,OFF,garage,normal
08-03-2025 08:18,S4,motion,OFF,kitchen,normal
08-03-2025 08:19,S39,temperature,17,bedroom,normal
08-03-2025 08:19,S5,glass_break,NONE,bathroom,normal
08-03-2025 08:21,S50,glass_break,NONE,front_door,normal
08-03-2025 08:22,S46,motion,OFF,garage,normal
08-03-2025 08:22,S22,glass_break,DETECTED,garage,anomaly
08-03-2025 08:25,S20,window,CLOSED,kitchen,normal
08-03-2025 08:26,S24,temperature,22,front_door,normal
08-03-2025 08:28,S8,glass_break,NONE,bathroom,normal
08-03-2025 08:30,S2,window,CLOSED,garage,normal
08-03-2025 08:30,S13,temperature,22,bathroom,normal
08-03-2025 08:31,S42,camera,TRIGGERED,bathroom,normal
08-03-2025 08:33,S48,camera,IDLE,bedroom,normal
08-03-2025 08:36,S33,door,CLOSED,garage,normal
08-03-2025 08:36,S4,temperature,18,garage,normal
08-03-2025 08:37,S37,camera,TRIGGERED,garage,normal
08-03-2025 08:37,S26,glass_break,DETECTED,bathroom,anomaly
08-03-2025 08:37,S24,door,CLOSED,front_door,normal
08-03-2025 08:39,S28,temperature,17,garage,normal
08-03-2025 08:39,S2,camera,IDLE,bathroom,normal
08-03-2025 08:39,S50,glass_break,NONE,garage,normal
08-03-2025 08:40,S41,glass_break,DETECTED,living_room,anomaly
08-03-2025 08:41,S7,door,OPEN,bedroom,normal
08-03-2025 08:42,S31,window,OPEN,front_door,normal
08-03-2025 08:43,S48,glass_break,DETECTED,backyard,anomaly
08-03-2025 08:43,S47,camera,IDLE,front_door,normal
08-03-2025 08:44,S27,motion,ON,bathroom,normal
08-03-2025 08:47,S32,camera,IDLE,living_room,normal
08-03-2025 08:48,S49,glass_break,DETECTED,living_room,anomaly
08-03-2025 08:50,S27,motion,OFF,living_room,normal
08-03-2025 08:51,S27,camera,IDLE,backyard,normal
08-03-2025 08:51,S15,door,OPEN,backyard,normal
08-03-2025 08:51,S4,glass_break,DETECTED,bathroom,anomaly
08-03-2025 08:52,S38,camera,IDLE,bathroom,normal
08-03-2025 08:52,S45,glass_break,DETECTED,living_room,anomaly
08-03-2025 08:53,S14,temperature,26,bathroom,normal
08-03-2025 08:55,S14,glass_break,DETECTED,bathroom,anomaly
08-03-2025 08:55,S32,camera,TRIGGERED,backyard,normal
08-03-2025 08:57,S31,temperature,26,bathroom,normal
08-03-2025 08:58,S44,glass_break,NONE,living_room,normal
08-03-2025 08:58,S28,motion,ON,bathroom,normal
08-03-2025 08:58,S24,temperature,21,bathroom,normal
08-03-2025 08:59,S22,camera,TRIGGERED,bathroom,normal
08-03-2025 08:59,S18,glass_break,NONE,front_door,normal
08-03-2025 09:00,S32,door,CLOSED,bathroom,normal
08-03-2025 09:02,S15,camera,IDLE,kitchen,normal
08-03-2025 09:02,S35,temperature,15,garage,normal
08-03-2025 09:03,S12,window,OPEN,front_door,normal
08-03-2025 09:03,S2,camera,TRIGGERED,kitchen,normal
08-03-2025 09:04,S25,temperature,25,backyard,normal
08-03-2025 09:08,S3,motion,ON,garage,normal
08-03-2025 09:08,S28,window,OPEN,living_room,normal
08-03-2025 09:08,S43,glass_break,DETECTED,living_room,anomaly
08-03-2025 09:08,S7,window,OPEN,bedroom,normal
08-03-2025 09:10,S45,window,CLOSED,bedroom,normal
08-03-2025 09:18,S14,temperature,30,backyard,normal
08-03-2025 09:19,S10,motion,OFF,front_door,normal
08-03-2025 09:19,S44,camera,IDLE,kitchen,normal
08-03-2025 09:19,S1,camera,IDLE,kitchen,normal
08-03-2025 09:23,S3,window,OPEN,front_door,normal
08-03-2025 09:23,S31,motion,OFF,bathroom,normal
08-03-2025 09:23,S49,glass_break,DETECTED,bathroom,anomaly
08-03-2025 09:26,S6,window,CLOSED,garage,normal
08-03-2025 09:29,S36,temperature,16,backyard,normal
08-03-2025 09:30,S31,glass_break,NONE,bathroom,normal
08-03-2025 09:30,S44,motion,ON,living_room,normal
08-03-2025 09:30,S21,camera,IDLE,living_room,normal
08-03-2025 09:30,S49,glass_break,NONE,living_room,normal
08-03-2025 09:30,S30,glass_break,NONE,kitchen,normal
08-03-2025 09:30,S44,window,CLOSED,garage,normal
08-03-2025 09:31,S42,camera,TRIGGERED,kitchen,normal
08-03-2025 09:32,S8,camera,IDLE,garage,normal
08-03-2025 09:32,S9,door,CLOSED,kitchen,normal
08-03-2025 09:37,S18,motion,OFF,bedroom,normal
08-03-2025 09:38,S20,motion,ON,living_room,normal
08-03-2025 09:39,S47,motion,OFF,kitchen,normal
08-03-2025 09:39,S48,door,CLOSED,bedroom,normal
08-03-2025 09:41,S46,glass_break,NONE,backyard,normal
08-03-2025 09:41,S1,motion,ON,living_room,normal
08-03-2025 09:42,S25,glass_break,NONE,bedroom,normal
08-03-2025 09:42,S13,camera,TRIGGERED,garage,normal
08-03-2025 09:44,S36,glass_break,NONE,bedroom,normal
08-03-2025 09:44,S33,temperature,18,backyard,normal
08-03-2025 09:45,S40,camera,TRIGGERED,bathroom,normal
08-03-2025 09:47,S32,glass_break,NONE,backyard,normal
08-03-2025 09:48,S29,motion,ON,living_room,normal
08-03-2025 09:48,S47,motion,ON,kitchen,normal
08-03-2025 09:48,S20,temperature,29,bathroom,normal
08-03-2025 09:50,S13,glass_break,NONE,bathroom,normal
08-03-2025 09:51,S9,camera,IDLE,bathroom,normal
08-03-2025 09:52,S47,temperature,25,bathroom,normal
08-03-2025 09:53,S33,window,CLOSED,backyard,normal
08-03-2025 09:54,S43,door,OPEN,garage,normal
08-03-2025 09:55,S13,window,OPEN,front_door,normal
08-03-2025 09:58,S11,camera,TRIGGERED,backyard,normal
08-03-2025 10:00,S19,door,CLOSED,living_room,normal
08-03-2025 10:00,S17,camera,IDLE,backyard,normal
08-03-2025 10:02,S26,camera,IDLE,kitchen,normal
08-03-2025 10:03,S40,camera,TRIGGERED,bathroom,normal
08-03-2025 10:04,S46,window,CLOSED,kitchen,normal
08-03-2025 10:06,S11,camera,TRIGGERED,front_door,normal
08-03-2025 10:08,S19,camera,TRIGGERED,kitchen,normal
08-03-2025 10:10,S1,glass_break,DETECTED,front_door,anomaly
08-03-2025 10:11,S18,door,OPEN,bathroom,normal
08-03-2025 10:12,S5,temperature,25,bedroom,normal
08-03-2025 10:14,S46,window,CLOSED,kitchen,normal
08-03-2025 10:14,S49,door,OPEN,front_door,normal
08-03-2025 10:15,S6,motion,ON,bedroom,normal
08-03-2025 10:15,S15,motion,OFF,backyard,normal
08-03-2025 10:15,S34,camera,IDLE,kitchen,normal
08-03-2025 10:16,S45,window,CLOSED,living_room,normal
08-03-2025 10:16,S37,temperature,23,garage,normal
08-03-2025 10:17,S18,temperature,21,kitchen,normal
08-03-2025 10:17,S20,camera,IDLE,front_door,normal
08-03-2025 10:18,S39,glass_break,DETECTED,kitchen,anomaly
08-03-2025 10:18,S31,temperature,15,kitchen,normal
08-03-2025 10:18,S10,temperature,20,backyard,normal
08-03-2025 10:18,S30,camera,TRIGGERED,living_room,normal
08-03-2025 10:19,S10,window,CLOSED,living_room,normal
08-03-2025 10:20,S18,motion,ON,bathroom,normal
08-03-2025 10:20,S49,camera,TRIGGERED,kitchen,normal
08-03-2025 10:20,S17,temperature,25,kitchen,normal
08-03-2025 10:22,S50,camera,TRIGGERED,bathroom,normal
08-03-2025 10:24,S13,temperature,17,kitchen,normal
08-03-2025 10:25,S10,temperature,27,living_room,normal
08-03-2025 10:28,S12,door,CLOSED,living_room,normal
08-03-2025 10:28,S9,camera,TRIGGERED,front_door,normal
08-03-2025 10:30,S26,temperature,27,front_door,normal
08-03-2025 10:34,S36,window,CLOSED,backyard,normal
08-03-2025 10:36,S27,window,OPEN,bedroom,normal
08-03-2025 10:36,S19,glass_break,NONE,bedroom,normal
08-03-2025 10:36,S13,glass_break,NONE,front_door,normal
08-03-2025 10:38,S49,glass_break,NONE,backyard,normal
08-03-2025 10:38,S23,window,OPEN,bedroom,normal
08-03-2025 10:40,S19,motion,ON,kitchen,normal
08-03-2025 10:40,S1,camera,IDLE,bedroom,normal
08-03-2025 10:40,S1,motion,ON,kitchen,normal
08-03-2025 10:41,S38,window,OPEN,garage,normal
08-03-2025 10:41,S21,glass_break,DETECTED,bathroom,anomaly
08-03-2025 10:42,S47,glass_break,NONE,bathroom,normal
08-03-2025 10:45,S7,window,OPEN,backyard,normal
08-03-2025 10:45,S26,temperature,29,garage,normal
08-03-2025 10:45,S45,camera,IDLE,living_room,normal
08-03-2025 10:46,S49,camera,IDLE,backyard,normal
08-03-2025 10:48,S33,glass_break,NONE,bathroom,normal
08-03-2025 10:48,S16,door,OPEN,garage,normal
08-03-2025 10:50,S16,window,OPEN,bathroom,normal
08-03-2025 10:50,S40,camera,TRIGGERED,living_room,normal
08-03-2025 10:50,S21,door,OPEN,bedroom,normal
08-03-2025 10:50,S5,window,OPEN,bedroom,normal
08-03-2025 10:51,S47,camera,TRIGGERED,bathroom,normal
08-03-2025 10:52,S12,door,OPEN,kitchen,normal
08-03-2025 10:52,S21,temperature,24,front_door,normal
08-03-2025 10:53,S1,motion,OFF,kitchen,normal
08-03-2025 10:53,S23,camera,TRIGGERED,living_room,normal
08-03-2025 10:53,S22,door,OPEN,garage,normal
08-03-2025 10:55,S22,window,OPEN,backyard,normal
08-03-2025 10:55,S38,temperature,26,bathroom,normal
08-03-2025 10:55,S44,door,OPEN,bedroom,normal
08-03-2025 10:56,S23,door,CLOSED,kitchen,normal
08-03-2025 10:56,S46,window,OPEN,backyard,normal
08-03-2025 10:57,S45,camera,TRIGGERED,front_door,normal
08-03-2025 10:58,S7,window,CLOSED,living_room,normal
08-03-2025 10:58,S11,temperature,25,garage,normal
08-03-2025 10:59,S31,door,OPEN,bedroom,normal
08-03-2025 10:59,S43,temperature,24,garage,normal
08-03-2025 11:01,S24,glass_break,DETECTED,backyard,anomaly
08-03-2025 11:03,S35,temperature,25,garage,normal
08-03-2025 11:05,S47,temperature,21,bedroom,normal
08-03-2025 11:06,S19,temperature,29,bedroom,normal
08-03-2025 11:07,S1,window,CLOSED,bedroom,normal
08-03-2025 11:07,S12,window,CLOSED,bedroom,normal
08-03-2025 11:07,S6,motion,OFF,kitchen,normal
08-03-2025 11:09,S14,window,CLOSED,living_room,normal
08-03-2025 11:09,S41,window,CLOSED,garage,normal
08-03-2025 11:11,S35,temperature,23,front_door,normal
08-03-2025 11:11,S26,motion,ON,front_door,normal
08-03-2025 11:14,S15,camera,TRIGGERED,living_room,normal
08-03-2025 11:15,S30,camera,IDLE,garage,normal
08-03-2025 11:16,S27,temperature,15,garage,normal
08-03-2025 11:16,S5,glass_break,DETECTED,backyard,anomaly
08-03-2025 11:16,S24,window,CLOSED,garage,normal
08-03-2025 11:17,S24,glass_break,NONE,bathroom,normal
08-03-2025 11:17,S47,glass_break,DETECTED,garage,anomaly
08-03-2025 11:18,S8,motion,ON,living_room,normal
08-03-2025 11:18,S6,motion,OFF,living_room,normal
08-03-2025 11:18,S12,glass_break,NONE,front_door,normal
08-03-2025 11:21,S34,door,OPEN,kitchen,normal
08-03-2025 11:23,S47,temperature,24,bathroom,normal
08-03-2025 11:23,S21,door,CLOSED,living_room,normal
08-03-2025 11:24,S1,window,CLOSED,garage,normal
08-03-2025 11:24,S29,window,OPEN,backyard,normal
08-03-2025 11:26,S42,window,CLOSED,bedroom,normal
08-03-2025 11:27,S15,window,CLOSED,garage,normal
08-03-2025 11:27,S21,temperature,18,living_room,normal
08-03-2025 11:28,S44,window,CLOSED,living_room,normal
08-03-2025 11:28,S40,glass_break,DETECTED,garage,anomaly
08-03-2025 11:28,S37,motion,OFF,garage,normal
08-03-2025 11:28,S25,motion,OFF,front_door,normal
08-03-2025 11:29,S25,door,CLOSED,garage,normal
08-03-2025 11:29,S43,motion,ON,backyard,normal
08-03-2025 11:30,S7,door,OPEN,bathroom,normal
08-03-2025 11:30,S42,door,CLOSED,backyard,normal
08-03-2025 11:33,S14,window,OPEN,front_door,normal
08-03-2025 11:33,S37,window,OPEN,kitchen,normal
08-03-2025 11:35,S43,camera,IDLE,front_door,normal
08-03-2025 11:36,S35,temperature,20,bathroom,normal
08-03-2025 11:37,S37,temperature,20,front_door,normal
08-03-2025 11:37,S47,motion,ON,kitchen,normal
08-03-2025 11:38,S49,door,OPEN,living_room,normal
08-03-2025 11:40,S37,motion,ON,kitchen,normal
08-03-2025 11:42,S41,camera,IDLE,bedroom,normal
08-03-2025 11:42,S27,glass_break,DETECTED,kitchen,anomaly
08-03-2025 11:42,S26,camera,IDLE,bathroom,normal
08-03-2025 11:44,S19,motion,OFF,garage,normal
08-03-2025 11:45,S26,motion,OFF,backyard,normal
08-03-2025 11:45,S2,motion,OFF,front_door,normal
08-03-2025 11:46,S42,motion,ON,bathroom,normal
08-03-2025 11:46,S3,camera,IDLE,living_room,normal
08-03-2025 11:47,S16,camera,TRIGGERED,bedroom,normal
08-03-2025 11:50,S35,window,CLOSED,living_room,normal
08-03-2025 11:50,S32,door,OPEN,bathroom,normal
08-03-2025 11:51,S2,glass_break,NONE,backyard,normal
08-03-2025 11:51,S47,camera,IDLE,front_door,normal
08-03-2025 11:51,S1,door,CLOSED,garage,normal
08-03-2025 11:53,S49,temperature,28,bathroom,normal
08-03-2025 11:53,S36,camera,IDLE,bedroom,normal
08-03-2025 11:53,S1,door,CLOSED,bedroom,normal
08-03-2025 11:54,S5,glass_break,DETECTED,kitchen,anomaly
08-03-2025 11:54,S42,temperature,23,bedroom,normal
08-03-2025 11:56,S24,window,OPEN,bedroom,normal
08-03-2025 11:59,S11,door,CLOSED,kitchen,normal
08-03-2025 12:03,S24,window,CLOSED,kitchen,normal
08-03-2025 12:03,S27,temperature,17,garage,normal
08-03-2025 12:04,S31,window,OPEN,kitchen,normal
08-03-2025 12:06,S13,camera,IDLE,bedroom,normal
08-03-2025 12:07,S14,window,CLOSED,backyard,normal
08-03-2025 12:07,S19,temperature,15,front_door,normal
08-03-2025 12:08,S9,camera,TRIGGERED,living_room,normal
08-03-2025 12:10,S26,temperature,18,kitchen,normal
08-03-2025 12:12,S41,temperature,25,garage,normal
08-03-2025 12:12,S29,glass_break,NONE,backyard,normal
08-03-2025 12:12,S47,camera,TRIGGERED,garage,normal
08-03-2025 12:13,S27,camera,TRIGGERED,garage,normal
08-03-2025 12:14,S34,motion,OFF,kitchen,normal
08-03-2025 12:15,S42,temperature,19,backyard,normal
08-03-2025 12:18,S34,camera,TRIGGERED,front_door,normal
08-03-2025 12:21,S43,glass_break,DETECTED,bathroom,anomaly
08-03-2025 12:21,S25,temperature,25,garage,normal
08-03-2025 12:21,S26,glass_break,DETECTED,front_door,anomaly
08-03-2025 12:21,S46,camera,TRIGGERED,backyard,normal
08-03-2025 12:22,S12,glass_break,DETECTED,kitchen,anomaly
08-03-2025 12:23,S35,door,CLOSED,kitchen,normal
08-03-2025 12:25,S49,window,CLOSED,kitchen,normal
08-03-2025 12:25,S40,window,OPEN,backyard,normal
08-03-2025 12:25,S39,glass_break,NONE,bedroom,normal
08-03-2025 12:28,S38,motion,OFF,front_door,normal
08-03-2025 12:28,S9,glass_break,DETECTED,backyard,anomaly
08-03-2025 12:28,S27,glass_break,NONE,backyard,normal
08-03-2025 12:30,S14,motion,OFF,garage,normal
08-03-2025 12:32,S11,camera,IDLE,garage,normal
08-03-2025 12:37,S32,motion,ON,kitchen,normal
08-03-2025 12:38,S11,camera,TRIGGERED,bedroom,normal
08-03-2025 12:41,S26,temperature,17,backyard,normal
08-03-2025 12:42,S5,camera,TRIGGERED,front_door,normal
08-03-2025 12:42,S10,window,OPEN,bathroom,normal
08-03-2025 12:43,S37,door,CLOSED,garage,normal
08-03-2025 12:45,S48,window,OPEN,front_door,normal
08-03-2025 12:46,S9,temperature,17,front_door,normal
08-03-2025 12:47,S28,temperature,20,front_door,normal
08-03-2025 12:49,S35,door,CLOSED,living_room,normal
08-03-2025 12:50,S41,door,CLOSED,backyard,normal
08-03-2025 12:51,S48,temperature,17,bathroom,normal
08-03-2025 12:52,S33,motion,OFF,garage,normal
08-03-2025 12:53,S6,camera,TRIGGERED,front_door,normal
08-03-2025 12:55,S15,glass_break,NONE,backyard,normal
08-03-2025 12:56,S14,temperature,17,bedroom,normal
08-03-2025 12:58,S19,motion,ON,front_door,normal
08-03-2025 12:59,S44,motion,OFF,bathroom,normal
08-03-2025 13:00,S1,glass_break,NONE,living_room,normal
08-03-2025 13:00,S31,window,OPEN,kitchen,normal
08-03-2025 13:01,S45,camera,IDLE,kitchen,normal
08-03-2025 13:03,S44,door,OPEN,living_room,normal
08-03-2025 13:05,S33,motion,ON,bathroom,normal
08-03-2025 13:07,S16,motion,OFF,bedroom,normal
08-03-2025 13:09,S3,temperature,16,bathroom,normal
08-03-2025 13:11,S17,temperature,16,garage,normal
08-03-2025 13:12,S44,camera,TRIGGERED,bathroom,normal
08-03-2025 13:12,S31,door,CLOSED,backyard,normal
08-03-2025 13:13,S20,motion,OFF,garage,normal
08-03-2025 13:13,S43,door,OPEN,front_door,normal
08-03-2025 13:14,S40,motion,ON,front_door,normal
08-03-2025 13:14,S4,door,CLOSED,bathroom,normal
08-03-2025 13:15,S14,window,CLOSED,kitchen,normal
08-03-2025 13:15,S43,camera,IDLE,garage,normal
08-03-2025 13:16,S32,motion,OFF,kitchen,normal
08-03-2025 13:16,S49,glass_break,DETECTED,front_door,anomaly
08-03-2025 13:16,S4,window,OPEN,kitchen,normal
08-03-2025 13:17,S14,temperature,18,bathroom,normal
08-03-2025 13:18,S18,camera,IDLE,bedroom,normal
08-03-2025 13:22,S24,glass_break,NONE,garage,normal
08-03-2025 13:25,S42,temperature,24,living_room,normal
08-03-2025 13:29,S40,temperature,19,bathroom,normal
08-03-2025 13:29,S11,glass_break,NONE,living_room,normal
08-03-2025 13:29,S2,door,CLOSED,living_room,normal
08-03-2025 13:31,S49,window,OPEN,kitchen,normal
08-03-2025 13:31,S16,window,OPEN,garage,normal
08-03-2025 13:32,S41,camera,IDLE,bedroom,normal
08-03-2025 13:32,S43,door,CLOSED,bedroom,normal
08-03-2025 13:33,S49,temperature,26,front_door,normal
08-03-2025 13:33,S47,glass_break,NONE,front_door,normal
08-03-2025 13:35,S46,window,OPEN,living_room,normal
08-03-2025 13:35,S30,temperature,27,backyard,normal
08-03-2025 13:35,S45,door,OPEN,living_room,normal
08-03-2025 13:35,S33,window,CLOSED,garage,normal
08-03-2025 13:36,S4,motion,ON,backyard,normal
08-03-2025 13:40,S12,window,OPEN,kitchen,normal
08-03-2025 13:41,S18,temperature,30,kitchen,normal
08-03-2025 13:42,S48,door,CLOSED,backyard,normal
08-03-2025 13:43,S12,window,OPEN,bathroom,normal
08-03-2025 13:43,S26,camera,IDLE,kitchen,normal
08-03-2025 13:46,S19,camera,IDLE,backyard,normal
08-03-2025 13:47,S36,glass_break,DETECTED,kitchen,anomaly
08-03-2025 13:47,S21,door,CLOSED,bedroom,normal
08-03-2025 13:48,S30,temperature,16,living_room,normal
08-03-2025 13:49,S15,door,CLOSED,living_room,normal
08-03-2025 13:50,S31,window,OPEN,front_door,normal
08-03-2025 13:51,S11,camera,TRIGGERED,bedroom,normal
08-03-2025 13:52,S32,glass_break,DETECTED,backyard,anomaly
08-03-2025 13:52,S40,window,CLOSED,living_room,normal
08-03-2025 13:54,S27,window,OPEN,bathroom,normal
08-03-2025 13:54,S47,temperature,20,backyard,normal
08-03-2025 14:03,S12,motion,OFF,garage,normal
08-03-2025 14:03,S42,temperature,15,garage,normal
08-03-2025 14:04,S30,motion,ON,kitchen,normal
08-03-2025 14:05,S39,camera,TRIGGERED,bathroom,normal
08-03-2025 14:06,S3,motion,OFF,living_room,normal
08-03-2025 14:07,S18,camera,TRIGGERED,kitchen,normal
08-03-2025 14:09,S24,door,OPEN,bedroom,normal
08-03-2025 14:10,S37,motion,ON,garage,normal
08-03-2025 14:11,S50,window,OPEN,living_room,normal
08-03-2025 14:11,S38,motion,ON,living_room,normal
08-03-2025 14:13,S17,glass_break,NONE,front_door,normal
08-03-2025 14:14,S14,motion,OFF,front_door,normal
08-03-2025 14:14,S11,motion,ON,bathroom,normal
08-03-2025 14:15,S40,door,OPEN,living_room,normal
08-03-2025 14:19,S8,window,OPEN,front_door,normal
08-03-2025 14:20,S38,door,OPEN,bathroom,normal
08-03-2025 14:21,S49,door,CLOSED,backyard,normal
08-03-2025 14:24,S10,window,CLOSED,garage,normal
08-03-2025 14:24,S7,glass_break,DETECTED,living_room,anomaly
08-03-2025 14:24,S28,temperature,25,bedroom,normal
08-03-2025 14:28,S6,door,OPEN,bathroom,normal
08-03-2025 14:30,S29,door,CLOSED,front_door,normal
08-03-2025 14:30,S47,temperature,27,living_room,normal
08-03-2025 14:30,S35,glass_break,NONE,backyard,normal
08-03-2025 14:30,S22,window,OPEN,backyard,normal
08-03-2025 14:30,S32,camera,TRIGGERED,bathroom,normal
08-03-2025 14:31,S18,window,OPEN,bedroom,normal
08-03-2025 14:32,S32,motion,OFF,backyard,normal
08-03-2025 14:32,S41,camera,TRIGGERED,backyard,normal
08-03-2025 14:32,S17,window,OPEN,kitchen,normal
08-03-2025 14:32,S39,temperature,16,bedroom,normal
08-03-2025 14:34,S6,door,CLOSED,bathroom,normal
08-03-2025 14:38,S50,window,OPEN,living_room,normal
08-03-2025 14:39,S16,camera,IDLE,bathroom,normal
08-03-2025 14:40,S24,door,CLOSED,backyard,normal
08-03-2025 14:41,S35,window,OPEN,bathroom,normal
08-03-2025 14:42,S16,glass_break,DETECTED,front_door,anomaly
08-03-2025 14:42,S10,glass_break,DETECTED,front_door,anomaly
08-03-2025 14:43,S32,door,OPEN,bathroom,normal
08-03-2025 14:43,S2,glass_break,DETECTED,living_room,anomaly
08-03-2025 14:44,S9,motion,OFF,living_room,normal
08-03-2025 14:44,S24,window,OPEN,bedroom,normal
08-03-2025 14:44,S49,glass_break,NONE,garage,normal
08-03-2025 14:44,S4,door,CLOSED,bathroom,normal
08-03-2025 14:47,S11,camera,IDLE,backyard,normal
08-03-2025 14:47,S5,motion,OFF,bathroom,normal
08-03-2025 14:48,S38,motion,ON,living_room,normal
08-03-2025 14:49,S37,glass_break,NONE,garage,normal
08-03-2025 14:49,S31,glass_break,NONE,backyard,normal
08-03-2025 14:50,S10,glass_break,NONE,bathroom,normal
08-03-2025 14:51,S23,temperature,21,bedroom,normal
08-03-2025 14:52,S36,window,OPEN,backyard,normal
08-03-2025 14:54,S47,motion,OFF,bedroom,normal
08-03-2025 14:54,S9,camera,IDLE,bathroom,normal
08-03-2025 14:56,S38,motion,ON,front_door,normal
08-03-2025 14:56,S30,camera,IDLE,bathroom,normal
08-03-2025 14:58,S9,window,CLOSED,garage,normal
08-03-2025 15:00,S33,glass_break,DETECTED,bedroom,anomaly
08-03-2025 15:01,S48,camera,IDLE,bathroom,normal
08-03-2025 15:01,S37,camera,TRIGGERED,bathroom,normal
08-03-2025 15:01,S21,window,CLOSED,kitchen,normal
08-03-2025 15:01,S1,glass_break,NONE,garage,normal
08-03-2025 15:05,S18,door,OPEN,bedroom,normal
08-03-2025 15:07,S32,temperature,19,backyard,normal
08-03-2025 15:08,S7,glass_break,DETECTED,living_room,anomaly
08-03-2025 15:09,S35,camera,TRIGGERED,living_room,normal
08-03-2025 15:12,S44,temperature,19,front_door,normal
08-03-2025 15:13,S36,temperature,27,kitchen,normal
08-03-2025 15:15,S46,temperature,21,bathroom,normal
08-03-2025 15:22,S45,motion,OFF,kitchen,normal
08-03-2025 15:23,S38,glass_break,NONE,bedroom,normal
08-03-2025 15:26,S3,motion,ON,garage,normal
08-03-2025 15:27,S19,door,CLOSED,bathroom,normal
08-03-2025 15:27,S8,camera,IDLE,garage,normal
08-03-2025 15:28,S8,door,OPEN,front_door,normal
08-03-2025 15:29,S36,door,OPEN,bedroom,normal
08-03-2025 15:29,S32,glass_break,NONE,bathroom,normal
08-03-2025 15:32,S29,glass_break,NONE,bedroom,normal
08-03-2025 15:35,S6,motion,ON,kitchen,normal
08-03-2025 15:35,S41,glass_break,DETECTED,bathroom,anomaly
08-03-2025 15:36,S34,motion,OFF,bedroom,normal
08-03-2025 15:38,S34,temperature,22,garage,normal
08-03-2025 15:38,S26,camera,TRIGGERED,kitchen,normal
08-03-2025 15:39,S10,door,CLOSED,bathroom,normal
08-03-2025 15:39,S14,glass_break,NONE,front_door,normal
08-03-2025 15:39,S22,temperature,23,bedroom,normal
08-03-2025 15:39,S11,temperature,17,garage,normal
08-03-2025 15:40,S37,temperature,15,living_room,normal
08-03-2025 15:41,S13,glass_break,NONE,garage,normal
08-03-2025 15:42,S7,door,OPEN,bathroom,normal
08-03-2025 15:42,S7,window,CLOSED,bedroom,normal
08-03-2025 15:44,S9,window,OPEN,backyard,normal
08-03-2025 15:47,S21,glass_break,DETECTED,backyard,anomaly
08-03-2025 15:50,S8,door,CLOSED,backyard,normal
08-03-2025 15:50,S8,door,OPEN,garage,normal
08-03-2025 15:51,S19,temperature,21,backyard,normal
08-03-2025 15:53,S35,camera,TRIGGERED,backyard,normal
08-03-2025 15:53,S24,door,CLOSED,bedroom,normal
08-03-2025 15:55,S25,window,CLOSED,kitchen,normal
08-03-2025 15:56,S9,glass_break,DETECTED,living_room,anomaly
08-03-2025 15:56,S1,glass_break,NONE,bathroom,normal
08-03-2025 15:58,S20,motion,ON,bedroom,normal
08-03-2025 15:59,S21,motion,OFF,garage,normal
08-03-2025 16:02,S26,glass_break,DETECTED,living_room,anomaly
08-03-2025 16:02,S42,camera,TRIGGERED,front_door,normal
08-03-2025 16:02,S47,camera,TRIGGERED,garage,normal
08-03-2025 16:03,S9,door,CLOSED,garage,normal
08-03-2025 16:03,S14,door,OPEN,backyard,normal
08-03-2025 16:04,S32,temperature,28,bedroom,normal
08-03-2025 16:07,S39,window,CLOSED,bedroom,normal
08-03-2025 16:10,S15,glass_break,DETECTED,living_room,anomaly
08-03-2025 16:13,S31,door,CLOSED,bedroom,normal
08-03-2025 16:14,S18,window,CLOSED,bedroom,normal
08-03-2025 16:15,S14,motion,ON,bathroom,normal
08-03-2025 16:16,S3,door,OPEN,front_door,normal
08-03-2025 16:16,S33,temperature,25,living_room,normal
08-03-2025 16:17,S8,glass_break,NONE,garage,normal
08-03-2025 16:17,S35,glass_break,DETECTED,front_door,anomaly
08-03-2025 16:18,S32,glass_break,NONE,bathroom,normal
08-03-2025 16:18,S9,glass_break,DETECTED,front_door,anomaly
08-03-2025 16:20,S36,glass_break,NONE,bedroom,normal
08-03-2025 16:20,S12,camera,TRIGGERED,backyard,normal
08-03-2025 16:21,S13,camera,TRIGGERED,living_room,normal
08-03-2025 16:21,S13,window,CLOSED,bedroom,normal
08-03-2025 16:21,S23,door,CLOSED,kitchen,normal
08-03-2025 16:22,S34,window,CLOSED,backyard,normal
08-03-2025 16:23,S38,motion,ON,bathroom,normal
08-03-2025 16:23,S14,camera,TRIGGERED,kitchen,normal
08-03-2025 16:23,S14,motion,OFF,front_door,normal
08-03-2025 16:24,S49,glass_break,DETECTED,backyard,anomaly
08-03-2025 16:24,S16,glass_break,NONE,garage,normal
08-03-2025 16:26,S21,door,CLOSED,front_door,normal
08-03-2025 16:28,S19,window,OPEN,bathroom,normal
08-03-2025 16:30,S13,glass_break,DETECTED,garage,anomaly
08-03-2025 16:30,S16,motion,ON,kitchen,normal
08-03-2025 16:32,S41,door,OPEN,bedroom,normal
08-03-2025 16:32,S46,temperature,30,living_room,normal
08-03-2025 16:34,S22,motion,ON,bedroom,normal
08-03-2025 16:34,S20,window,OPEN,bedroom,normal
08-03-2025 16:34,S4,motion,ON,living_room,normal
08-03-2025 16:34,S41,door,OPEN,backyard,normal
08-03-2025 16:35,S37,window,OPEN,bathroom,normal
08-03-2025 16:36,S25,window,CLOSED,living_room,normal
08-03-2025 16:36,S26,window,OPEN,bedroom,normal
08-03-2025 16:37,S19,motion,ON,front_door,normal
08-03-2025 16:37,S19,temperature,16,living_room,normal
08-03-2025 16:40,S43,glass_break,DETECTED,bathroom,anomaly
08-03-2025 16:41,S33,door,OPEN,garage,normal
08-03-2025 16:41,S38,temperature,18,front_door,normal
08-03-2025 16:42,S35,door,OPEN,bedroom,normal
08-03-2025 16:43,S11,glass_break,DETECTED,bedroom,anomaly
08-03-2025 16:43,S31,door,CLOSED,kitchen,normal
08-03-2025 16:44,S18,temperature,27,living_room,normal
08-03-2025 16:44,S35,camera,IDLE,living_room,normal
08-03-2025 16:46,S4,camera,IDLE,living_room,normal
08-03-2025 16:46,S12,camera,IDLE,bedroom,normal
08-03-2025 16:47,S42,motion,OFF,bathroom,normal
08-03-2025 16:47,S4,window,OPEN,bedroom,normal
08-03-2025 16:52,S49,glass_break,DETECTED,living_room,anomaly
08-03-2025 16:53,S29,camera,TRIGGERED,backyard,normal
08-03-2025 16:54,S29,window,CLOSED,backyard,normal
08-03-2025 16:56,S29,glass_break,DETECTED,backyard,anomaly
08-03-2025 16:57,S36,window,OPEN,front_door,normal
08-03-2025 16:58,S10,window,CLOSED,kitchen,normal
08-03-2025 16:58,S3,window,CLOSED,front_door,normal
08-03-2025 16:58,S8,motion,OFF,bedroom,normal
08-03-2025 16:59,S23,window,OPEN,living_room,normal
08-03-2025 17:01,S41,temperature,24,bedroom,normal
08-03-2025 17:02,S36,camera,IDLE,front_door,normal
08-03-2025 17:05,S27,window,OPEN,bathroom,normal
08-03-2025 17:06,S3,glass_break,DETECTED,garage,anomaly
08-03-2025 17:07,S41,door,CLOSED,backyard,normal
08-03-2025 17:07,S10,camera,IDLE,garage,normal
08-03-2025 17:08,S1,glass_break,DETECTED,bedroom,anomaly
08-03-2025 17:11,S45,window,CLOSED,bedroom,normal
08-03-2025 17:11,S49,glass_break,DETECTED,bathroom,anomaly
08-03-2025 17:12,S36,glass_break,DETECTED,bedroom,anomaly
08-03-2025 17:12,S4,camera,TRIGGERED,front_door,normal
08-03-2025 17:12,S42,camera,TRIGGERED,front_door,normal
08-03-2025 17:14,S46,camera,IDLE,bedroom,normal
08-03-2025 17:15,S43,temperature,17,backyard,normal
08-03-2025 17:18,S23,motion,ON,backyard,normal
08-03-2025 17:18,S28,window,OPEN,backyard,normal
08-03-2025 17:19,S7,glass_break,DETECTED,front_door,anomaly
08-03-2025 17:19,S47,window,OPEN,backyard,normal
08-03-2025 17:21,S45,door,OPEN,bedroom,normal
08-03-2025 17:23,S43,window,OPEN,backyard,normal
08-03-2025 17:27,S22,motion,ON,living_room,normal
08-03-2025 17:27,S33,motion,ON,kitchen,normal
08-03-2025 17:28,S18,window,OPEN,garage,normal
08-03-2025 17:29,S11,temperature,16,living_room,normal
08-03-2025 17:29,S26,motion,ON,kitchen,normal
08-03-2025 17:29,S35,glass_break,DETECTED,kitchen,anomaly
08-03-2025 17:30,S41,window,CLOSED,bathroom,normal
08-03-2025 17:30,S15,temperature,30,garage,normal
08-03-2025 17:31,S41,door,OPEN,front_door,normal
08-03-2025 17:32,S21,window,CLOSED,living_room,normal
08-03-2025 17:33,S48,glass_break,NONE,bedroom,normal
08-03-2025 17:33,S24,motion,ON,backyard,normal
08-03-2025 17:35,S50,door,CLOSED,bathroom,normal
08-03-2025 17:38,S9,window,OPEN,backyard,normal
08-03-2025 17:40,S24,camera,IDLE,kitchen,normal
08-03-2025 17:41,S50,glass_break,DETECTED,garage,anomaly
08-03-2025 17:43,S47,temperature,19,bedroom,normal
08-03-2025 17:48,S48,door,CLOSED,front_door,normal
08-03-2025 17:54,S14,glass_break,DETECTED,garage,anomaly
08-03-2025 17:54,S42,camera,IDLE,living_room,normal
08-03-2025 17:55,S26,glass_break,NONE,living_room,normal
08-03-2025 17:55,S16,temperature,25,bathroom,normal
08-03-2025 17:57,S11,temperature,29,garage,normal
08-03-2025 17:59,S35,glass_break,NONE,living_room,normal
08-03-2025 17:59,S24,temperature,19,garage,normal
08-03-2025 17:59,S27,door,CLOSED,kitchen,normal
08-03-2025 17:59,S19,camera,TRIGGERED,bedroom,normal
08-03-2025 18:01,S22,motion,ON,living_room,normal
08-03-2025 18:02,S8,camera,IDLE,front_door,normal
08-03-2025 18:03,S18,window,OPEN,kitchen,normal
08-03-2025 18:05,S34,door,OPEN,kitchen,normal
08-03-2025 18:05,S44,motion,ON,garage,normal
08-03-2025 18:06,S1,door,CLOSED,living_room,normal
08-03-2025 18:06,S8,camera,TRIGGERED,living_room,normal
08-03-2025 18:10,S46,door,OPEN,front_door,normal
08-03-2025 18:11,S42,glass_break,NONE,bedroom,normal
08-03-2025 18:11,S6,glass_break,NONE,bathroom,normal
08-03-2025 18:13,S40,door,CLOSED,bedroom,normal
08-03-2025 18:13,S1,door,OPEN,backyard,normal
08-03-2025 18:13,S31,window,OPEN,bedroom,normal
08-03-2025 18:13,S3,door,OPEN,garage,normal
08-03-2025 18:13,S42,glass_break,DETECTED,kitchen,anomaly
08-03-2025 18:14,S22,window,OPEN,front_door,normal
08-03-2025 18:15,S18,motion,OFF,front_door,normal
08-03-2025 18:16,S35,glass_break,DETECTED,living_room,anomaly
08-03-2025 18:18,S45,temperature,27,front_door,normal
08-03-2025 18:21,S14,motion,OFF,living_room,normal
08-03-2025 18:23,S36,door,CLOSED,backyard,normal
08-03-2025 18:25,S42,window,CLOSED,bedroom,normal
08-03-2025 18:25,S42,temperature,16,bedroom,normal
08-03-2025 18:28,S5,motion,OFF,bathroom,normal
08-03-2025 18:29,S2,window,OPEN,bedroom,normal
08-03-2025 18:30,S46,temperature,15,bathroom,normal
08-03-2025 18:31,S29,motion,ON,garage,normal
08-03-2025 18:33,S16,glass_break,DETECTED,garage,anomaly
08-03-2025 18:33,S29,motion,ON,living_room,normal
08-03-2025 18:34,S33,door,OPEN,bedroom,normal
08-03-2025 18:34,S47,camera,TRIGGERED,bedroom,normal
08-03-2025 18:36,S43,camera,TRIGGERED,living_room,normal
08-03-2025 18:37,S48,camera,TRIGGERED,bedroom,normal
08-03-2025 18:38,S1,motion,OFF,backyard,normal
08-03-2025 18:38,S24,motion,OFF,garage,normal
08-03-2025 18:39,S22,window,OPEN,bedroom,normal
08-03-2025 18:39,S42,motion,ON,front_door,normal
08-03-2025 18:40,S12,window,CLOSED,bathroom,normal
08-03-2025 18:41,S20,window,CLOSED,garage,normal
08-03-2025 18:42,S17,motion,ON,bedroom,normal
08-03-2025 18:43,S10,window,OPEN,front_door,normal
08-03-2025 18:44,S47,camera,TRIGGERED,garage,normal
08-03-2025 18:46,S45,motion,OFF,bedroom,normal
08-03-2025 18:46,S39,motion,OFF,living_room,normal
08-03-2025 18:46,S43,glass_break,NONE,bedroom,normal
08-03-2025 18:47,S15,camera,IDLE,backyard,normal
08-03-2025 18:48,S45,camera,IDLE,living_room,normal
08-03-2025 18:49,S15,door,OPEN,bedroom,normal
08-03-2025 18:51,S19,temperature,19,backyard,normal
08-03-2025 18:52,S6,door,CLOSED,backyard,normal
08-03-2025 18:53,S36,window,CLOSED,bathroom,normal
08-03-2025 18:53,S41,door,OPEN,bathroom,normal
08-03-2025 18:55,S44,camera,IDLE,bedroom,normal
08-03-2025 18:56,S35,temperature,16,backyard,normal
08-03-2025 18:56,S16,temperature,26,kitchen,normal
08-03-2025 18:59,S31,glass_break,DETECTED,garage,anomaly
08-03-2025 19:00,S19,door,OPEN,garage,normal
08-03-2025 19:02,S38,glass_break,DETECTED,garage,anomaly
08-03-2025 19:03,S32,window,OPEN,front_door,normal
08-03-2025 19:04,S21,temperature,21,bathroom,normal
08-03-2025 19:04,S13,glass_break,NONE,garage,normal
08-03-2025 19:05,S32,temperature,25,kitchen,normal
08-03-2025 19:05,S6,motion,ON,backyard,normal
08-03-2025 19:06,S40,camera,TRIGGERED,front_door,normal
08-03-2025 19:06,S34,glass_break,DETECTED,front_door,anomaly
08-03-2025 19:07,S29,glass_break,NONE,kitchen,normal
08-03-2025 19:07,S5,motion,OFF,bathroom,normal
08-03-2025 19:08,S23,window,OPEN,kitchen,normal
08-03-2025 19:09,S23,temperature,24,bathroom,normal
08-03-2025 19:09,S28,glass_break,NONE,garage,normal
08-03-2025 19:09,S40,glass_break,NONE,bedroom,normal
08-03-2025 19:11,S22,door,CLOSED,bathroom,normal
08-03-2025 19:13,S33,temperature,16,backyard,normal
08-03-2025 19:13,S17,window,CLOSED,bathroom,normal
08-03-2025 19:22,S19,camera,TRIGGERED,kitchen,normal
08-03-2025 19:22,S15,glass_break,NONE,bedroom,normal
08-03-2025 19:22,S44,temperature,24,backyard,normal
08-03-2025 19:25,S8,door,OPEN,front_door,normal
08-03-2025 19:25,S26,door,CLOSED,bathroom,normal
08-03-2025 19:27,S22,camera,IDLE,living_room,normal
08-03-2025 19:27,S27,glass_break,DETECTED,living_room,anomaly
08-03-2025 19:27,S26,motion,ON,front_door,normal
08-03-2025 19:27,S10,temperature,26,bedroom,normal
08-03-2025 19:29,S43,motion,ON,bedroom,normal
08-03-2025 19:29,S44,glass_break,DETECTED,garage,anomaly
08-03-2025 19:30,S37,window,CLOSED,bathroom,normal
08-03-2025 19:30,S38,glass_break,DETECTED,bathroom,anomaly
08-03-2025 19:31,S30,door,CLOSED,front_door,normal
08-03-2025 19:32,S36,motion,OFF,garage,normal
08-03-2025 19:34,S45,door,OPEN,bathroom,normal
08-03-2025 19:35,S23,glass_break,DETECTED,front_door,anomaly
08-03-2025 19:36,S47,window,CLOSED,front_door,normal
08-03-2025 19:37,S20,window,CLOSED,front_door,normal
08-03-2025 19:37,S8,window,CLOSED,kitchen,normal
08-03-2025 19:37,S48,camera,IDLE,bedroom,normal
08-03-2025 19:38,S45,camera,IDLE,living_room,normal
08-03-2025 19:38,S6,motion,OFF,bedroom,normal
08-03-2025 19:38,S29,temperature,27,living_room,normal
08-03-2025 19:39,S43,camera,IDLE,garage,normal
08-03-2025 19:40,S38,temperature,17,bedroom,normal
08-03-2025 19:41,S6,motion,OFF,kitchen,normal
08-03-2025 19:44,S41,door,OPEN,backyard,normal
08-03-2025 19:44,S12,camera,IDLE,front_door,normal
08-03-2025 19:46,S4,window,CLOSED,bedroom,normal
08-03-2025 19:47,S47,door,OPEN,bedroom,normal
08-03-2025 19:50,S47,window,CLOSED,front_door,normal
08-03-2025 19:52,S44,door,OPEN,front_door,normal
08-03-2025 19:53,S29,glass_break,NONE,bedroom,normal
08-03-2025 19:54,S10,motion,OFF,kitchen,normal
08-03-2025 19:54,S9,camera,IDLE,living_room,normal
08-03-2025 19:56,S25,glass_break,NONE,bathroom,normal
08-03-2025 19:58,S37,glass_break,NONE,backyard,normal
08-03-2025 20:00,S22,window,CLOSED,living_room,normal
08-03-2025 20:00,S6,motion,ON,kitchen,normal
08-03-2025 20:01,S34,window,OPEN,kitchen,normal
08-03-2025 20:01,S43,window,OPEN,front_door,normal
08-03-2025 20:02,S44,temperature,20,bathroom,normal
08-03-2025 20:02,S14,window,CLOSED,backyard,normal
08-03-2025 20:03,S9,motion,OFF,backyard,normal
08-03-2025 20:04,S39,door,OPEN,kitchen,normal
08-03-2025 20:05,S20,glass_break,NONE,bedroom,normal
08-03-2025 20:05,S10,door,CLOSED,kitchen,normal
08-03-2025 20:05,S8,glass_break,NONE,living_room,normal
08-03-2025 20:06,S5,window,OPEN,bathroom,normal
08-03-2025 20:07,S31,window,OPEN,bathroom,normal
08-03-2025 20:08,S21,camera,IDLE,backyard,normal
08-03-2025 20:08,S9,window,CLOSED,front_door,normal
08-03-2025 20:09,S43,glass_break,NONE,bathroom,normal
08-03-2025 20:09,S3,camera,IDLE,backyard,normal
08-03-2025 20:10,S7,motion,OFF,bedroom,normal
08-03-2025 20:12,S5,camera,TRIGGERED,bathroom,normal
08-03-2025 20:12,S35,door,CLOSED,living_room,normal
08-03-2025 20:12,S11,temperature,29,garage,normal
08-03-2025 20:12,S38,camera,TRIGGERED,kitchen,normal
08-03-2025 20:13,S40,glass_break,NONE,garage,normal
08-03-2025 20:14,S31,glass_break,NONE,bedroom,normal
08-03-2025 20:15,S28,motion,OFF,bedroom,normal
08-03-2025 20:19,S13,temperature,27,bathroom,normal
08-03-2025 20:20,S44,window,CLOSED,bathroom,normal
08-03-2025 20:20,S39,door,OPEN,living_room,normal
08-03-2025 20:22,S40,window,CLOSED,garage,normal
08-03-2025 20:22,S5,door,OPEN,bedroom,normal
08-03-2025 20:23,S31,glass_break,DETECTED,backyard,anomaly
08-03-2025 20:24,S12,glass_break,NONE,bedroom,normal
08-03-2025 20:25,S9,door,CLOSED,backyard,normal
08-03-2025 20:25,S41,glass_break,NONE,garage,normal
08-03-2025 20:26,S11,door,CLOSED,bedroom,normal
08-03-2025 20:27,S32,glass_break,NONE,bedroom,normal
08-03-2025 20:27,S27,window,OPEN,bathroom,normal
08-03-2025 20:28,S23,camera,IDLE,front_door,normal
08-03-2025 20:30,S34,temperature,15,garage,normal
08-03-2025 20:31,S49,temperature,18,living_room,normal
08-03-2025 20:38,S5,door,CLOSED,kitchen,normal
08-03-2025 20:38,S18,glass_break,NONE,backyard,normal
08-03-2025 20:39,S48,door,OPEN,living_room,normal
08-03-2025 20:39,S32,glass_break,NONE,kitchen,normal
08-03-2025 20:40,S48,motion,OFF,garage,normal
08-03-2025 20:40,S30,temperature,26,bedroom,normal
08-03-2025 20:41,S16,door,CLOSED,garage,normal
08-03-2025 20:41,S28,camera,IDLE,front_door,normal
08-03-2025 20:42,S31,temperature,20,living_room,normal
08-03-2025 20:44,S9,door,CLOSED,backyard,normal
08-03-2025 20:44,S41,camera,TRIGGERED,living_room,normal
08-03-2025 20:44,S27,window,CLOSED,backyard,normal
08-03-2025 20:46,S20,glass_break,DETECTED,bathroom,anomaly
08-03-2025 20:48,S27,temperature,17,bedroom,normal
08-03-2025 20:48,S47,door,OPEN,kitchen,normal
08-03-2025 20:49,S44,camera,IDLE,bedroom,normal
08-03-2025 20:50,S45,camera,IDLE,bathroom,normal
08-03-2025 20:50,S45,motion,ON,backyard,normal
08-03-2025 20:50,S40,window,OPEN,garage,normal
08-03-2025 20:53,S44,window,CLOSED,kitchen,normal
08-03-2025 20:53,S48,door,CLOSED,garage,normal
08-03-2025 20:54,S15,window,OPEN,bathroom,normal
08-03-2025 20:54,S2,glass_break,DETECTED,bedroom,anomaly
08-03-2025 20:56,S4,camera,TRIGGERED,bedroom,normal
08-03-2025 20:56,S48,door,OPEN,living_room,normal
08-03-2025 20:58,S8,motion,ON,backyard,normal
08-03-2025 20:59,S32,door,OPEN,bedroom,normal
08-03-2025 21:01,S19,motion,ON,backyard,normal
08-03-2025 21:02,S16,window,CLOSED,bedroom,normal
08-03-2025 21:05,S50,temperature,28,kitchen,normal
08-03-2025 21:05,S23,glass_break,DETECTED,kitchen,anomaly
08-03-2025 21:05,S2,camera,TRIGGERED,bedroom,normal
08-03-2025 21:07,S10,motion,OFF,living_room,normal
08-03-2025 21:08,S19,door,OPEN,kitchen,normal
08-03-2025 21:08,S42,door,OPEN,backyard,normal
08-03-2025 21:09,S5,temperature,26,garage,normal
08-03-2025 21:10,S50,temperature,16,backyard,normal
08-03-2025 21:10,S36,camera,IDLE,backyard,normal
08-03-2025 21:10,S15,temperature,15,bathroom,normal
08-03-2025 21:10,S18,glass_break,NONE,front_door,normal
08-03-2025 21:11,S40,camera,TRIGGERED,bathroom,normal
08-03-2025 21:12,S21,camera,IDLE,front_door,normal
08-03-2025 21:12,S7,motion,OFF,bathroom,normal
08-03-2025 21:15,S19,window,OPEN,front_door,normal
08-03-2025 21:15,S29,door,OPEN,garage,normal
08-03-2025 21:16,S13,door,OPEN,kitchen,normal
08-03-2025 21:18,S30,motion,OFF,living_room,normal
08-03-2025 21:20,S14,window,OPEN,front_door,normal
08-03-2025 21:21,S33,motion,OFF,garage,normal
08-03-2025 21:22,S13,glass_break,DETECTED,bathroom,anomaly
08-03-2025 21:23,S28,motion,ON,backyard,normal
08-03-2025 21:24,S43,camera,TRIGGERED,backyard,normal
08-03-2025 21:25,S11,glass_break,DETECTED,bathroom,anomaly
08-03-2025 21:28,S46,camera,IDLE,bathroom,normal
08-03-2025 21:30,S17,door,OPEN,bathroom,normal
08-03-2025 21:31,S11,glass_break,NONE,bathroom,normal
08-03-2025 21:31,S6,motion,OFF,living_room,normal
08-03-2025 21:31,S31,camera,TRIGGERED,garage,normal
08-03-2025 21:35,S25,glass_break,NONE,bedroom,normal
08-03-2025 21:35,S6,motion,ON,kitchen,normal
08-03-2025 21:35,S27,motion,ON,living_room,normal
08-03-2025 21:36,S24,temperature,17,garage,normal
08-03-2025 21:36,S49,window,CLOSED,kitchen,normal
08-03-2025 21:36,S16,door,OPEN,bathroom,normal
08-03-2025 21:37,S2,door,OPEN,backyard,normal
08-03-2025 21:40,S30,camera,IDLE,bathroom,normal
08-03-2025 21:42,S15,temperature,30,front_door,normal
08-03-2025 21:42,S14,glass_break,DETECTED,garage,anomaly
08-03-2025 21:45,S31,door,CLOSED,living_room,normal
08-03-2025 21:49,S37,camera,TRIGGERED,garage,normal
08-03-2025 21:49,S50,door,CLOSED,garage,normal
08-03-2025 21:49,S45,door,CLOSED,living_room,normal
08-03-2025 21:50,S9,door,CLOSED,bathroom,normal
08-03-2025 21:50,S6,motion,ON,front_door,normal
08-03-2025 21:52,S25,glass_break,DETECTED,bathroom,anomaly
08-03-2025 21:53,S45,door,CLOSED,front_door,normal
08-03-2025 21:54,S30,motion,OFF,living_room,normal
08-03-2025 21:54,S44,glass_break,NONE,backyard,normal
08-03-2025 21:55,S16,temperature,28,bathroom,normal
08-03-2025 21:56,S7,camera,TRIGGERED,living_room,normal
08-03-2025 21:57,S42,motion,OFF,backyard,normal
08-03-2025 22:00,S37,temperature,27,front_door,normal
08-03-2025 22:01,S1,temperature,21,bathroom,normal
08-03-2025 22:02,S43,camera,TRIGGERED,backyard,normal
08-03-2025 22:03,S32,door,CLOSED,front_door,normal
08-03-2025 22:03,S17,motion,OFF,bedroom,normal
08-03-2025 22:03,S6,motion,ON,front_door,normal
08-03-2025 22:03,S23,window,OPEN,living_room,normal
08-03-2025 22:06,S9,window,OPEN,living_room,normal
08-03-2025 22:07,S10,camera,TRIGGERED,living_room,normal
08-03-2025 22:11,S47,glass_break,DETECTED,kitchen,anomaly
08-03-2025 22:11,S2,camera,TRIGGERED,kitchen,normal
08-03-2025 22:13,S40,glass_break,NONE,living_room,normal
08-03-2025 22:13,S42,temperature,17,front_door,normal
08-03-2025 22:15,S26,glass_break,DETECTED,bathroom,anomaly
08-03-2025 22:16,S44,temperature,17,bedroom,normal
08-03-2025 22:16,S32,glass_break,DETECTED,garage,anomaly
08-03-2025 22:16,S42,glass_break,DETECTED,living_room,anomaly
08-03-2025 22:16,S21,door,OPEN,bedroom,normal
08-03-2025 22:17,S7,window,CLOSED,front_door,normal
08-03-2025 22:18,S47,door,CLOSED,kitchen,normal
08-03-2025 22:19,S1,door,OPEN,kitchen,normal
08-03-2025 22:20,S6,camera,TRIGGERED,front_door,normal
08-03-2025 22:20,S44,glass_break,DETECTED,kitchen,anomaly
08-03-2025 22:20,S25,motion,OFF,living_room,normal
08-03-2025 22:22,S35,glass_break,NONE,bathroom,normal
08-03-2025 22:23,S25,window,OPEN,bathroom,normal
08-03-2025 22:23,S39,camera,TRIGGERED,garage,normal
08-03-2025 22:24,S18,motion,ON,front_door,normal
08-03-2025 22:25,S25,glass_break,NONE,living_room,normal
08-03-2025 22:26,S28,window,CLOSED,living_room,normal
08-03-2025 22:27,S42,window,OPEN,bathroom,normal
08-03-2025 22:27,S15,glass_break,DETECTED,bedroom,anomaly
08-03-2025 22:27,S13,window,OPEN,bathroom,normal
08-03-2025 22:28,S27,door,OPEN,bedroom,normal
08-03-2025 22:29,S10,window,CLOSED,kitchen,normal
08-03-2025 22:29,S45,window,CLOSED,backyard,normal
08-03-2025 22:31,S28,window,OPEN,kitchen,normal
08-03-2025 22:33,S33,temperature,21,bedroom,normal
08-03-2025 22:34,S30,camera,TRIGGERED,garage,normal
08-03-2025 22:34,S12,camera,TRIGGERED,bedroom,normal
08-03-2025 22:35,S4,door,OPEN,front_door,normal
08-03-2025 22:37,S36,window,CLOSED,garage,normal
08-03-2025 22:37,S4,temperature,19,living_room,normal
08-03-2025 22:39,S17,door,OPEN,bathroom,normal
08-03-2025 22:40,S12,door,OPEN,bathroom,normal
08-03-2025 22:41,S31,window,OPEN,backyard,normal
08-03-2025 22:41,S28,window,OPEN,bedroom,normal
08-03-2025 22:42,S5,temperature,29,garage,normal
08-03-2025 22:42,S42,window,CLOSED,kitchen,normal
08-03-2025 22:43,S35,motion,ON,kitchen,normal
08-03-2025 22:45,S27,window,CLOSED,backyard,normal
08-03-2025 22:46,S43,window,CLOSED,garage,normal
08-03-2025 22:48,S7,door,OPEN,garage,normal
08-03-2025 22:48,S17,window,CLOSED,kitchen,normal
08-03-2025 22:49,S6,motion,ON,bathroom,normal
08-03-2025 22:51,S18,camera,IDLE,backyard,normal
08-03-2025 22:54,S31,door,OPEN,front_door,normal
08-03-2025 22:54,S2,motion,ON,backyard,normal
08-03-2025 22:54,S16,glass_break,DETECTED,garage,anomaly
08-03-2025 22:55,S45,temperature,30,front_door,normal
08-03-2025 22:56,S12,window,CLOSED,kitchen,normal
08-03-2025 22:57,S33,motion,ON,garage,normal
08-03-2025 22:57,S44,motion,ON,front_door,normal
08-03-2025 23:00,S6,window,CLOSED,backyard,normal
08-03-2025 23:00,S11,camera,TRIGGERED,garage,normal
08-03-2025 23:01,S28,glass_break,DETECTED,front_door,anomaly
08-03-2025 23:02,S3,camera,IDLE,bedroom,normal
08-03-2025 23:03,S9,motion,OFF,bathroom,anomaly
08-03-2025 23:06,S39,temperature,17,bedroom,normal
08-03-2025 23:06,S32,door,OPEN,garage,normal
08-03-2025 23:07,S25,glass_break,NONE,bathroom,normal
08-03-2025 23:07,S41,window,OPEN,living_room,normal
08-03-2025 23:08,S41,camera,IDLE,kitchen,normal
08-03-2025 23:09,S12,motion,OFF,bedroom,anomaly
08-03-2025 23:11,S7,motion,ON,bedroom,anomaly
08-03-2025 23:12,S26,camera,TRIGGERED,garage,normal
08-03-2025 23:14,S5,camera,TRIGGERED,garage,normal
08-03-2025 23:14,S36,temperature,23,bathroom,normal
08-03-2025 23:15,S30,temperature,26,bathroom,normal
08-03-2025 23:16,S33,door,OPEN,front_door,normal
08-03-2025 23:17,S44,glass_break,DETECTED,garage,anomaly
08-03-2025 23:20,S9,temperature,15,bathroom,normal
08-03-2025 23:21,S23,camera,TRIGGERED,bedroom,normal
08-03-2025 23:21,S16,glass_break,DETECTED,living_room,anomaly
08-03-2025 23:21,S5,glass_break,DETECTED,kitchen,anomaly
08-03-2025 23:24,S48,glass_break,NONE,bedroom,normal
08-03-2025 23:24,S37,temperature,20,kitchen,normal
08-03-2025 23:26,S24,motion,ON,bathroom,anomaly
08-03-2025 23:26,S32,door,CLOSED,bedroom,normal
08-03-2025 23:26,S32,window,OPEN,bedroom,normal
08-03-2025 23:27,S37,camera,TRIGGERED,garage,normal
08-03-2025 23:27,S13,temperature,26,bathroom,normal
08-03-2025 23:29,S39,glass_break,NONE,backyard,normal
08-03-2025 23:29,S22,camera,IDLE,bathroom,normal
08-03-2025 23:29,S23,glass_break,NONE,backyard,normal
08-03-2025 23:30,S3,temperature,27,kitchen,normal
08-03-2025 23:30,S23,door,OPEN,front_door,normal
08-03-2025 23:33,S29,glass_break,DETECTED,bedroom,anomaly
08-03-2025 23:33,S26,motion,ON,kitchen,anomaly
08-03-2025 23:33,S8,camera,IDLE,kitchen,normal
08-03-2025 23:34,S17,camera,TRIGGERED,bedroom,normal
08-03-2025 23:36,S47,glass_break,DETECTED,living_room,anomaly
08-03-2025 23:37,S18,camera,TRIGGERED,front_door,normal
08-03-2025 23:37,S35,door,CLOSED,bedroom,normal
08-03-2025 23:38,S18,temperature,30,kitchen,normal
08-03-2025 23:43,S1,glass_break,NONE,living_room,normal
08-03-2025 23:43,S2,door,OPEN,bedroom,normal
08-03-2025 23:43,S10,door,CLOSED,garage,normal
08-03-2025 23:44,S42,motion,ON,kitchen,anomaly
08-03-2025 23:45,S20,camera,TRIGGERED,kitchen,normal
08-03-2025 23:46,S44,window,OPEN,backyard,normal
08-03-2025 23:48,S21,door,CLOSED,bathroom,normal
08-03-2025 23:53,S16,motion,ON,bathroom,anomaly
08-03-2025 23:57,S47,motion,OFF,backyard,anomaly
08-03-2025 23:58,S13,motion,ON,bedroom,anomaly
08-03-2025 23:59,S13,temperature,27,backyard,normal
09-03-2025 00:01,S49,motion,OFF,garage,anomaly
09-03-2025 00:01,S2,window,CLOSED,bedroom,normal
09-03-2025 00:03,S22,motion,ON,bedroom,anomaly
09-03-2025 00:05,S1,glass_break,DETECTED,kitchen,anomaly
09-03-2025 00:06,S1,door,CLOSED,front_door,normal
09-03-2025 00:07,S41,glass_break,DETECTED,bedroom,anomaly
09-03-2025 00:07,S27,motion,OFF,kitchen,anomaly
09-03-2025 00:08,S12,camera,TRIGGERED,bathroom,normal
09-03-2025 00:10,S26,motion,OFF,bedroom,anomaly
09-03-2025 00:10,S34,temperature,20,living_room,normal
09-03-2025 00:11,S23,door,OPEN,backyard,normal
09-03-2025 00:12,S5,glass_break,DETECTED,kitchen,anomaly
09-03-2025 00:14,S49,temperature,23,bathroom,normal
09-03-2025 00:14,S45,door,CLOSED,garage,normal
09-03-2025 00:16,S13,door,OPEN,backyard,normal
09-03-2025 00:17,S23,glass_break,NONE,kitchen,normal
09-03-2025 00:17,S28,glass_break,DETECTED,bedroom,anomaly
09-03-2025 00:19,S34,door,CLOSED,backyard,normal
09-03-2025 00:21,S7,glass_break,NONE,living_room,normal
09-03-2025 00:23,S37,window,OPEN,backyard,normal
09-03-2025 00:23,S19,motion,ON,backyard,anomaly
09-03-2025 00:24,S41,glass_break,NONE,backyard,normal
09-03-2025 00:24,S33,door,OPEN,front_door,normal
09-03-2025 00:24,S7,camera,IDLE,bathroom,normal
09-03-2025 00:26,S38,glass_break,DETECTED,bedroom,anomaly
09-03-2025 00:28,S31,motion,OFF,front_door,anomaly
09-03-2025 00:28,S8,door,CLOSED,garage,normal
09-03-2025 00:29,S18,motion,ON,garage,anomaly
09-03-2025 00:29,S15,camera,IDLE,front_door,normal
09-03-2025 00:31,S28,camera,IDLE,living_room,normal
09-03-2025 00:31,S24,motion,OFF,kitchen,anomaly
09-03-2025 00:33,S26,door,CLOSED,backyard,normal
09-03-2025 00:33,S14,window,CLOSED,bedroom,normal
09-03-2025 00:33,S40,glass_break,NONE,backyard,normal
09-03-2025 00:33,S26,window,CLOSED,front_door,normal
09-03-2025 00:33,S17,camera,TRIGGERED,garage,normal
09-03-2025 00:34,S9,camera,TRIGGERED,backyard,normal
09-03-2025 00:34,S7,temperature,19,garage,normal
09-03-2025 00:35,S46,temperature,24,backyard,normal
09-03-2025 00:36,S8,motion,OFF,backyard,anomaly
09-03-2025 00:37,S3,camera,TRIGGERED,garage,normal
09-03-2025 00:38,S31,camera,IDLE,living_room,normal
09-03-2025 00:39,S47,camera,IDLE,front_door,normal
09-03-2025 00:40,S49,temperature,27,backyard,normal
09-03-2025 00:41,S31,glass_break,NONE,garage,normal
09-03-2025 00:43,S13,motion,ON,front_door,anomaly
09-03-2025 00:44,S18,temperature,20,backyard,normal
09-03-2025 00:44,S33,window,OPEN,living_room,normal
09-03-2025 00:45,S48,door,CLOSED,garage,normal
09-03-2025 00:48,S1,door,CLOSED,bathroom,normal
09-03-2025 00:48,S11,door,CLOSED,living_room,normal
09-03-2025 00:48,S34,temperature,21,bedroom,normal
09-03-2025 00:48,S34,camera,IDLE,kitchen,normal
09-03-2025 00:49,S20,camera,TRIGGERED,garage,normal
09-03-2025 00:50,S49,camera,TRIGGERED,bathroom,normal
09-03-2025 00:52,S20,motion,ON,kitchen,anomaly
09-03-2025 00:52,S10,motion,OFF,front_door,anomaly
09-03-2025 00:52,S35,camera,TRIGGERED,bedroom,normal
09-03-2025 00:52,S47,window,CLOSED,backyard,normal
09-03-2025 00:52,S23,window,OPEN,bathroom,normal
09-03-2025 00:56,S34,window,OPEN,front_door,normal
09-03-2025 00:58,S47,glass_break,NONE,living_room,normal
09-03-2025 00:59,S39,camera,IDLE,front_door,normal
09-03-2025 00:59,S9,temperature,29,bathroom,normal
09-03-2025 01:03,S47,window,OPEN,garage,normal
09-03-2025 01:03,S38,door,OPEN,front_door,normal
09-03-2025 01:05,S4,window,CLOSED,living_room,normal
09-03-2025 01:08,S15,camera,TRIGGERED,bedroom,normal
09-03-2025 01:09,S42,window,OPEN,living_room,normal
09-03-2025 01:09,S48,motion,OFF,bathroom,anomaly
09-03-2025 01:10,S26,door,OPEN,kitchen,normal
09-03-2025 01:11,S43,temperature,20,garage,normal
09-03-2025 01:14,S12,camera,TRIGGERED,garage,normal
09-03-2025 01:14,S23,temperature,26,bedroom,normal
09-03-2025 01:15,S23,door,CLOSED,bedroom,normal
09-03-2025 01:16,S37,window,OPEN,bathroom,normal
09-03-2025 01:16,S43,door,OPEN,bathroom,normal
09-03-2025 01:17,S23,glass_break,DETECTED,bathroom,anomaly
09-03-2025 01:18,S2,motion,OFF,bathroom,anomaly
09-03-2025 01:19,S23,door,OPEN,garage,normal
09-03-2025 01:20,S49,motion,OFF,bathroom,anomaly
09-03-2025 01:21,S21,window,CLOSED,bathroom,normal
09-03-2025 01:22,S36,glass_break,NONE,kitchen,normal
09-03-2025 01:22,S45,glass_break,DETECTED,living_room,anomaly
09-03-2025 01:23,S16,glass_break,NONE,kitchen,normal
09-03-2025 01:23,S27,temperature,23,kitchen,normal
09-03-2025 01:27,S22,door,CLOSED,kitchen,normal
09-03-2025 01:27,S26,glass_break,DETECTED,kitchen,anomaly
09-03-2025 01:28,S5,window,OPEN,bathroom,normal
09-03-2025 01:29,S22,door,OPEN,bathroom,normal
09-03-2025 01:29,S23,door,CLOSED,front_door,normal
09-03-2025 01:30,S9,glass_break,DETECTED,backyard,anomaly
09-03-2025 01:30,S43,motion,ON,bedroom,anomaly
09-03-2025 01:30,S18,motion,OFF,bedroom,anomaly
09-03-2025 01:31,S20,temperature,23,front_door,normal
09-03-2025 01:34,S26,camera,TRIGGERED,bathroom,normal
09-03-2025 01:37,S11,window,CLOSED,kitchen,normal
09-03-2025 01:37,S25,window,CLOSED,garage,normal
09-03-2025 01:40,S20,window,OPEN,backyard,normal
09-03-2025 01:41,S17,glass_break,DETECTED,backyard,anomaly
09-03-2025 01:44,S32,door,OPEN,living_room,normal
09-03-2025 01:44,S29,window,CLOSED,kitchen,normal
09-03-2025 01:45,S41,door,OPEN,living_room,normal
09-03-2025 01:45,S23,temperature,16,front_door,normal
09-03-2025 01:46,S23,glass_break,DETECTED,front_door,anomaly
09-03-2025 01:46,S49,door,OPEN,kitchen,normal
09-03-2025 01:47,S43,glass_break,DETECTED,backyard,anomaly
09-03-2025 01:47,S9,motion,OFF,backyard,anomaly
09-03-2025 01:50,S22,motion,ON,backyard,anomaly
09-03-2025 01:51,S16,glass_break,NONE,bedroom,normal
09-03-2025 01:53,S34,motion,ON,living_room,anomaly
09-03-2025 01:53,S6,camera,TRIGGERED,kitchen,normal
09-03-2025 01:54,S32,door,CLOSED,bedroom,normal
09-03-2025 01:56,S34,temperature,25,kitchen,normal
09-03-2025 01:59,S33,door,CLOSED,backyard,normal
09-03-2025 01:59,S31,window,OPEN,bedroom,normal
09-03-2025 02:00,S18,motion,ON,bedroom,anomaly
09-03-2025 02:02,S14,door,OPEN,living_room,normal
09-03-2025 02:03,S25,temperature,26,bedroom,normal
09-03-2025 02:05,S18,motion,OFF,bedroom,anomaly
09-03-2025 02:06,S29,motion,OFF,backyard,anomaly
09-03-2025 02:06,S14,glass_break,NONE,bathroom,normal
09-03-2025 02:06,S50,temperature,20,backyard,normal
09-03-2025 02:07,S23,motion,OFF,kitchen,anomaly
09-03-2025 02:08,S31,motion,OFF,bathroom,anomaly
09-03-2025 02:09,S39,temperature,21,bedroom,normal
09-03-2025 02:09,S2,camera,IDLE,living_room,normal
09-03-2025 02:10,S33,window,OPEN,garage,normal
09-03-2025 02:13,S10,motion,OFF,bedroom,anomaly
09-03-2025 02:14,S47,temperature,28,kitchen,normal
09-03-2025 02:15,S50,motion,ON,kitchen,anomaly
09-03-2025 02:15,S20,glass_break,DETECTED,garage,anomaly
09-03-2025 02:16,S20,motion,OFF,front_door,anomaly
09-03-2025 02:17,S31,temperature,28,front_door,normal
09-03-2025 02:18,S14,door,OPEN,backyard,normal
09-03-2025 02:18,S38,motion,OFF,bathroom,anomaly
09-03-2025 02:20,S32,glass_break,DETECTED,kitchen,anomaly
09-03-2025 02:20,S10,motion,ON,garage,anomaly
09-03-2025 02:21,S19,glass_break,NONE,bedroom,normal
09-03-2025 02:21,S25,door,OPEN,living_room,normal
09-03-2025 02:21,S35,window,OPEN,front_door,normal
09-03-2025 02:22,S45,temperature,22,living_room,normal
09-03-2025 02:23,S28,temperature,20,bedroom,normal
09-03-2025 02:23,S9,window,OPEN,kitchen,normal
09-03-2025 02:24,S12,door,CLOSED,front_door,normal
09-03-2025 02:26,S43,motion,ON,garage,anomaly
09-03-2025 02:27,S14,window,OPEN,kitchen,normal
09-03-2025 02:30,S8,glass_break,DETECTED,kitchen,anomaly
09-03-2025 02:30,S19,window,OPEN,garage,normal
09-03-2025 02:30,S22,glass_break,DETECTED,backyard,anomaly
09-03-2025 02:32,S46,window,CLOSED,kitchen,normal
09-03-2025 02:32,S6,glass_break,NONE,kitchen,normal
09-03-2025 02:32,S13,glass_break,DETECTED,living_room,anomaly
09-03-2025 02:34,S40,door,CLOSED,garage,normal
09-03-2025 02:35,S50,door,CLOSED,bedroom,normal
09-03-2025 02:35,S14,camera,IDLE,bedroom,normal
09-03-2025 02:36,S9,door,OPEN,front_door,normal
09-03-2025 02:36,S44,window,OPEN,bathroom,normal
09-03-2025 02:36,S10,camera,TRIGGERED,backyard,normal
09-03-2025 02:38,S28,camera,IDLE,bedroom,normal
09-03-2025 02:39,S50,motion,ON,front_door,anomaly
09-03-2025 02:39,S24,window,OPEN,living_room,normal
09-03-2025 02:39,S43,temperature,29,front_door,normal
09-03-2025 02:40,S27,motion,ON,bathroom,anomaly
09-03-2025 02:41,S43,door,OPEN,bathroom,normal
09-03-2025 02:41,S21,camera,TRIGGERED,front_door,normal
09-03-2025 02:43,S39,window,CLOSED,bedroom,normal
09-03-2025 02:43,S36,window,CLOSED,bathroom,normal
09-03-2025 02:44,S1,temperature,22,kitchen,normal
09-03-2025 02:44,S25,glass_break,DETECTED,front_door,anomaly
09-03-2025 02:46,S20,temperature,24,kitchen,normal
09-03-2025 02:47,S44,window,OPEN,backyard,normal
09-03-2025 02:49,S46,window,CLOSED,bedroom,normal
09-03-2025 02:50,S6,door,CLOSED,garage,normal
09-03-2025 02:51,S17,door,CLOSED,backyard,normal
09-03-2025 02:52,S9,camera,TRIGGERED,bathroom,normal
09-03-2025 02:53,S20,camera,IDLE,garage,normal
09-03-2025 02:53,S49,glass_break,DETECTED,backyard,anomaly
09-03-2025 02:53,S23,motion,ON,front_door,anomaly
09-03-2025 02:58,S42,motion,ON,living_room,anomaly
09-03-2025 02:59,S9,window,OPEN,living_room,normal
09-03-2025 03:01,S36,window,CLOSED,backyard,normal
09-03-2025 03:02,S1,temperature,23,backyard,normal
09-03-2025 03:04,S29,glass_break,NONE,bathroom,normal
09-03-2025 03:06,S24,door,OPEN,bedroom,normal
09-03-2025 03:08,S38,motion,ON,living_room,anomaly
09-03-2025 03:08,S43,door,OPEN,garage,normal
09-03-2025 03:11,S48,glass_break,DETECTED,bathroom,anomaly
09-03-2025 03:12,S31,camera,IDLE,kitchen,normal
09-03-2025 03:14,S38,door,OPEN,bathroom,normal
09-03-2025 03:14,S16,temperature,16,front_door,normal
09-03-2025 03:14,S6,door,CLOSED,front_door,normal
09-03-2025 03:14,S30,glass_break,DETECTED,bedroom,anomaly
09-03-2025 03:19,S5,camera,IDLE,bathroom,normal
09-03-2025 03:19,S1,camera,TRIGGERED,garage,normal
09-03-2025 03:19,S4,window,OPEN,living_room,normal
09-03-2025 03:20,S4,motion,ON,kitchen,anomaly
09-03-2025 03:21,S17,camera,IDLE,bedroom,normal
09-03-2025 03:23,S20,temperature,18,bathroom,normal
09-03-2025 03:24,S12,motion,ON,front_door,anomaly
09-03-2025 03:25,S11,temperature,25,kitchen,normal
09-03-2025 03:28,S30,glass_break,DETECTED,living_room,anomaly
09-03-2025 03:28,S33,temperature,29,front_door,normal
09-03-2025 03:29,S6,window,CLOSED,kitchen,normal
09-03-2025 03:29,S9,window,CLOSED,garage,normal
09-03-2025 03:30,S35,window,OPEN,kitchen,normal
09-03-2025 03:31,S12,camera,TRIGGERED,front_door,normal
09-03-2025 03:32,S30,door,CLOSED,backyard,normal
09-03-2025 03:33,S19,door,OPEN,bathroom,normal
09-03-2025 03:38,S27,window,OPEN,kitchen,normal
09-03-2025 03:40,S19,window,CLOSED,bathroom,normal
09-03-2025 03:41,S3,motion,OFF,bedroom,anomaly
09-03-2025 03:42,S40,motion,ON,kitchen,anomaly
09-03-2025 03:43,S37,motion,ON,bathroom,anomaly
09-03-2025 03:45,S30,glass_break,NONE,backyard,normal
09-03-2025 03:45,S40,temperature,19,front_door,normal
09-03-2025 03:48,S23,door,OPEN,garage,normal
09-03-2025 03:49,S8,window,CLOSED,kitchen,normal
09-03-2025 03:49,S5,door,OPEN,bedroom,normal
09-03-2025 03:49,S42,temperature,17,kitchen,normal
09-03-2025 03:49,S25,window,OPEN,living_room,normal
09-03-2025 03:50,S31,window,OPEN,front_door,normal
09-03-2025 03:50,S12,glass_break,DETECTED,kitchen,anomaly
09-03-2025 03:57,S32,window,CLOSED,garage,normal
09-03-2025 03:58,S34,camera,IDLE,backyard,normal
09-03-2025 03:59,S35,temperature,22,garage,normal
09-03-2025 04:01,S26,temperature,25,bathroom,normal
09-03-2025 04:03,S1,motion,OFF,garage,anomaly
09-03-2025 04:08,S30,window,OPEN,backyard,normal
09-03-2025 04:08,S39,temperature,21,living_room,normal
09-03-2025 04:08,S34,motion,OFF,living_room,anomaly
09-03-2025 04:09,S45,camera,IDLE,garage,normal
09-03-2025 04:11,S44,window,CLOSED,living_room,normal
09-03-2025 04:14,S2,temperature,20,backyard,normal
09-03-2025 04:14,S20,camera,TRIGGERED,kitchen,normal
09-03-2025 04:18,S2,motion,ON,front_door,anomaly
09-03-2025 04:19,S14,glass_break,NONE,bathroom,normal
09-03-2025 04:20,S18,glass_break,DETECTED,bathroom,anomaly
09-03-2025 04:21,S38,window,OPEN,living_room,normal
09-03-2025 04:21,S43,window,CLOSED,bathroom,normal
09-03-2025 04:21,S10,motion,ON,garage,anomaly
09-03-2025 04:21,S47,motion,ON,living_room,anomaly
09-03-2025 04:21,S25,window,CLOSED,front_door,normal
09-03-2025 04:23,S42,motion,ON,garage,anomaly
09-03-2025 04:23,S5,glass_break,DETECTED,backyard,anomaly
09-03-2025 04:23,S41,glass_break,DETECTED,living_room,anomaly
09-03-2025 04:23,S31,door,CLOSED,bathroom,normal
09-03-2025 04:24,S14,door,OPEN,garage,normal
09-03-2025 04:24,S30,camera,TRIGGERED,bathroom,normal
09-03-2025 04:24,S39,camera,IDLE,front_door,normal
09-03-2025 04:24,S9,window,CLOSED,kitchen,normal
09-03-2025 04:25,S17,window,CLOSED,kitchen,normal
09-03-2025 04:27,S16,camera,TRIGGERED,garage,normal
09-03-2025 04:27,S35,window,OPEN,bathroom,normal
09-03-2025 04:28,S34,window,OPEN,garage,normal
09-03-2025 04:28,S24,camera,IDLE,bathroom,normal
09-03-2025 04:29,S32,window,OPEN,bathroom,normal
09-03-2025 04:30,S13,motion,ON,garage,anomaly
09-03-2025 04:30,S14,motion,ON,bathroom,anomaly
09-03-2025 04:34,S25,glass_break,NONE,living_room,normal
09-03-2025 04:34,S2,motion,OFF,bathroom,anomaly
09-03-2025 04:34,S34,glass_break,DETECTED,bedroom,anomaly
09-03-2025 04:35,S10,temperature,18,backyard,normal
09-03-2025 04:36,S37,window,CLOSED,backyard,normal
09-03-2025 04:37,S29,window,CLOSED,backyard,normal
09-03-2025 04:37,S37,temperature,15,bathroom,normal
09-03-2025 04:37,S33,window,CLOSED,living_room,normal
09-03-2025 04:38,S48,window,OPEN,bathroom,normal
09-03-2025 04:38,S28,glass_break,NONE,living_room,normal
09-03-2025 04:39,S27,camera,TRIGGERED,backyard,normal
09-03-2025 04:39,S44,door,OPEN,garage,normal
09-03-2025 04:39,S47,motion,OFF,bedroom,anomaly
09-03-2025 04:40,S9,temperature,17,bathroom,normal
09-03-2025 04:41,S24,door,OPEN,garage,normal
09-03-2025 04:42,S12,camera,IDLE,bathroom,normal
09-03-2025 04:42,S23,door,CLOSED,bathroom,normal
09-03-2025 04:42,S49,door,OPEN,front_door,normal
09-03-2025 04:43,S7,camera,TRIGGERED,front_door,normal
09-03-2025 04:43,S14,camera,IDLE,kitchen,normal
09-03-2025 04:43,S23,temperature,15,backyard,normal
09-03-2025 04:44,S24,camera,IDLE,living_room,normal
09-03-2025 04:46,S3,camera,IDLE,backyard,normal
09-03-2025 04:47,S15,door,CLOSED,kitchen,normal
09-03-2025 04:47,S22,motion,ON,front_door,anomaly
09-03-2025 04:49,S42,temperature,18,kitchen,normal
09-03-2025 04:49,S37,window,CLOSED,bathroom,normal
09-03-2025 04:51,S49,door,CLOSED,living_room,normal
09-03-2025 04:51,S2,glass_break,NONE,living_room,normal
09-03-2025 04:51,S25,camera,TRIGGERED,living_room,normal
09-03-2025 04:52,S49,door,OPEN,garage,normal
09-03-2025 04:55,S11,door,OPEN,bathroom,normal
09-03-2025 04:55,S27,camera,IDLE,garage,normal
09-03-2025 04:58,S47,motion,ON,living_room,anomaly
09-03-2025 04:58,S45,door,CLOSED,bedroom,normal
09-03-2025 05:01,S49,temperature,21,bedroom,normal
09-03-2025 05:05,S21,temperature,15,bedroom,normal
09-03-2025 05:06,S42,motion,ON,bathroom,anomaly
09-03-2025 05:08,S31,motion,ON,bathroom,anomaly
09-03-2025 05:08,S39,temperature,18,backyard,normal
09-03-2025 05:08,S10,camera,IDLE,front_door,normal
09-03-2025 05:08,S4,temperature,17,bathroom,normal
09-03-2025 05:08,S20,glass_break,NONE,backyard,normal
09-03-2025 05:08,S39,window,OPEN,living_room,normal
09-03-2025 05:08,S26,motion,ON,front_door,anomaly
09-03-2025 05:09,S10,glass_break,NONE,backyard,normal
09-03-2025 05:09,S13,motion,ON,backyard,anomaly
09-03-2025 05:10,S4,glass_break,NONE,living_room,normal
09-03-2025 05:10,S15,temperature,28,bathroom,normal
09-03-2025 05:12,S50,glass_break,NONE,front_door,normal
09-03-2025 05:12,S27,camera,TRIGGERED,front_door,normal
09-03-2025 05:15,S10,temperature,16,backyard,normal
09-03-2025 05:15,S21,glass_break,NONE,bathroom,normal
09-03-2025 05:15,S21,window,CLOSED,kitchen,normal
09-03-2025 05:18,S23,window,OPEN,bedroom,normal
09-03-2025 05:18,S25,camera,IDLE,living_room,normal
09-03-2025 05:21,S11,window,CLOSED,front_door,normal
09-03-2025 05:23,S15,temperature,29,living_room,normal
09-03-2025 05:26,S2,motion,ON,kitchen,anomaly
09-03-2025 05:26,S43,window,CLOSED,bedroom,normal
09-03-2025 05:29,S23,window,OPEN,front_door,normal
09-03-2025 05:31,S23,glass_break,NONE,living_room,normal
09-03-2025 05:33,S26,motion,ON,garage,anomaly
09-03-2025 05:33,S6,camera,IDLE,bedroom,normal
09-03-2025 05:34,S16,glass_break,DETECTED,front_door,anomaly
09-03-2025 05:36,S41,motion,ON,bedroom,anomaly
09-03-2025 05:36,S5,glass_break,DETECTED,front_door,anomaly
09-03-2025 05:36,S21,temperature,22,bedroom,normal
09-03-2025 05:39,S37,temperature,22,garage,normal
09-03-2025 05:40,S28,glass_break,DETECTED,kitchen,anomaly
09-03-2025 05:40,S10,temperature,16,bedroom,normal
09-03-2025 05:40,S31,glass_break,NONE,living_room,normal
09-03-2025 05:42,S17,window,CLOSED,backyard,normal
09-03-2025 05:42,S41,window,CLOSED,bedroom,normal
09-03-2025 05:44,S20,glass_break,NONE,front_door,normal
09-03-2025 05:44,S40,glass_break,NONE,living_room,normal
09-03-2025 05:45,S33,door,CLOSED,kitchen,normal
09-03-2025 05:48,S34,motion,ON,garage,anomaly
09-03-2025 05:50,S39,temperature,24,living_room,normal
09-03-2025 05:52,S18,temperature,30,living_room,normal
09-03-2025 05:54,S50,temperature,15,front_door,normal
09-03-2025 05:56,S31,camera,IDLE,bathroom,normal
09-03-2025 05:58,S41,camera,IDLE,kitchen,normal
09-03-2025 06:00,S47,motion,ON,front_door,normal
09-03-2025 06:00,S21,camera,IDLE,bedroom,normal
09-03-2025 06:02,S28,window,OPEN,living_room,normal
09-03-2025 06:04,S22,glass_break,NONE,front_door,normal
09-03-2025 06:04,S47,motion,OFF,kitchen,normal
09-03-2025 06:05,S48,motion,ON,front_door,normal
09-03-2025 06:05,S23,window,OPEN,bathroom,normal
09-03-2025 06:05,S32,glass_break,DETECTED,backyard,anomaly
09-03-2025 06:06,S10,window,CLOSED,living_room,normal
09-03-2025 06:06,S30,camera,TRIGGERED,backyard,normal
09-03-2025 06:08,S28,motion,ON,garage,normal
09-03-2025 06:12,S25,temperature,17,garage,normal
09-03-2025 06:13,S32,motion,OFF,bathroom,normal
09-03-2025 06:15,S19,camera,IDLE,bedroom,normal
09-03-2025 06:19,S34,glass_break,DETECTED,backyard,anomaly
09-03-2025 06:20,S12,window,CLOSED,living_room,normal
09-03-2025 06:20,S47,motion,OFF,living_room,normal
09-03-2025 06:22,S15,door,OPEN,backyard,normal
09-03-2025 06:22,S11,motion,OFF,bathroom,normal
09-03-2025 06:23,S8,window,OPEN,front_door,normal
09-03-2025 06:23,S18,window,OPEN,kitchen,normal
09-03-2025 06:26,S43,glass_break,DETECTED,backyard,anomaly
09-03-2025 06:27,S34,glass_break,NONE,garage,normal
09-03-2025 06:30,S34,motion,ON,kitchen,normal
09-03-2025 06:31,S20,door,OPEN,garage,normal
09-03-2025 06:31,S29,window,OPEN,garage,normal
09-03-2025 06:31,S24,glass_break,NONE,living_room,normal
09-03-2025 06:34,S37,motion,OFF,garage,normal
09-03-2025 06:34,S5,camera,IDLE,backyard,normal
09-03-2025 06:36,S45,temperature,16,garage,normal
09-03-2025 06:37,S41,window,OPEN,front_door,normal
09-03-2025 06:38,S38,temperature,26,front_door,normal
09-03-2025 06:38,S36,motion,OFF,living_room,normal
09-03-2025 06:40,S27,motion,OFF,garage,normal
09-03-2025 06:41,S7,door,OPEN,living_room,normal
09-03-2025 06:45,S17,window,CLOSED,front_door,normal
09-03-2025 06:48,S47,window,OPEN,garage,normal
09-03-2025 06:50,S44,door,CLOSED,bathroom,normal
09-03-2025 06:51,S42,window,CLOSED,garage,normal
09-03-2025 06:53,S30,temperature,19,front_door,normal
09-03-2025 06:53,S28,motion,OFF,garage,normal
09-03-2025 06:54,S20,door,OPEN,kitchen,normal
09-03-2025 06:54,S27,door,OPEN,living_room,normal
09-03-2025 06:55,S33,glass_break,NONE,backyard,normal
09-03-2025 06:55,S13,motion,ON,bedroom,normal
09-03-2025 06:56,S48,door,OPEN,bedroom,normal
09-03-2025 06:59,S34,motion,ON,garage,normal
09-03-2025 07:00,S30,door,CLOSED,kitchen,normal
09-03-2025 07:02,S8,motion,OFF,front_door,normal
09-03-2025 07:02,S22,motion,OFF,garage,normal
09-03-2025 07:04,S42,temperature,21,backyard,normal
09-03-2025 07:07,S39,window,CLOSED,backyard,normal
09-03-2025 07:09,S27,glass_break,DETECTED,bedroom,anomaly
09-03-2025 07:09,S23,temperature,28,backyard,normal
09-03-2025 07:10,S18,camera,TRIGGERED,kitchen,normal
09-03-2025 07:11,S32,temperature,27,bedroom,normal
09-03-2025 07:11,S45,camera,IDLE,front_door,normal
09-03-2025 07:12,S21,temperature,22,bedroom,normal
09-03-2025 07:12,S45,glass_break,DETECTED,kitchen,anomaly
09-03-2025 07:13,S12,motion,ON,backyard,normal
09-03-2025 07:14,S48,door,OPEN,living_room,normal
09-03-2025 07:16,S34,window,OPEN,bathroom,normal
09-03-2025 07:16,S37,motion,ON,front_door,normal
09-03-2025 07:16,S36,door,CLOSED,backyard,normal
09-03-2025 07:17,S11,window,CLOSED,garage,normal
09-03-2025 07:17,S18,camera,IDLE,bathroom,normal
09-03-2025 07:18,S42,window,OPEN,bedroom,normal
09-03-2025 07:19,S10,camera,TRIGGERED,living_room,normal
09-03-2025 07:21,S36,door,CLOSED,living_room,normal
09-03-2025 07:23,S22,glass_break,NONE,garage,normal
09-03-2025 07:25,S41,window,CLOSED,kitchen,normal
09-03-2025 07:26,S13,glass_break,DETECTED,front_door,anomaly
09-03-2025 07:28,S39,window,CLOSED,garage,normal
09-03-2025 07:28,S16,camera,TRIGGERED,bedroom,normal
09-03-2025 07:29,S13,window,CLOSED,bedroom,normal
09-03-2025 07:29,S39,window,CLOSED,kitchen,normal
09-03-2025 07:29,S19,motion,OFF,living_room,normal
09-03-2025 07:29,S48,door,CLOSED,front_door,normal
09-03-2025 07:31,S49,camera,TRIGGERED,bedroom,normal
09-03-2025 07:31,S49,temperature,15,front_door,normal
09-03-2025 07:32,S21,window,CLOSED,kitchen,normal
09-03-2025 07:32,S47,motion,OFF,living_room,normal
09-03-2025 07:32,S4,motion,ON,bathroom,normal
09-03-2025 07:35,S47,glass_break,DETECTED,kitchen,anomaly
09-03-2025 07:35,S1,temperature,30,front_door,normal
09-03-2025 07:36,S31,camera,TRIGGERED,bedroom,normal
09-03-2025 07:36,S12,door,CLOSED,front_door,normal
09-03-2025 07:37,S30,motion,ON,bathroom,normal
09-03-2025 07:38,S28,camera,IDLE,living_room,normal
09-03-2025 07:39,S35,glass_break,NONE,living_room,normal
09-03-2025 07:39,S9,glass_break,NONE,bathroom,normal
09-03-2025 07:41,S7,door,CLOSED,garage,normal
09-03-2025 07:41,S49,camera,TRIGGERED,backyard,normal
09-03-2025 07:43,S29,camera,TRIGGERED,bedroom,normal
09-03-2025 07:44,S29,glass_break,NONE,backyard,normal
09-03-2025 07:44,S7,temperature,16,living_room,normal
09-03-2025 07:45,S8,glass_break,DETECTED,bathroom,anomaly
09-03-2025 07:46,S27,camera,IDLE,kitchen,normal
09-03-2025 07:51,S29,camera,TRIGGERED,bathroom,normal
09-03-2025 07:51,S47,glass_break,DETECTED,bedroom,anomaly
09-03-2025 07:53,S28,door,CLOSED,bathroom,normal
09-03-2025 07:54,S48,motion,OFF,living_room,normal
09-03-2025 07:54,S47,temperature,22,kitchen,normal
09-03-2025 07:54,S28,camera,TRIGGERED,front_door,normal
09-03-2025 07:55,S38,camera,TRIGGERED,front_door,normal
09-03-2025 07:55,S30,door,OPEN,kitchen,normal
09-03-2025 07:56,S16,window,OPEN,garage,normal
09-03-2025 08:00,S20,motion,OFF,front_door,normal
09-03-2025 08:02,S2,glass_break,NONE,garage,normal
09-03-2025 08:03,S48,glass_break,DETECTED,garage,anomaly
09-03-2025 08:04,S4,window,CLOSED,front_door,normal
09-03-2025 08:08,S13,window,OPEN,kitchen,normal
09-03-2025 08:08,S30,temperature,22,living_room,normal
09-03-2025 08:09,S22,glass_break,DETECTED,front_door,anomaly
09-03-2025 08:13,S28,camera,IDLE,front_door,normal
09-03-2025 08:14,S29,temperature,19,garage,normal
09-03-2025 08:15,S39,temperature,25,front_door,normal
09-03-2025 08:15,S39,camera,TRIGGERED,backyard,normal
09-03-2025 08:16,S10,motion,OFF,living_room,normal
09-03-2025 08:18,S29,glass_break,NONE,backyard,normal
09-03-2025 08:18,S50,motion,ON,garage,normal
09-03-2025 08:19,S43,camera,TRIGGERED,bathroom,normal
09-03-2025 08:20,S45,glass_break,DETECTED,bedroom,anomaly
09-03-2025 08:21,S7,temperature,24,bathroom,normal
09-03-2025 08:22,S47,door,CLOSED,backyard,normal
09-03-2025 08:22,S3,motion,ON,backyard,normal
09-03-2025 08:22,S10,camera,TRIGGERED,backyard,normal
09-03-2025 08:24,S43,temperature,23,kitchen,normal
09-03-2025 08:27,S16,motion,ON,garage,normal
09-03-2025 08:27,S14,temperature,25,garage,normal
09-03-2025 08:31,S44,camera,TRIGGERED,kitchen,normal
09-03-2025 08:32,S20,door,CLOSED,living_room,normal
09-03-2025 08:32,S33,door,CLOSED,kitchen,normal
09-03-2025 08:32,S23,window,CLOSED,bathroom,normal
09-03-2025 08:34,S35,camera,TRIGGERED,living_room,normal
09-03-2025 08:34,S41,temperature,24,living_room,normal
09-03-2025 08:34,S11,camera,TRIGGERED,backyard,normal
09-03-2025 08:35,S1,camera,IDLE,front_door,normal
09-03-2025 08:35,S31,window,CLOSED,backyard,normal
09-03-2025 08:38,S27,door,CLOSED,living_room,normal
09-03-2025 08:39,S39,window,CLOSED,kitchen,normal
09-03-2025 08:40,S24,camera,IDLE,bedroom,normal
09-03-2025 08:40,S3,temperature,28,living_room,normal
09-03-2025 08:40,S5,glass_break,DETECTED,living_room,anomaly
09-03-2025 08:41,S11,camera,IDLE,backyard,normal
09-03-2025 08:41,S48,glass_break,NONE,bedroom,normal
09-03-2025 08:42,S11,window,OPEN,bathroom,normal
09-03-2025 08:42,S44,door,OPEN,front_door,normal
09-03-2025 08:44,S16,door,CLOSED,kitchen,normal
09-03-2025 08:45,S4,temperature,20,front_door,normal
09-03-2025 08:45,S47,temperature,26,bedroom,normal
09-03-2025 08:46,S44,temperature,25,living_room,normal
09-03-2025 08:46,S37,motion,OFF,backyard,normal
09-03-2025 08:49,S28,door,OPEN,bedroom,normal
09-03-2025 08:51,S17,temperature,20,front_door,normal
09-03-2025 08:52,S22,glass_break,NONE,bedroom,normal
09-03-2025 08:54,S23,glass_break,DETECTED,kitchen,anomaly
09-03-2025 08:55,S3,camera,IDLE,backyard,normal
09-03-2025 08:56,S8,glass_break,NONE,garage,normal
09-03-2025 08:56,S43,motion,OFF,living_room,normal
09-03-2025 08:58,S10,temperature,16,kitchen,normal
09-03-2025 08:58,S44,door,CLOSED,kitchen,normal
09-03-2025 08:59,S31,temperature,27,garage,normal
09-03-2025 09:00,S12,motion,OFF,backyard,normal
09-03-2025 09:03,S39,temperature,16,front_door,normal
09-03-2025 09:03,S45,door,OPEN,front_door,normal
09-03-2025 09:03,S5,camera,IDLE,bathroom,normal
09-03-2025 09:04,S4,glass_break,DETECTED,front_door,anomaly
09-03-2025 09:06,S19,camera,IDLE,garage,normal
09-03-2025 09:06,S14,motion,ON,living_room,normal
09-03-2025 09:06,S14,camera,IDLE,bedroom,normal
09-03-2025 09:06,S41,door,OPEN,bedroom,normal
09-03-2025 09:07,S28,glass_break,DETECTED,bathroom,anomaly
09-03-2025 09:09,S46,glass_break,NONE,garage,normal
09-03-2025 09:10,S31,camera,IDLE,kitchen,normal
09-03-2025 09:10,S37,window,OPEN,kitchen,normal
09-03-2025 09:11,S31,motion,OFF,kitchen,normal
09-03-2025 09:11,S37,window,OPEN,living_room,normal
09-03-2025 09:12,S49,door,CLOSED,backyard,normal
09-03-2025 09:12,S19,camera,IDLE,living_room,normal
09-03-2025 09:13,S38,window,OPEN,backyard,normal
09-03-2025 09:14,S18,glass_break,NONE,bedroom,normal
09-03-2025 09:15,S17,door,OPEN,front_door,normal
09-03-2025 09:16,S22,motion,ON,front_door,normal
09-03-2025 09:16,S12,motion,ON,kitchen,normal
09-03-2025 09:17,S6,motion,ON,bathroom,normal
09-03-2025 09:18,S26,door,CLOSED,bedroom,normal
09-03-2025 09:19,S28,glass_break,DETECTED,kitchen,anomaly
09-03-2025 09:19,S49,door,OPEN,bedroom,normal
09-03-2025 09:20,S24,camera,TRIGGERED,garage,normal
09-03-2025 09:21,S48,camera,TRIGGERED,bathroom,normal
09-03-2025 09:22,S48,camera,IDLE,garage,normal
09-03-2025 09:22,S14,camera,IDLE,bedroom,normal
09-03-2025 09:23,S6,door,CLOSED,backyard,normal
09-03-2025 09:25,S5,glass_break,NONE,bedroom,normal
09-03-2025 09:27,S21,glass_break,NONE,backyard,normal
09-03-2025 09:27,S20,temperature,18,backyard,normal
09-03-2025 09:27,S10,window,CLOSED,garage,normal
09-03-2025 09:28,S20,camera,IDLE,garage,normal
09-03-2025 09:29,S50,temperature,21,bedroom,normal
09-03-2025 09:31,S22,door,OPEN,front_door,normal
09-03-2025 09:33,S22,door,OPEN,backyard,normal
09-03-2025 09:33,S42,camera,TRIGGERED,front_door,normal
09-03-2025 09:34,S19,camera,TRIGGERED,garage,normal
09-03-2025 09:36,S18,motion,ON,bedroom,normal
09-03-2025 09:37,S31,camera,IDLE,front_door,normal
09-03-2025 09:37,S27,glass_break,NONE,bedroom,normal
09-03-2025 09:37,S49,temperature,18,bedroom,normal
09-03-2025 09:38,S3,window,CLOSED,kitchen,normal
09-03-2025 09:39,S8,motion,OFF,garage,normal
09-03-2025 09:42,S7,motion,OFF,bedroom,normal
09-03-2025 09:42,S7,door,CLOSED,kitchen,normal
09-03-2025 09:42,S6,glass_break,DETECTED,kitchen,anomaly
09-03-2025 09:45,S36,motion,OFF,kitchen,normal
09-03-2025 09:46,S8,motion,OFF,kitchen,normal
09-03-2025 09:46,S34,window,CLOSED,kitchen,normal
09-03-2025 09:47,S43,motion,ON,living_room,normal
09-03-2025 09:47,S14,door,CLOSED,front_door,normal
09-03-2025 09:47,S32,window,CLOSED,backyard,normal
09-03-2025 09:49,S19,glass_break,DETECTED,backyard,anomaly
09-03-2025 09:50,S39,temperature,30,bathroom,normal
09-03-2025 09:50,S37,motion,OFF,backyard,normal
09-03-2025 09:51,S17,door,CLOSED,kitchen,normal
09-03-2025 09:51,S6,camera,IDLE,bathroom,normal
09-03-2025 09:55,S38,glass_break,NONE,bedroom,normal
09-03-2025 09:59,S15,motion,ON,backyard,normal
09-03-2025 09:59,S35,door,CLOSED,backyard,normal
09-03-2025 10:00,S46,motion,OFF,bathroom,normal
09-03-2025 10:00,S26,door,OPEN,garage,normal
09-03-2025 10:00,S26,temperature,19,kitchen,normal
09-03-2025 10:02,S39,motion,OFF,bathroom,normal
09-03-2025 10:02,S16,temperature,16,living_room,normal
09-03-2025 10:02,S1,door,OPEN,kitchen,normal
09-03-2025 10:02,S49,glass_break,DETECTED,garage,anomaly
09-03-2025 10:02,S1,temperature,24,bathroom,normal
09-03-2025 10:04,S43,camera,TRIGGERED,bathroom,normal
09-03-2025 10:06,S40,door,CLOSED,front_door,normal
09-03-2025 10:06,S40,window,CLOSED,bathroom,normal
09-03-2025 10:07,S2,temperature,15,living_room,normal
09-03-2025 10:09,S21,motion,ON,bathroom,normal
09-03-2025 10:10,S9,window,CLOSED,front_door,normal
09-03-2025 10:10,S7,camera,IDLE,garage,normal
09-03-2025 10:10,S25,window,OPEN,garage,normal
09-03-2025 10:11,S29,glass_break,DETECTED,bedroom,anomaly
09-03-2025 10:13,S22,window,OPEN,bedroom,normal
09-03-2025 10:13,S21,glass_break,NONE,front_door,normal
09-03-2025 10:14,S39,window,CLOSED,backyard,normal
09-03-2025 10:14,S39,glass_break,NONE,backyard,normal
09-03-2025 10:14,S28,camera,TRIGGERED,bathroom,normal
09-03-2025 10:14,S47,glass_break,NONE,front_door,normal
09-03-2025 10:15,S18,window,CLOSED,bathroom,normal
09-03-2025 10:17,S22,window,OPEN,front_door,normal
09-03-2025 10:21,S43,glass_break,DETECTED,backyard,anomaly
09-03-2025 10:23,S1,glass_break,NONE,backyard,normal
09-03-2025 10:24,S17,motion,OFF,backyard,normal
09-03-2025 10:24,S46,door,OPEN,bedroom,normal
09-03-2025 10:25,S38,door,OPEN,backyard,normal
09-03-2025 10:25,S23,window,OPEN,front_door,normal
09-03-2025 10:26,S41,door,OPEN,bedroom,normal
09-03-2025 10:29,S33,temperature,15,bedroom,normal
09-03-2025 10:29,S4,motion,ON,backyard,normal
09-03-2025 10:29,S25,glass_break,NONE,backyard,normal
09-03-2025 10:33,S45,glass_break,DETECTED,bedroom,anomaly
09-03-2025 10:34,S38,window,OPEN,front_door,normal
09-03-2025 10:34,S22,motion,ON,bathroom,normal
09-03-2025 10:38,S11,door,CLOSED,living_room,normal
09-03-2025 10:38,S48,motion,OFF,bedroom,normal
09-03-2025 10:41,S14,window,OPEN,front_door,normal
09-03-2025 10:41,S42,window,OPEN,living_room,normal
09-03-2025 10:42,S22,motion,ON,kitchen,normal
09-03-2025 10:43,S4,motion,OFF,kitchen,normal
09-03-2025 10:43,S5,window,CLOSED,bedroom,normal
09-03-2025 10:44,S23,temperature,22,garage,normal
09-03-2025 10:44,S28,glass_break,NONE,backyard,normal
09-03-2025 10:44,S27,window,CLOSED,garage,normal
09-03-2025 10:46,S36,temperature,30,bedroom,normal
09-03-2025 10:46,S27,camera,IDLE,bathroom,normal
09-03-2025 10:47,S20,glass_break,DETECTED,bathroom,anomaly
09-03-2025 10:48,S8,camera,TRIGGERED,kitchen,normal
09-03-2025 10:49,S9,temperature,29,living_room,normal
09-03-2025 10:49,S38,temperature,27,bathroom,normal
09-03-2025 10:51,S16,door,CLOSED,living_room,normal
09-03-2025 10:53,S34,temperature,30,living_room,normal
09-03-2025 10:56,S27,camera,TRIGGERED,garage,normal
09-03-2025 10:56,S11,window,CLOSED,backyard,normal
09-03-2025 10:57,S15,glass_break,NONE,front_door,normal
09-03-2025 10:59,S49,window,OPEN,kitchen,normal
09-03-2025 10:59,S48,temperature,29,backyard,normal
09-03-2025 11:00,S32,motion,OFF,garage,normal
09-03-2025 11:01,S19,door,CLOSED,front_door,normal
09-03-2025 11:03,S48,window,CLOSED,backyard,normal
09-03-2025 11:04,S28,motion,ON,backyard,normal
09-03-2025 11:04,S3,door,CLOSED,kitchen,normal
09-03-2025 11:05,S30,temperature,30,bedroom,normal
09-03-2025 11:05,S21,glass_break,NONE,backyard,normal
09-03-2025 11:07,S35,door,CLOSED,bathroom,normal
09-03-2025 11:07,S27,window,CLOSED,front_door,normal
09-03-2025 11:09,S47,camera,IDLE,living_room,normal
09-03-2025 11:10,S25,glass_break,NONE,kitchen,normal
09-03-2025 11:10,S37,motion,ON,kitchen,normal
09-03-2025 11:10,S25,temperature,25,backyard,normal
09-03-2025 11:12,S35,door,CLOSED,front_door,normal
09-03-2025 11:13,S3,window,CLOSED,bedroom,normal
09-03-2025 11:14,S48,window,CLOSED,bedroom,normal
09-03-2025 11:15,S18,motion,ON,garage,normal
09-03-2025 11:16,S35,window,CLOSED,living_room,normal
09-03-2025 11:17,S43,motion,ON,kitchen,normal
09-03-2025 11:17,S27,door,CLOSED,garage,normal
09-03-2025 11:19,S4,motion,OFF,bathroom,normal
09-03-2025 11:20,S10,glass_break,NONE,bathroom,normal
09-03-2025 11:20,S24,window,CLOSED,front_door,normal
09-03-2025 11:22,S30,temperature,30,backyard,normal
09-03-2025 11:22,S13,motion,OFF,garage,normal
09-03-2025 11:22,S17,temperature,21,front_door,normal
09-03-2025 11:27,S6,temperature,15,front_door,normal
09-03-2025 11:27,S6,motion,OFF,front_door,normal
09-03-2025 11:29,S8,camera,IDLE,living_room,normal
09-03-2025 11:30,S33,door,OPEN,front_door,normal
09-03-2025 11:31,S44,camera,TRIGGERED,garage,normal
09-03-2025 11:32,S32,door,OPEN,bathroom,normal
09-03-2025 11:34,S4,window,OPEN,backyard,normal
09-03-2025 11:35,S21,temperature,29,living_room,normal
09-03-2025 11:38,S43,camera,TRIGGERED,bedroom,normal
09-03-2025 11:38,S22,door,OPEN,kitchen,normal
09-03-2025 11:38,S2,door,CLOSED,backyard,normal
09-03-2025 11:40,S34,window,CLOSED,garage,normal
09-03-2025 11:40,S20,motion,ON,bedroom,normal
09-03-2025 11:40,S19,door,OPEN,garage,normal
09-03-2025 11:42,S6,window,CLOSED,kitchen,normal
09-03-2025 11:42,S13,door,OPEN,bathroom,normal
09-03-2025 11:45,S21,motion,OFF,living_room,normal
09-03-2025 11:45,S41,door,OPEN,garage,normal
09-03-2025 11:49,S17,door,CLOSED,bedroom,normal
09-03-2025 11:51,S30,window,OPEN,kitchen,normal
09-03-2025 11:51,S18,window,CLOSED,backyard,normal
09-03-2025 11:54,S41,motion,OFF,kitchen,normal
09-03-2025 11:55,S20,glass_break,NONE,front_door,normal
09-03-2025 11:56,S30,camera,IDLE,backyard,normal
09-03-2025 11:58,S18,motion,ON,front_door,normal
09-03-2025 11:58,S15,temperature,26,front_door,normal
09-03-2025 12:01,S16,camera,TRIGGERED,bedroom,normal
09-03-2025 12:02,S48,camera,TRIGGERED,kitchen,normal
09-03-2025 12:03,S39,motion,ON,bathroom,normal
09-03-2025 12:03,S43,window,CLOSED,bathroom,normal
09-03-2025 12:03,S6,camera,IDLE,garage,normal
09-03-2025 12:05,S9,window,CLOSED,garage,normal
09-03-2025 12:09,S47,temperature,19,living_room,normal
09-03-2025 12:09,S46,camera,IDLE,garage,normal
09-03-2025 12:10,S2,temperature,21,bedroom,normal
09-03-2025 12:11,S17,motion,OFF,front_door,normal
09-03-2025 12:11,S26,glass_break,NONE,front_door,normal
09-03-2025 12:15,S16,glass_break,NONE,living_room,normal
09-03-2025 12:17,S6,motion,OFF,bedroom,normal
09-03-2025 12:17,S6,motion,ON,front_door,normal
09-03-2025 12:17,S32,window,OPEN,living_room,normal
09-03-2025 12:18,S46,glass_break,NONE,garage,normal
09-03-2025 12:19,S25,temperature,19,backyard,normal
09-03-2025 12:20,S32,temperature,17,bathroom,normal
09-03-2025 12:20,S14,door,OPEN,bathroom,normal
09-03-2025 12:21,S37,glass_break,NONE,bathroom,normal
09-03-2025 12:22,S14,window,CLOSED,living_room,normal
09-03-2025 12:22,S36,glass_break,NONE,kitchen,normal
09-03-2025 12:23,S8,motion,OFF,living_room,normal
09-03-2025 12:24,S25,camera,TRIGGERED,backyard,normal
09-03-2025 12:26,S15,door,OPEN,backyard,normal
09-03-2025 12:26,S14,temperature,29,bathroom,normal
09-03-2025 12:29,S33,door,OPEN,bathroom,normal
09-03-2025 12:29,S14,motion,OFF,front_door,normal
09-03-2025 12:30,S40,window,CLOSED,living_room,normal
09-03-2025 12:31,S7,temperature,18,bathroom,normal
09-03-2025 12:31,S6,motion,OFF,bedroom,normal
09-03-2025 12:34,S23,motion,ON,backyard,normal
09-03-2025 12:36,S4,temperature,17,front_door,normal
09-03-2025 12:39,S47,temperature,29,kitchen,normal
09-03-2025 12:41,S29,glass_break,DETECTED,front_door,anomaly
09-03-2025 12:42,S6,window,CLOSED,bathroom,normal
09-03-2025 12:43,S44,window,OPEN,bedroom,normal
09-03-2025 12:45,S19,camera,IDLE,bathroom,normal
09-03-2025 12:47,S30,motion,OFF,living_room,normal
09-03-2025 12:47,S43,window,CLOSED,garage,normal
09-03-2025 12:48,S23,camera,TRIGGERED,front_door,normal
09-03-2025 12:48,S41,door,OPEN,front_door,normal
09-03-2025 12:49,S10,temperature,24,bathroom,normal
09-03-2025 12:49,S9,motion,OFF,backyard,normal
09-03-2025 12:51,S30,window,OPEN,bedroom,normal
09-03-2025 12:51,S1,window,OPEN,bathroom,normal
09-03-2025 12:52,S48,window,OPEN,garage,normal
09-03-2025 12:52,S31,motion,ON,bathroom,normal
09-03-2025 12:53,S12,window,OPEN,bathroom,normal
09-03-2025 12:53,S11,glass_break,NONE,kitchen,normal
09-03-2025 12:57,S41,temperature,27,living_room,normal
09-03-2025 12:58,S10,motion,ON,kitchen,normal
09-03-2025 12:58,S28,motion,ON,garage,normal
09-03-2025 12:59,S6,glass_break,DETECTED,kitchen,anomaly
09-03-2025 13:00,S15,door,CLOSED,front_door,normal
09-03-2025 13:03,S12,glass_break,DETECTED,bathroom,anomaly
09-03-2025 13:03,S17,door,OPEN,backyard,normal
09-03-2025 13:04,S5,door,OPEN,front_door,normal
09-03-2025 13:04,S43,temperature,16,kitchen,normal
09-03-2025 13:04,S27,window,CLOSED,bathroom,normal
09-03-2025 13:08,S4,glass_break,NONE,backyard,normal
09-03-2025 13:08,S24,glass_break,DETECTED,kitchen,anomaly
09-03-2025 13:08,S32,door,OPEN,garage,normal
09-03-2025 13:08,S29,door,CLOSED,garage,normal
09-03-2025 13:08,S10,temperature,27,bathroom,normal
09-03-2025 13:09,S40,door,OPEN,kitchen,normal
09-03-2025 13:10,S40,window,CLOSED,front_door,normal
09-03-2025 13:10,S30,glass_break,NONE,bathroom,normal
09-03-2025 13:12,S15,motion,ON,bedroom,normal
09-03-2025 13:12,S13,temperature,30,bathroom,normal
09-03-2025 13:13,S4,door,OPEN,bedroom,normal
09-03-2025 13:14,S42,temperature,28,backyard,normal
09-03-2025 13:16,S11,door,CLOSED,backyard,normal
09-03-2025 13:17,S29,temperature,17,bedroom,normal
09-03-2025 13:17,S17,window,CLOSED,living_room,normal
09-03-2025 13:17,S34,glass_break,DETECTED,bathroom,anomaly
09-03-2025 13:18,S1,glass_break,NONE,front_door,normal
09-03-2025 13:19,S13,camera,IDLE,backyard,normal
09-03-2025 13:23,S35,window,CLOSED,living_room,normal
09-03-2025 13:23,S3,temperature,29,living_room,normal
09-03-2025 13:27,S19,door,CLOSED,front_door,normal
09-03-2025 13:27,S9,window,OPEN,kitchen,normal
09-03-2025 13:28,S24,motion,OFF,front_door,normal
09-03-2025 13:29,S6,door,CLOSED,garage,normal
09-03-2025 13:30,S36,temperature,25,bedroom,normal
09-03-2025 13:30,S18,motion,OFF,bedroom,normal
09-03-2025 13:30,S24,camera,TRIGGERED,kitchen,normal
09-03-2025 13:32,S40,glass_break,DETECTED,backyard,anomaly
09-03-2025 13:34,S8,door,OPEN,bathroom,normal
09-03-2025 13:35,S40,window,OPEN,bedroom,normal
09-03-2025 13:37,S50,glass_break,NONE,bedroom,normal
09-03-2025 13:37,S14,glass_break,DETECTED,living_room,anomaly
09-03-2025 13:38,S39,camera,TRIGGERED,front_door,normal
09-03-2025 13:39,S38,camera,TRIGGERED,backyard,normal
09-03-2025 13:40,S50,glass_break,DETECTED,garage,anomaly
09-03-2025 13:40,S3,window,OPEN,bedroom,normal
09-03-2025 13:41,S28,motion,ON,backyard,normal
09-03-2025 13:41,S47,window,OPEN,backyard,normal
09-03-2025 13:44,S4,window,OPEN,front_door,normal
09-03-2025 13:47,S10,motion,ON,bathroom,normal
09-03-2025 13:47,S26,glass_break,DETECTED,garage,anomaly
09-03-2025 13:48,S21,motion,OFF,garage,normal
09-03-2025 13:49,S10,glass_break,NONE,bedroom,normal
09-03-2025 13:50,S11,temperature,24,bathroom,normal
09-03-2025 13:51,S24,window,OPEN,bathroom,normal
09-03-2025 13:54,S30,window,CLOSED,kitchen,normal
09-03-2025 13:54,S5,temperature,29,bedroom,normal
09-03-2025 13:55,S33,door,CLOSED,garage,normal
09-03-2025 13:57,S34,glass_break,DETECTED,living_room,anomaly
09-03-2025 13:58,S33,window,OPEN,backyard,normal
09-03-2025 13:59,S10,glass_break,DETECTED,living_room,anomaly
09-03-2025 13:59,S10,motion,OFF,bedroom,normal
09-03-2025 14:01,S49,temperature,22,living_room,normal
09-03-2025 14:01,S15,camera,TRIGGERED,front_door,normal
09-03-2025 14:05,S19,camera,TRIGGERED,backyard,normal
09-03-2025 14:07,S13,camera,IDLE,garage,normal
09-03-2025 14:07,S48,motion,ON,bathroom,normal
09-03-2025 14:10,S49,window,CLOSED,kitchen,normal
09-03-2025 14:12,S41,camera,IDLE,living_room,normal
09-03-2025 14:12,S4,door,OPEN,front_door,normal
09-03-2025 14:12,S27,temperature,21,bathroom,normal
09-03-2025 14:13,S48,glass_break,NONE,kitchen,normal
09-03-2025 14:13,S4,temperature,19,front_door,normal
09-03-2025 14:15,S19,temperature,20,kitchen,normal
09-03-2025 14:15,S6,window,OPEN,kitchen,normal
09-03-2025 14:17,S45,camera,IDLE,garage,normal
09-03-2025 14:18,S13,window,CLOSED,living_room,normal
09-03-2025 14:21,S38,window,OPEN,kitchen,normal
09-03-2025 14:21,S47,door,CLOSED,kitchen,normal
09-03-2025 14:24,S47,glass_break,DETECTED,living_room,anomaly
09-03-2025 14:25,S5,camera,IDLE,garage,normal
09-03-2025 14:25,S41,glass_break,DETECTED,bedroom,anomaly
09-03-2025 14:25,S47,window,CLOSED,garage,normal
09-03-2025 14:28,S3,temperature,24,front_door,normal
09-03-2025 14:28,S14,camera,IDLE,garage,normal
09-03-2025 14:30,S32,motion,OFF,garage,normal
09-03-2025 14:30,S30,glass_break,NONE,front_door,normal
09-03-2025 14:32,S43,door,OPEN,garage,normal
09-03-2025 14:33,S21,window,OPEN,front_door,normal
09-03-2025 14:33,S41,door,OPEN,bathroom,normal
09-03-2025 14:33,S38,motion,ON,garage,normal
09-03-2025 14:33,S16,glass_break,NONE,kitchen,normal
09-03-2025 14:33,S41,motion,ON,kitchen,normal
09-03-2025 14:34,S40,temperature,22,front_door,normal
09-03-2025 14:35,S44,door,OPEN,front_door,normal
09-03-2025 14:36,S15,motion,ON,garage,normal
09-03-2025 14:37,S4,camera,TRIGGERED,garage,normal
09-03-2025 14:39,S44,motion,OFF,bedroom,normal
09-03-2025 14:39,S11,door,CLOSED,kitchen,normal
09-03-2025 14:40,S3,glass_break,NONE,living_room,normal
09-03-2025 14:40,S29,window,OPEN,backyard,normal
09-03-2025 14:40,S18,motion,OFF,bathroom,normal
09-03-2025 14:41,S25,motion,OFF,garage,normal
09-03-2025 14:42,S4,temperature,24,bathroom,normal
09-03-2025 14:43,S23,glass_break,DETECTED,front_door,anomaly
09-03-2025 14:43,S41,window,CLOSED,bathroom,normal
09-03-2025 14:43,S36,camera,TRIGGERED,garage,normal
09-03-2025 14:44,S36,glass_break,NONE,bedroom,normal
09-03-2025 14:46,S43,camera,IDLE,bedroom,normal
09-03-2025 14:48,S7,door,CLOSED,living_room,normal
09-03-2025 14:48,S19,glass_break,NONE,front_door,normal
09-03-2025 14:52,S38,door,OPEN,garage,normal
09-03-2025 14:52,S6,motion,ON,bedroom,normal
09-03-2025 14:53,S25,window,CLOSED,bedroom,normal
09-03-2025 14:53,S49,door,OPEN,front_door,normal
09-03-2025 14:53,S30,door,OPEN,garage,normal
09-03-2025 14:56,S40,glass_break,NONE,bedroom,normal
09-03-2025 14:57,S4,window,OPEN,front_door,normal
09-03-2025 14:57,S41,glass_break,NONE,bathroom,normal
09-03-2025 14:58,S42,window,CLOSED,bathroom,normal
09-03-2025 15:00,S19,temperature,23,kitchen,normal
09-03-2025 15:02,S22,glass_break,DETECTED,garage,anomaly
09-03-2025 15:02,S8,camera,TRIGGERED,bathroom,normal
09-03-2025 15:04,S18,window,OPEN,bathroom,normal
09-03-2025 15:05,S10,temperature,27,backyard,normal
09-03-2025 15:05,S21,motion,OFF,bathroom,normal
09-03-2025 15:05,S47,glass_break,NONE,living_room,normal
09-03-2025 15:07,S30,door,CLOSED,bedroom,normal
09-03-2025 15:07,S15,camera,TRIGGERED,bathroom,normal
09-03-2025 15:09,S31,glass_break,NONE,bedroom,normal
09-03-2025 15:11,S2,camera,IDLE,living_room,normal
09-03-2025 15:13,S26,window,CLOSED,living_room,normal
09-03-2025 15:13,S44,camera,TRIGGERED,bedroom,normal
09-03-2025 15:13,S26,motion,ON,backyard,normal
09-03-2025 15:14,S14,door,CLOSED,bedroom,normal
09-03-2025 15:15,S39,glass_break,NONE,bathroom,normal
09-03-2025 15:16,S26,window,OPEN,garage,normal
09-03-2025 15:17,S15,temperature,22,garage,normal
09-03-2025 15:17,S25,window,OPEN,bedroom,normal
09-03-2025 15:19,S11,window,OPEN,bathroom,normal
09-03-2025 15:19,S19,camera,IDLE,front_door,normal
09-03-2025 15:20,S50,window,OPEN,front_door,normal
09-03-2025 15:21,S42,door,CLOSED,bedroom,normal
09-03-2025 15:22,S1,glass_break,NONE,garage,normal
09-03-2025 15:22,S30,glass_break,DETECTED,front_door,anomaly
09-03-2025 15:23,S41,glass_break,DETECTED,living_room,anomaly
09-03-2025 15:23,S1,window,OPEN,front_door,normal
09-03-2025 15:25,S29,door,OPEN,living_room,normal
09-03-2025 15:26,S50,camera,TRIGGERED,living_room,normal
09-03-2025 15:27,S11,door,CLOSED,living_room,normal
09-03-2025 15:30,S29,motion,OFF,front_door,normal
09-03-2025 15:30,S4,window,OPEN,bedroom,normal
09-03-2025 15:31,S10,motion,OFF,kitchen,normal
09-03-2025 15:32,S33,door,OPEN,kitchen,normal
09-03-2025 15:33,S41,window,OPEN,kitchen,normal
09-03-2025 15:36,S23,glass_break,DETECTED,bedroom,anomaly
09-03-2025 15:37,S35,temperature,21,front_door,normal
09-03-2025 15:38,S18,camera,TRIGGERED,bathroom,normal
09-03-2025 15:39,S41,camera,IDLE,kitchen,normal
09-03-2025 15:39,S3,window,CLOSED,bedroom,normal
09-03-2025 15:40,S50,window,CLOSED,bedroom,normal
09-03-2025 15:40,S1,door,CLOSED,kitchen,normal
09-03-2025 15:41,S35,motion,ON,backyard,normal
09-03-2025 15:41,S35,temperature,25,garage,normal
09-03-2025 15:41,S5,temperature,29,living_room,normal
09-03-2025 15:41,S18,motion,ON,front_door,normal
09-03-2025 15:42,S35,glass_break,NONE,kitchen,normal
09-03-2025 15:42,S25,temperature,29,garage,normal
09-03-2025 15:44,S25,camera,TRIGGERED,backyard,normal
09-03-2025 15:44,S46,motion,OFF,bedroom,normal
09-03-2025 15:45,S7,motion,ON,bathroom,normal
09-03-2025 15:45,S25,door,OPEN,living_room,normal
09-03-2025 15:47,S23,window,CLOSED,front_door,normal
09-03-2025 15:47,S18,camera,TRIGGERED,backyard,normal
09-03-2025 15:48,S1,motion,ON,front_door,normal
09-03-2025 15:48,S6,glass_break,NONE,garage,normal
09-03-2025 15:50,S50,motion,OFF,backyard,normal
09-03-2025 15:51,S42,glass_break,NONE,front_door,normal
09-03-2025 15:52,S1,window,CLOSED,bathroom,normal
09-03-2025 15:52,S31,motion,ON,front_door,normal
09-03-2025 15:54,S35,glass_break,DETECTED,bathroom,anomaly
09-03-2025 15:54,S19,glass_break,DETECTED,living_room,anomaly
09-03-2025 15:55,S14,temperature,27,front_door,normal
09-03-2025 15:56,S13,temperature,24,bathroom,normal
09-03-2025 15:57,S41,door,CLOSED,bathroom,normal
09-03-2025 15:59,S43,glass_break,NONE,living_room,normal
09-03-2025 16:01,S34,glass_break,DETECTED,garage,anomaly
09-03-2025 16:01,S14,temperature,19,bedroom,normal
09-03-2025 16:02,S24,door,CLOSED,front_door,normal
09-03-2025 16:02,S35,glass_break,NONE,garage,normal
09-03-2025 16:02,S34,glass_break,DETECTED,bathroom,anomaly
09-03-2025 16:04,S18,camera,TRIGGERED,bedroom,normal
09-03-2025 16:06,S48,window,OPEN,bathroom,normal
09-03-2025 16:06,S13,window,OPEN,bedroom,normal
09-03-2025 16:06,S5,temperature,21,living_room,normal
09-03-2025 16:07,S6,glass_break,DETECTED,living_room,anomaly
09-03-2025 16:07,S5,camera,TRIGGERED,kitchen,normal
09-03-2025 16:10,S44,temperature,30,kitchen,normal
09-03-2025 16:10,S29,temperature,30,garage,normal
09-03-2025 16:12,S20,glass_break,NONE,backyard,normal
09-03-2025 16:13,S36,motion,ON,garage,normal
09-03-2025 16:16,S25,temperature,23,bathroom,normal
09-03-2025 16:16,S40,door,CLOSED,living_room,normal
09-03-2025 16:20,S32,camera,TRIGGERED,bathroom,normal
09-03-2025 16:20,S47,window,OPEN,backyard,normal
09-03-2025 16:20,S48,window,CLOSED,garage,normal
09-03-2025 16:21,S48,glass_break,NONE,bedroom,normal
09-03-2025 16:21,S5,temperature,29,bathroom,normal
09-03-2025 16:22,S5,window,CLOSED,front_door,normal
09-03-2025 16:22,S1,window,OPEN,living_room,normal
09-03-2025 16:23,S26,window,OPEN,kitchen,normal
09-03-2025 16:23,S19,camera,IDLE,garage,normal
09-03-2025 16:23,S10,door,OPEN,front_door,normal
09-03-2025 16:23,S34,camera,TRIGGERED,bedroom,normal
09-03-2025 16:26,S37,window,CLOSED,living_room,normal
09-03-2025 16:28,S3,door,CLOSED,kitchen,normal
09-03-2025 16:28,S15,camera,TRIGGERED,garage,normal
09-03-2025 16:29,S22,window,CLOSED,garage,normal
09-03-2025 16:30,S1,window,CLOSED,kitchen,normal
09-03-2025 16:30,S37,motion,OFF,kitchen,normal
09-03-2025 16:31,S5,door,OPEN,bathroom,normal
09-03-2025 16:32,S27,door,OPEN,bathroom,normal
09-03-2025 16:33,S37,temperature,26,garage,normal
09-03-2025 16:34,S31,glass_break,DETECTED,backyard,anomaly
09-03-2025 16:35,S9,temperature,23,kitchen,normal
09-03-2025 16:35,S17,temperature,19,backyard,normal
09-03-2025 16:35,S32,motion,OFF,kitchen,normal
09-03-2025 16:35,S40,glass_break,NONE,front_door,normal
09-03-2025 16:35,S33,motion,ON,bathroom,normal
09-03-2025 16:37,S41,door,CLOSED,backyard,normal
09-03-2025 16:37,S22,door,CLOSED,bedroom,normal
09-03-2025 16:37,S30,motion,OFF,garage,normal
09-03-2025 16:38,S15,motion,OFF,bedroom,normal
09-03-2025 16:38,S26,camera,TRIGGERED,bathroom,normal
09-03-2025 16:41,S45,camera,TRIGGERED,garage,normal
09-03-2025 16:41,S12,door,OPEN,garage,normal
09-03-2025 16:41,S30,glass_break,NONE,backyard,normal
09-03-2025 16:43,S9,window,OPEN,front_door,normal
09-03-2025 16:45,S4,motion,OFF,living_room,normal
09-03-2025 16:46,S9,window,CLOSED,front_door,normal
09-03-2025 16:46,S22,motion,ON,bedroom,normal
09-03-2025 16:47,S27,temperature,26,backyard,normal
09-03-2025 16:48,S31,motion,ON,backyard,normal
09-03-2025 16:49,S10,camera,IDLE,bathroom,normal
09-03-2025 16:50,S25,door,OPEN,backyard,normal
09-03-2025 16:51,S16,glass_break,DETECTED,bedroom,anomaly
09-03-2025 16:51,S44,window,CLOSED,living_room,normal
09-03-2025 16:52,S40,temperature,29,kitchen,normal
09-03-2025 16:54,S22,camera,TRIGGERED,bedroom,normal
09-03-2025 16:57,S20,window,OPEN,front_door,normal
09-03-2025 16:58,S21,temperature,18,bathroom,normal
09-03-2025 16:58,S24,camera,TRIGGERED,garage,normal
09-03-2025 16:58,S10,glass_break,DETECTED,bathroom,anomaly
09-03-2025 16:58,S9,motion,OFF,living_room,normal
09-03-2025 17:00,S41,window,CLOSED,garage,normal
09-03-2025 17:01,S18,temperature,30,front_door,normal
09-03-2025 17:01,S1,camera,IDLE,living_room,normal
09-03-2025 17:03,S5,door,CLOSED,bedroom,normal
09-03-2025 17:03,S47,window,CLOSED,backyard,normal
09-03-2025 17:06,S30,motion,ON,kitchen,normal
09-03-2025 17:08,S2,door,CLOSED,garage,normal
09-03-2025 17:09,S47,door,OPEN,backyard,normal
09-03-2025 17:09,S7,glass_break,NONE,living_room,normal
09-03-2025 17:10,S40,door,OPEN,backyard,normal
09-03-2025 17:11,S40,temperature,23,living_room,normal
09-03-2025 17:11,S6,temperature,20,backyard,normal
09-03-2025 17:14,S8,door,OPEN,garage,normal
09-03-2025 17:16,S30,camera,TRIGGERED,bedroom,normal
09-03-2025 17:17,S28,window,OPEN,garage,normal
09-03-2025 17:17,S21,window,CLOSED,kitchen,normal
09-03-2025 17:19,S15,glass_break,DETECTED,kitchen,anomaly
09-03-2025 17:20,S40,door,OPEN,bedroom,normal
09-03-2025 17:21,S41,window,CLOSED,bathroom,normal
09-03-2025 17:21,S36,window,CLOSED,kitchen,normal
09-03-2025 17:21,S44,temperature,27,bathroom,normal
09-03-2025 17:22,S42,door,OPEN,garage,normal
09-03-2025 17:22,S18,glass_break,DETECTED,living_room,anomaly
09-03-2025 17:22,S3,temperature,16,front_door,normal
09-03-2025 17:26,S13,glass_break,NONE,bathroom,normal
09-03-2025 17:27,S34,door,CLOSED,backyard,normal
09-03-2025 17:27,S8,glass_break,DETECTED,backyard,anomaly
09-03-2025 17:29,S31,temperature,15,living_room,normal
09-03-2025 17:30,S27,temperature,25,garage,normal
09-03-2025 17:33,S47,window,OPEN,bedroom,normal
09-03-2025 17:35,S11,door,CLOSED,backyard,normal
09-03-2025 17:35,S38,motion,OFF,backyard,normal
09-03-2025 17:35,S36,motion,OFF,living_room,normal
09-03-2025 17:37,S32,camera,TRIGGERED,bedroom,normal
09-03-2025 17:37,S23,camera,IDLE,garage,normal
09-03-2025 17:41,S28,door,OPEN,living_room,normal
09-03-2025 17:42,S34,camera,IDLE,front_door,normal
09-03-2025 17:44,S18,glass_break,NONE,bedroom,normal
09-03-2025 17:44,S37,window,OPEN,kitchen,normal
09-03-2025 17:46,S38,door,OPEN,front_door,normal
09-03-2025 17:50,S7,camera,IDLE,front_door,normal
09-03-2025 17:50,S11,window,CLOSED,living_room,normal
09-03-2025 17:51,S2,glass_break,NONE,living_room,normal
09-03-2025 17:51,S36,camera,TRIGGERED,bedroom,normal
09-03-2025 17:51,S47,glass_break,DETECTED,bedroom,anomaly
09-03-2025 17:52,S14,door,CLOSED,front_door,normal
09-03-2025 17:53,S20,temperature,16,garage,normal
09-03-2025 17:53,S30,door,CLOSED,bathroom,normal
09-03-2025 17:54,S8,temperature,28,bathroom,normal
09-03-2025 17:55,S50,motion,OFF,bedroom,normal
09-03-2025 17:56,S3,glass_break,DETECTED,front_door,anomaly
09-03-2025 17:57,S15,glass_break,DETECTED,front_door,anomaly
09-03-2025 17:58,S39,window,OPEN,living_room,normal
09-03-2025 17:58,S32,camera,IDLE,bedroom,normal
09-03-2025 17:58,S47,temperature,29,garage,normal
09-03-2025 17:59,S1,glass_break,NONE,front_door,normal
09-03-2025 18:00,S34,door,CLOSED,front_door,normal
09-03-2025 18:00,S5,glass_break,NONE,bedroom,normal
09-03-2025 18:00,S13,window,CLOSED,garage,normal
09-03-2025 18:01,S19,temperature,29,front_door,normal
09-03-2025 18:01,S39,window,OPEN,bedroom,normal
09-03-2025 18:05,S45,motion,OFF,bathroom,normal
09-03-2025 18:05,S26,window,CLOSED,garage,normal
09-03-2025 18:06,S46,window,OPEN,bedroom,normal
09-03-2025 18:07,S38,window,CLOSED,living_room,normal
09-03-2025 18:07,S8,camera,TRIGGERED,bedroom,normal
09-03-2025 18:08,S31,camera,IDLE,kitchen,normal
09-03-2025 18:08,S33,camera,IDLE,garage,normal
09-03-2025 18:14,S48,glass_break,NONE,bedroom,normal
09-03-2025 18:14,S33,temperature,17,front_door,normal
09-03-2025 18:16,S35,door,CLOSED,bedroom,normal
09-03-2025 18:20,S47,window,CLOSED,backyard,normal
09-03-2025 18:23,S19,temperature,24,front_door,normal
09-03-2025 18:26,S43,door,OPEN,garage,normal
09-03-2025 18:26,S19,window,OPEN,living_room,normal
09-03-2025 18:27,S1,glass_break,NONE,bathroom,normal
09-03-2025 18:27,S29,camera,IDLE,bathroom,normal
09-03-2025 18:31,S31,window,OPEN,bathroom,normal
09-03-2025 18:33,S29,temperature,28,bedroom,normal
09-03-2025 18:33,S42,window,OPEN,bathroom,normal
09-03-2025 18:34,S13,glass_break,DETECTED,living_room,anomaly
09-03-2025 18:36,S18,door,CLOSED,bathroom,normal
09-03-2025 18:36,S2,window,CLOSED,bedroom,normal
09-03-2025 18:37,S26,camera,IDLE,front_door,normal
09-03-2025 18:37,S48,window,OPEN,bathroom,normal
09-03-2025 18:39,S41,glass_break,DETECTED,kitchen,anomaly
09-03-2025 18:39,S13,motion,OFF,kitchen,normal
09-03-2025 18:39,S23,window,OPEN,backyard,normal
09-03-2025 18:40,S11,door,CLOSED,kitchen,normal
09-03-2025 18:40,S36,temperature,20,front_door,normal
09-03-2025 18:41,S49,motion,ON,bathroom,normal
09-03-2025 18:44,S32,window,CLOSED,garage,normal
09-03-2025 18:45,S42,door,OPEN,garage,normal
09-03-2025 18:46,S46,glass_break,DETECTED,kitchen,anomaly
09-03-2025 18:47,S21,motion,ON,front_door,normal
09-03-2025 18:47,S6,window,CLOSED,living_room,normal
09-03-2025 18:48,S36,camera,TRIGGERED,bedroom,normal
09-03-2025 18:49,S36,temperature,27,front_door,normal
09-03-2025 18:50,S48,camera,IDLE,kitchen,normal
09-03-2025 18:52,S7,window,OPEN,bathroom,normal
09-03-2025 18:52,S17,window,CLOSED,bathroom,normal
09-03-2025 18:53,S24,camera,TRIGGERED,garage,normal
09-03-2025 18:54,S50,camera,IDLE,living_room,normal
09-03-2025 18:54,S33,camera,TRIGGERED,bedroom,normal
09-03-2025 18:55,S23,glass_break,DETECTED,bathroom,anomaly
09-03-2025 18:55,S35,temperature,23,bathroom,normal
09-03-2025 18:56,S33,door,OPEN,backyard,normal
09-03-2025 18:58,S17,door,OPEN,garage,normal
09-03-2025 19:02,S38,camera,TRIGGERED,front_door,normal
09-03-2025 19:03,S16,camera,TRIGGERED,bathroom,normal
09-03-2025 19:03,S49,glass_break,NONE,backyard,normal
09-03-2025 19:04,S27,glass_break,NONE,backyard,normal
09-03-2025 19:04,S24,glass_break,NONE,bathroom,normal
09-03-2025 19:05,S36,window,CLOSED,kitchen,normal
09-03-2025 19:06,S16,window,OPEN,living_room,normal
09-03-2025 19:07,S27,glass_break,DETECTED,living_room,anomaly
09-03-2025 19:07,S26,window,OPEN,bedroom,normal
09-03-2025 19:08,S5,camera,TRIGGERED,front_door,normal
09-03-2025 19:08,S41,door,CLOSED,living_room,normal
09-03-2025 19:08,S30,glass_break,DETECTED,living_room,anomaly
09-03-2025 19:09,S20,window,OPEN,bathroom,normal
09-03-2025 19:09,S7,glass_break,DETECTED,bathroom,anomaly
09-03-2025 19:09,S32,camera,IDLE,garage,normal
09-03-2025 19:09,S23,temperature,21,backyard,normal
09-03-2025 19:10,S42,glass_break,NONE,living_room,normal
09-03-2025 19:10,S14,temperature,24,kitchen,normal
09-03-2025 19:12,S12,temperature,16,garage,normal
09-03-2025 19:12,S15,motion,OFF,bathroom,normal
09-03-2025 19:12,S13,camera,TRIGGERED,living_room,normal
09-03-2025 19:14,S24,window,OPEN,bathroom,normal
09-03-2025 19:19,S49,motion,OFF,bathroom,normal
09-03-2025 19:19,S30,glass_break,NONE,bathroom,normal
09-03-2025 19:20,S47,camera,TRIGGERED,bedroom,normal
09-03-2025 19:20,S4,window,OPEN,garage,normal
09-03-2025 19:21,S44,camera,IDLE,front_door,normal
09-03-2025 19:21,S15,door,OPEN,backyard,normal
09-03-2025 19:22,S8,camera,IDLE,kitchen,normal
09-03-2025 19:24,S43,door,CLOSED,bathroom,normal
09-03-2025 19:25,S49,door,OPEN,garage,normal
09-03-2025 19:25,S26,motion,OFF,bedroom,normal
09-03-2025 19:25,S43,camera,IDLE,bedroom,normal
09-03-2025 19:26,S46,glass_break,NONE,garage,normal
09-03-2025 19:27,S34,motion,OFF,front_door,normal
09-03-2025 19:27,S20,temperature,29,front_door,normal
09-03-2025 19:28,S16,door,OPEN,front_door,normal
09-03-2025 19:28,S22,door,OPEN,living_room,normal
09-03-2025 19:29,S50,door,OPEN,front_door,normal
09-03-2025 19:29,S46,glass_break,DETECTED,backyard,anomaly
09-03-2025 19:30,S1,door,CLOSED,living_room,normal
09-03-2025 19:30,S15,door,OPEN,living_room,normal
09-03-2025 19:31,S34,glass_break,NONE,bedroom,normal
09-03-2025 19:33,S42,motion,ON,front_door,normal
09-03-2025 19:37,S12,window,CLOSED,living_room,normal
09-03-2025 19:38,S15,door,CLOSED,bedroom,normal
09-03-2025 19:38,S41,motion,OFF,front_door,normal
09-03-2025 19:39,S33,motion,OFF,living_room,normal
09-03-2025 19:39,S38,glass_break,DETECTED,backyard,anomaly
09-03-2025 19:40,S21,motion,OFF,front_door,normal
09-03-2025 19:41,S16,window,CLOSED,living_room,normal
09-03-2025 19:42,S35,door,CLOSED,front_door,normal
09-03-2025 19:44,S49,camera,IDLE,front_door,normal
09-03-2025 19:44,S41,camera,TRIGGERED,front_door,normal
09-03-2025 19:46,S45,glass_break,DETECTED,garage,anomaly
09-03-2025 19:46,S26,glass_break,NONE,backyard,normal
09-03-2025 19:48,S23,temperature,26,kitchen,normal
09-03-2025 19:51,S8,temperature,22,backyard,normal
09-03-2025 19:51,S37,glass_break,NONE,living_room,normal
09-03-2025 19:51,S38,temperature,27,bedroom,normal
09-03-2025 19:52,S31,window,OPEN,garage,normal
09-03-2025 19:52,S40,motion,ON,kitchen,normal
09-03-2025 19:54,S21,window,OPEN,front_door,normal
09-03-2025 19:56,S32,door,OPEN,garage,normal
09-03-2025 19:57,S2,door,CLOSED,kitchen,normal
09-03-2025 19:58,S15,window,CLOSED,backyard,normal
09-03-2025 20:01,S18,window,CLOSED,front_door,normal
09-03-2025 20:01,S20,motion,ON,bathroom,normal
09-03-2025 20:03,S18,window,OPEN,front_door,normal
09-03-2025 20:05,S4,camera,TRIGGERED,living_room,normal
09-03-2025 20:06,S1,window,CLOSED,kitchen,normal
09-03-2025 20:06,S22,glass_break,DETECTED,backyard,anomaly
09-03-2025 20:07,S18,camera,IDLE,front_door,normal
09-03-2025 20:08,S50,window,CLOSED,garage,normal
09-03-2025 20:08,S25,glass_break,DETECTED,living_room,anomaly
09-03-2025 20:09,S39,motion,OFF,front_door,normal
09-03-2025 20:15,S50,window,OPEN,bathroom,normal
09-03-2025 20:16,S34,temperature,16,garage,normal
09-03-2025 20:17,S39,glass_break,DETECTED,front_door,anomaly
09-03-2025 20:17,S39,motion,ON,backyard,normal
09-03-2025 20:19,S41,motion,ON,backyard,normal
09-03-2025 20:20,S14,door,OPEN,backyard,normal
09-03-2025 20:22,S1,glass_break,DETECTED,bathroom,anomaly
09-03-2025 20:22,S34,window,OPEN,bathroom,normal
09-03-2025 20:23,S34,window,CLOSED,garage,normal
09-03-2025 20:25,S32,temperature,24,bedroom,normal
09-03-2025 20:28,S6,door,OPEN,kitchen,normal
09-03-2025 20:30,S16,glass_break,DETECTED,bathroom,anomaly
09-03-2025 20:30,S19,glass_break,NONE,garage,normal
09-03-2025 20:31,S39,temperature,25,kitchen,normal
09-03-2025 20:31,S23,temperature,30,living_room,normal
09-03-2025 20:31,S33,window,OPEN,kitchen,normal
09-03-2025 20:32,S48,temperature,30,bedroom,normal
09-03-2025 20:34,S40,motion,ON,bathroom,normal
09-03-2025 20:37,S6,door,OPEN,front_door,normal
09-03-2025 20:37,S3,door,OPEN,garage,normal
09-03-2025 20:39,S5,door,OPEN,front_door,normal
09-03-2025 20:39,S6,motion,OFF,bedroom,normal
09-03-2025 20:41,S7,glass_break,NONE,backyard,normal
09-03-2025 20:42,S10,motion,OFF,garage,normal
09-03-2025 20:44,S3,camera,TRIGGERED,living_room,normal
09-03-2025 20:44,S15,temperature,28,backyard,normal
09-03-2025 20:46,S28,glass_break,DETECTED,garage,anomaly
09-03-2025 20:46,S36,window,CLOSED,garage,normal
09-03-2025 20:46,S16,motion,OFF,garage,normal
09-03-2025 20:47,S20,window,CLOSED,kitchen,normal
09-03-2025 20:48,S42,glass_break,DETECTED,kitchen,anomaly
09-03-2025 20:48,S33,motion,OFF,garage,normal
09-03-2025 20:49,S27,window,CLOSED,backyard,normal
09-03-2025 20:49,S50,glass_break,NONE,backyard,normal
09-03-2025 20:52,S40,door,CLOSED,bedroom,normal
09-03-2025 20:52,S46,window,OPEN,garage,normal
09-03-2025 20:55,S39,door,CLOSED,front_door,normal
09-03-2025 20:56,S7,window,OPEN,bedroom,normal
09-03-2025 20:57,S10,glass_break,DETECTED,front_door,anomaly
09-03-2025 20:57,S32,glass_break,DETECTED,bedroom,anomaly
09-03-2025 20:59,S20,motion,ON,bathroom,normal
09-03-2025 20:59,S2,motion,OFF,backyard,normal
09-03-2025 21:01,S34,glass_break,DETECTED,bedroom,anomaly
09-03-2025 21:01,S49,camera,IDLE,living_room,normal
09-03-2025 21:02,S36,camera,TRIGGERED,garage,normal
09-03-2025 21:03,S3,door,OPEN,backyard,normal
09-03-2025 21:05,S4,temperature,18,living_room,normal
09-03-2025 21:07,S12,camera,IDLE,garage,normal
09-03-2025 21:07,S45,motion,OFF,bedroom,normal
09-03-2025 21:09,S49,camera,TRIGGERED,front_door,normal
09-03-2025 21:09,S34,camera,TRIGGERED,bathroom,normal
09-03-2025 21:09,S21,camera,IDLE,backyard,normal
09-03-2025 21:12,S26,door,CLOSED,kitchen,normal
09-03-2025 21:13,S16,glass_break,NONE,bathroom,normal
09-03-2025 21:14,S16,window,CLOSED,living_room,normal
09-03-2025 21:14,S7,window,OPEN,bedroom,normal
09-03-2025 21:15,S43,glass_break,NONE,garage,normal
09-03-2025 21:15,S37,window,CLOSED,bathroom,normal
09-03-2025 21:17,S47,motion,ON,garage,normal
09-03-2025 21:17,S40,camera,TRIGGERED,front_door,normal
09-03-2025 21:18,S39,window,CLOSED,living_room,normal
09-03-2025 21:18,S1,temperature,21,bathroom,normal
09-03-2025 21:21,S36,door,CLOSED,kitchen,normal
09-03-2025 21:21,S38,motion,OFF,backyard,normal
09-03-2025 21:22,S43,motion,ON,living_room,normal
09-03-2025 21:24,S22,glass_break,DETECTED,front_door,anomaly
09-03-2025 21:28,S25,window,OPEN,front_door,normal
09-03-2025 21:29,S21,glass_break,DETECTED,garage,anomaly
09-03-2025 21:30,S45,window,OPEN,backyard,normal
09-03-2025 21:30,S5,door,OPEN,backyard,normal
09-03-2025 21:31,S49,camera,IDLE,bathroom,normal
09-03-2025 21:32,S7,camera,IDLE,kitchen,normal
09-03-2025 21:32,S11,motion,OFF,backyard,normal
09-03-2025 21:32,S13,door,CLOSED,kitchen,normal
09-03-2025 21:33,S46,temperature,21,kitchen,normal
09-03-2025 21:33,S31,window,CLOSED,bedroom,normal
09-03-2025 21:33,S47,motion,OFF,bedroom,normal
09-03-2025 21:33,S29,window,CLOSED,bathroom,normal
09-03-2025 21:34,S3,window,CLOSED,bedroom,normal
09-03-2025 21:34,S21,glass_break,NONE,backyard,normal
09-03-2025 21:36,S26,window,CLOSED,backyard,normal
09-03-2025 21:39,S11,window,OPEN,living_room,normal
09-03-2025 21:41,S5,window,CLOSED,bedroom,normal
09-03-2025 21:43,S31,camera,TRIGGERED,bathroom,normal
09-03-2025 21:45,S24,temperature,16,backyard,normal
09-03-2025 21:47,S7,door,CLOSED,garage,normal
09-03-2025 21:47,S45,door,OPEN,living_room,normal
09-03-2025 21:48,S35,temperature,27,kitchen,normal
09-03-2025 21:49,S44,motion,OFF,bathroom,normal
09-03-2025 21:50,S25,motion,OFF,bathroom,normal
09-03-2025 21:50,S17,door,OPEN,kitchen,normal
09-03-2025 21:50,S44,temperature,18,living_room,normal
09-03-2025 21:51,S9,motion,OFF,bathroom,normal
09-03-2025 21:51,S41,glass_break,DETECTED,bathroom,anomaly
09-03-2025 21:51,S25,temperature,19,backyard,normal
09-03-2025 21:52,S21,door,OPEN,bedroom,normal
09-03-2025 21:52,S14,window,CLOSED,kitchen,normal
09-03-2025 21:52,S50,temperature,24,front_door,normal
09-03-2025 21:52,S19,temperature,24,bedroom,normal
09-03-2025 21:56,S37,window,OPEN,living_room,normal
09-03-2025 21:56,S6,window,CLOSED,kitchen,normal
09-03-2025 21:57,S45,window,CLOSED,garage,normal
09-03-2025 21:57,S27,window,CLOSED,garage,normal
09-03-2025 21:58,S49,motion,OFF,living_room,normal
09-03-2025 21:59,S6,camera,TRIGGERED,living_room,normal
09-03-2025 21:59,S15,window,OPEN,backyard,normal
09-03-2025 22:02,S15,window,CLOSED,backyard,normal
09-03-2025 22:03,S24,glass_break,NONE,backyard,normal
09-03-2025 22:04,S34,window,OPEN,front_door,normal
09-03-2025 22:05,S37,camera,TRIGGERED,front_door,normal
09-03-2025 22:05,S24,temperature,16,living_room,normal
09-03-2025 22:06,S16,window,CLOSED,bathroom,normal
09-03-2025 22:09,S5,door,CLOSED,kitchen,normal
09-03-2025 22:10,S35,camera,TRIGGERED,kitchen,normal
09-03-2025 22:11,S12,window,OPEN,garage,normal
09-03-2025 22:13,S18,glass_break,DETECTED,kitchen,anomaly
09-03-2025 22:14,S42,glass_break,NONE,backyard,normal
09-03-2025 22:14,S15,door,OPEN,backyard,normal
09-03-2025 22:15,S42,camera,IDLE,living_room,normal
09-03-2025 22:15,S6,door,OPEN,garage,normal
09-03-2025 22:16,S46,door,CLOSED,backyard,normal
09-03-2025 22:17,S28,door,OPEN,kitchen,normal
09-03-2025 22:18,S31,door,OPEN,backyard,normal
09-03-2025 22:19,S9,door,OPEN,garage,normal
09-03-2025 22:21,S38,glass_break,DETECTED,backyard,anomaly
09-03-2025 22:23,S50,window,CLOSED,living_room,normal
09-03-2025 22:23,S26,camera,TRIGGERED,backyard,normal
09-03-2025 22:25,S33,window,CLOSED,front_door,normal
09-03-2025 22:25,S1,motion,ON,bathroom,normal
09-03-2025 22:27,S20,camera,TRIGGERED,bedroom,normal
09-03-2025 22:27,S44,glass_break,DETECTED,living_room,anomaly
09-03-2025 22:31,S10,motion,ON,garage,normal
09-03-2025 22:32,S29,camera,TRIGGERED,bedroom,normal
09-03-2025 22:34,S32,camera,TRIGGERED,backyard,normal
09-03-2025 22:35,S21,glass_break,DETECTED,bedroom,anomaly
09-03-2025 22:38,S9,camera,IDLE,garage,normal
09-03-2025 22:39,S8,door,CLOSED,backyard,normal
09-03-2025 22:39,S20,camera,TRIGGERED,kitchen,normal
09-03-2025 22:39,S41,door,CLOSED,garage,normal
09-03-2025 22:41,S33,motion,OFF,garage,normal
09-03-2025 22:42,S50,camera,IDLE,kitchen,normal
09-03-2025 22:44,S36,door,OPEN,garage,normal
09-03-2025 22:44,S29,door,OPEN,kitchen,normal
09-03-2025 22:44,S8,glass_break,DETECTED,garage,anomaly
09-03-2025 22:45,S21,motion,OFF,kitchen,normal
09-03-2025 22:46,S40,door,CLOSED,backyard,normal
09-03-2025 22:47,S43,glass_break,DETECTED,garage,anomaly
09-03-2025 22:47,S8,temperature,24,bathroom,normal
09-03-2025 22:48,S25,camera,IDLE,living_room,normal
09-03-2025 22:48,S49,temperature,27,living_room,normal
09-03-2025 22:49,S16,motion,OFF,living_room,normal
09-03-2025 22:49,S49,window,CLOSED,garage,normal
09-03-2025 22:49,S34,door,OPEN,kitchen,normal
09-03-2025 22:50,S35,camera,TRIGGERED,kitchen,normal
09-03-2025 22:50,S42,temperature,16,front_door,normal
09-03-2025 22:51,S30,door,OPEN,garage,normal
09-03-2025 22:53,S39,motion,OFF,backyard,normal
09-03-2025 22:53,S31,camera,IDLE,bathroom,normal
09-03-2025 22:54,S14,camera,IDLE,front_door,normal
09-03-2025 22:55,S39,camera,TRIGGERED,front_door,normal
09-03-2025 22:55,S4,camera,TRIGGERED,bedroom,normal
09-03-2025 22:55,S22,door,CLOSED,garage,normal
09-03-2025 23:01,S47,temperature,23,bedroom,normal
09-03-2025 23:02,S38,camera,TRIGGERED,bathroom,normal
09-03-2025 23:03,S3,temperature,25,garage,normal
09-03-2025 23:04,S4,motion,OFF,bedroom,anomaly
09-03-2025 23:05,S39,motion,OFF,bathroom,anomaly
09-03-2025 23:05,S43,door,OPEN,bathroom,normal
09-03-2025 23:07,S17,temperature,26,garage,normal
09-03-2025 23:07,S34,glass_break,DETECTED,kitchen,anomaly
09-03-2025 23:08,S50,window,OPEN,backyard,normal
09-03-2025 23:08,S35,glass_break,NONE,backyard,normal
09-03-2025 23:08,S20,door,OPEN,bathroom,normal
09-03-2025 23:08,S17,camera,IDLE,garage,normal
09-03-2025 23:10,S50,glass_break,DETECTED,front_door,anomaly
09-03-2025 23:11,S1,window,CLOSED,backyard,normal
09-03-2025 23:11,S35,door,OPEN,living_room,normal
09-03-2025 23:14,S15,glass_break,NONE,kitchen,normal
09-03-2025 23:14,S18,motion,ON,living_room,anomaly
09-03-2025 23:15,S34,temperature,30,bedroom,normal
09-03-2025 23:16,S28,temperature,29,front_door,normal
09-03-2025 23:16,S43,glass_break,DETECTED,front_door,anomaly
09-03-2025 23:16,S16,temperature,20,bedroom,normal
09-03-2025 23:21,S48,temperature,15,front_door,normal
09-03-2025 23:21,S6,temperature,23,garage,normal
09-03-2025 23:22,S11,door,CLOSED,bedroom,normal
09-03-2025 23:24,S28,motion,ON,living_room,anomaly
09-03-2025 23:29,S1,door,CLOSED,front_door,normal
09-03-2025 23:31,S22,glass_break,DETECTED,backyard,anomaly
09-03-2025 23:31,S1,temperature,28,bathroom,normal
09-03-2025 23:31,S22,temperature,16,bedroom,normal
09-03-2025 23:33,S26,glass_break,NONE,kitchen,normal
09-03-2025 23:34,S39,window,OPEN,bedroom,normal
09-03-2025 23:34,S15,glass_break,NONE,bathroom,normal
09-03-2025 23:40,S14,camera,IDLE,bathroom,normal
09-03-2025 23:41,S36,motion,OFF,backyard,anomaly
09-03-2025 23:41,S29,camera,TRIGGERED,bathroom,normal
09-03-2025 23:41,S49,motion,ON,bathroom,anomaly
09-03-2025 23:42,S34,camera,IDLE,garage,normal
09-03-2025 23:42,S4,door,CLOSED,kitchen,normal
09-03-2025 23:42,S19,motion,OFF,kitchen,anomaly
09-03-2025 23:44,S28,temperature,17,backyard,normal
09-03-2025 23:44,S40,motion,ON,kitchen,anomaly
09-03-2025 23:45,S26,motion,OFF,kitchen,anomaly
09-03-2025 23:46,S2,glass_break,NONE,bedroom,normal
09-03-2025 23:47,S7,temperature,27,backyard,normal
09-03-2025 23:49,S43,window,OPEN,front_door,normal
09-03-2025 23:50,S3,camera,TRIGGERED,front_door,normal
09-03-2025 23:50,S30,motion,ON,living_room,anomaly
09-03-2025 23:51,S47,door,CLOSED,kitchen,normal
09-03-2025 23:52,S37,temperature,26,garage,normal
09-03-2025 23:54,S34,door,OPEN,bedroom,normal
09-03-2025 23:54,S38,window,OPEN,kitchen,normal
09-03-2025 23:55,S32,door,CLOSED,kitchen,normal
09-03-2025 23:55,S10,glass_break,NONE,garage,normal
09-03-2025 23:56,S34,glass_break,NONE,kitchen,normal
09-03-2025 23:58,S45,camera,TRIGGERED,garage,normal
10-03-2025 00:00,S41,glass_break,DETECTED,living_room,anomaly
10-03-2025 00:01,S33,glass_break,DETECTED,bathroom,anomaly
10-03-2025 00:01,S35,temperature,18,bedroom,normal
10-03-2025 00:02,S39,door,OPEN,bedroom,normal
10-03-2025 00:02,S18,camera,TRIGGERED,living_room,normal
10-03-2025 00:02,S45,door,CLOSED,front_door,normal
10-03-2025 00:02,S5,camera,IDLE,kitchen,normal
10-03-2025 00:03,S29,door,OPEN,bathroom,normal
10-03-2025 00:03,S5,temperature,24,backyard,normal
10-03-2025 00:04,S34,camera,TRIGGERED,backyard,normal
10-03-2025 00:04,S5,motion,ON,living_room,anomaly
10-03-2025 00:05,S25,motion,ON,bathroom,anomaly
10-03-2025 00:07,S46,camera,TRIGGERED,front_door,normal
10-03-2025 00:07,S23,motion,ON,kitchen,anomaly
10-03-2025 00:08,S18,camera,TRIGGERED,living_room,normal
10-03-2025 00:08,S5,glass_break,DETECTED,bathroom,anomaly
10-03-2025 00:08,S2,temperature,28,living_room,normal
10-03-2025 00:08,S15,camera,IDLE,kitchen,normal
10-03-2025 00:09,S28,temperature,30,bathroom,normal
10-03-2025 00:12,S49,temperature,27,bathroom,normal
10-03-2025 00:12,S21,temperature,23,living_room,normal
10-03-2025 00:13,S7,motion,OFF,kitchen,anomaly
10-03-2025 00:13,S32,door,OPEN,bedroom,normal
10-03-2025 00:15,S19,camera,TRIGGERED,living_room,normal
10-03-2025 00:15,S41,camera,IDLE,garage,normal
10-03-2025 00:16,S11,temperature,26,front_door,normal
10-03-2025 00:19,S13,window,CLOSED,backyard,normal
10-03-2025 00:21,S30,door,OPEN,bedroom,normal
10-03-2025 00:22,S25,motion,OFF,bedroom,anomaly
10-03-2025 00:28,S20,camera,TRIGGERED,living_room,normal
10-03-2025 00:29,S46,door,OPEN,bedroom,normal
10-03-2025 00:29,S29,window,CLOSED,front_door,normal
10-03-2025 00:30,S49,door,OPEN,kitchen,normal
10-03-2025 00:32,S19,motion,OFF,bathroom,anomaly
10-03-2025 00:34,S16,temperature,30,living_room,normal
10-03-2025 00:34,S13,glass_break,NONE,front_door,normal
10-03-2025 00:34,S40,motion,ON,front_door,anomaly
10-03-2025 00:36,S33,motion,OFF,living_room,anomaly
10-03-2025 00:37,S6,window,CLOSED,garage,normal
10-03-2025 00:38,S25,window,OPEN,living_room,normal
10-03-2025 00:38,S47,temperature,29,living_room,normal
10-03-2025 00:40,S15,window,OPEN,bedroom,normal
10-03-2025 00:40,S7,motion,ON,garage,anomaly
10-03-2025 00:40,S49,motion,ON,kitchen,anomaly
10-03-2025 00:41,S34,window,CLOSED,kitchen,normal
10-03-2025 00:44,S17,camera,TRIGGERED,garage,normal
10-03-2025 00:45,S41,temperature,15,living_room,normal
10-03-2025 00:46,S12,camera,TRIGGERED,bathroom,normal
10-03-2025 00:46,S6,camera,TRIGGERED,front_door,normal
10-03-2025 00:47,S13,glass_break,DETECTED,living_room,anomaly
10-03-2025 00:47,S11,temperature,16,bedroom,normal
10-03-2025 00:50,S24,door,CLOSED,kitchen,normal
10-03-2025 00:50,S1,window,CLOSED,backyard,normal
10-03-2025 00:52,S14,temperature,15,bathroom,normal
10-03-2025 00:54,S40,temperature,23,garage,normal
10-03-2025 00:54,S20,temperature,21,bedroom,normal
10-03-2025 00:55,S36,window,OPEN,kitchen,normal
10-03-2025 00:55,S38,door,CLOSED,bathroom,normal
10-03-2025 00:56,S15,window,OPEN,backyard,normal
10-03-2025 01:00,S39,glass_break,DETECTED,bathroom,anomaly
10-03-2025 01:01,S15,window,OPEN,backyard,normal
10-03-2025 01:01,S27,motion,OFF,living_room,anomaly
10-03-2025 01:02,S14,temperature,16,backyard,normal
10-03-2025 01:05,S22,temperature,27,bathroom,normal
10-03-2025 01:05,S41,temperature,16,bedroom,normal
10-03-2025 01:05,S22,window,CLOSED,backyard,normal
10-03-2025 01:05,S43,camera,IDLE,backyard,normal
10-03-2025 01:05,S49,window,CLOSED,living_room,normal
10-03-2025 01:08,S21,motion,ON,backyard,anomaly
10-03-2025 01:08,S4,window,OPEN,front_door,normal
10-03-2025 01:09,S22,temperature,15,garage,normal
10-03-2025 01:09,S28,motion,ON,front_door,anomaly
10-03-2025 01:10,S3,door,CLOSED,living_room,normal
10-03-2025 01:10,S18,glass_break,DETECTED,backyard,anomaly
10-03-2025 01:12,S28,door,OPEN,front_door,normal
10-03-2025 01:12,S20,camera,TRIGGERED,living_room,normal
10-03-2025 01:12,S25,motion,ON,garage,anomaly
10-03-2025 01:12,S27,motion,OFF,backyard,anomaly
10-03-2025 01:14,S1,temperature,21,front_door,normal
10-03-2025 01:14,S19,window,OPEN,front_door,normal
10-03-2025 01:15,S11,temperature,17,kitchen,normal
10-03-2025 01:15,S35,temperature,16,living_room,normal
10-03-2025 01:16,S2,camera,TRIGGERED,bedroom,normal
10-03-2025 01:17,S34,motion,ON,backyard,anomaly
10-03-2025 01:19,S20,temperature,18,bathroom,normal
10-03-2025 01:22,S31,motion,ON,bathroom,anomaly
10-03-2025 01:22,S6,motion,ON,living_room,anomaly
10-03-2025 01:23,S13,camera,TRIGGERED,garage,normal
10-03-2025 01:24,S29,door,CLOSED,bedroom,normal
10-03-2025 01:26,S23,door,OPEN,living_room,normal
10-03-2025 01:26,S30,window,CLOSED,kitchen,normal
10-03-2025 01:26,S12,door,CLOSED,garage,normal
10-03-2025 01:27,S6,temperature,18,living_room,normal
10-03-2025 01:28,S4,door,CLOSED,front_door,normal
10-03-2025 01:30,S29,motion,ON,living_room,anomaly
10-03-2025 01:31,S36,motion,ON,front_door,anomaly
10-03-2025 01:33,S8,door,CLOSED,bedroom,normal
10-03-2025 01:33,S12,temperature,28,bedroom,normal
10-03-2025 01:34,S43,door,OPEN,kitchen,normal
10-03-2025 01:36,S42,temperature,24,living_room,normal
10-03-2025 01:36,S46,temperature,18,living_room,normal
10-03-2025 01:36,S9,camera,IDLE,bathroom,normal
10-03-2025 01:41,S11,door,OPEN,bedroom,normal
10-03-2025 01:44,S32,temperature,28,bedroom,normal
10-03-2025 01:44,S48,window,CLOSED,living_room,normal
10-03-2025 01:45,S13,motion,ON,bedroom,anomaly
10-03-2025 01:46,S24,glass_break,DETECTED,kitchen,anomaly
10-03-2025 01:46,S36,camera,TRIGGERED,front_door,normal
10-03-2025 01:47,S13,glass_break,NONE,bedroom,normal
10-03-2025 01:48,S14,glass_break,NONE,front_door,normal
10-03-2025 01:48,S28,door,OPEN,backyard,normal
10-03-2025 01:49,S5,door,CLOSED,backyard,normal
10-03-2025 01:49,S8,motion,OFF,garage,anomaly
10-03-2025 01:51,S9,glass_break,DETECTED,bedroom,anomaly
10-03-2025 01:51,S7,door,OPEN,living_room,normal
10-03-2025 01:52,S45,camera,TRIGGERED,bedroom,normal
10-03-2025 01:52,S19,temperature,30,front_door,normal
10-03-2025 01:54,S39,door,OPEN,bedroom,normal
10-03-2025 01:55,S21,glass_break,NONE,living_room,normal
10-03-2025 01:55,S48,camera,TRIGGERED,bathroom,normal
10-03-2025 01:55,S27,window,CLOSED,kitchen,normal
10-03-2025 01:57,S23,glass_break,NONE,backyard,normal
10-03-2025 01:57,S26,temperature,29,kitchen,normal
10-03-2025 01:57,S9,temperature,17,backyard,normal
10-03-2025 01:59,S14,motion,ON,bedroom,anomaly
10-03-2025 02:01,S34,window,OPEN,bedroom,normal
10-03-2025 02:02,S32,glass_break,NONE,living_room,normal
10-03-2025 02:03,S8,window,OPEN,garage,normal
10-03-2025 02:03,S30,glass_break,NONE,living_room,normal
10-03-2025 02:04,S35,camera,TRIGGERED,backyard,normal
10-03-2025 02:04,S9,motion,ON,front_door,anomaly
10-03-2025 02:05,S34,temperature,27,garage,normal
10-03-2025 02:06,S34,motion,OFF,backyard,anomaly
10-03-2025 02:06,S37,motion,ON,bedroom,anomaly
10-03-2025 02:08,S28,temperature,30,backyard,normal
10-03-2025 02:09,S43,glass_break,NONE,front_door,normal
10-03-2025 02:12,S21,temperature,17,bathroom,normal
10-03-2025 02:13,S34,temperature,20,kitchen,normal
10-03-2025 02:13,S7,motion,ON,bathroom,anomaly
10-03-2025 02:14,S9,motion,OFF,garage,anomaly
10-03-2025 02:14,S4,temperature,16,bathroom,normal
10-03-2025 02:15,S3,door,OPEN,living_room,normal
10-03-2025 02:17,S25,window,OPEN,living_room,normal
10-03-2025 02:18,S25,glass_break,NONE,living_room,normal
10-03-2025 02:18,S8,door,OPEN,garage,normal
10-03-2025 02:21,S40,window,OPEN,bathroom,normal
10-03-2025 02:22,S9,motion,ON,backyard,anomaly
10-03-2025 02:22,S12,window,CLOSED,backyard,normal
10-03-2025 02:23,S17,window,OPEN,backyard,normal
10-03-2025 02:24,S11,temperature,17,bedroom,normal
10-03-2025 02:26,S19,door,OPEN,bathroom,normal
10-03-2025 02:28,S8,glass_break,NONE,living_room,normal
10-03-2025 02:28,S49,camera,TRIGGERED,front_door,normal
10-03-2025 02:29,S4,door,OPEN,bedroom,normal
10-03-2025 02:33,S37,window,OPEN,bedroom,normal
10-03-2025 02:35,S47,temperature,21,front_door,normal
10-03-2025 02:35,S13,temperature,22,garage,normal
10-03-2025 02:36,S27,window,OPEN,bedroom,normal
10-03-2025 02:37,S19,window,CLOSED,front_door,normal
10-03-2025 02:37,S20,temperature,25,bedroom,normal
10-03-2025 02:38,S5,temperature,15,garage,normal
10-03-2025 02:38,S1,glass_break,NONE,kitchen,normal
10-03-2025 02:40,S20,door,CLOSED,kitchen,normal
10-03-2025 02:41,S16,motion,OFF,bathroom,anomaly
10-03-2025 02:42,S22,camera,IDLE,backyard,normal
10-03-2025 02:43,S25,window,CLOSED,bathroom,normal
10-03-2025 02:43,S9,motion,ON,front_door,anomaly
10-03-2025 02:44,S9,motion,OFF,bathroom,anomaly
10-03-2025 02:44,S19,window,CLOSED,garage,normal
10-03-2025 02:45,S10,glass_break,NONE,bedroom,normal
10-03-2025 02:45,S43,window,CLOSED,backyard,normal
10-03-2025 02:45,S6,camera,IDLE,garage,normal
10-03-2025 02:50,S4,motion,ON,living_room,anomaly
10-03-2025 02:52,S30,camera,TRIGGERED,bathroom,normal
10-03-2025 02:55,S14,temperature,27,kitchen,normal
10-03-2025 02:56,S50,motion,ON,kitchen,anomaly
10-03-2025 02:57,S4,camera,TRIGGERED,front_door,normal
10-03-2025 02:58,S38,camera,TRIGGERED,bedroom,normal
10-03-2025 03:00,S19,motion,ON,backyard,anomaly
10-03-2025 03:01,S41,glass_break,DETECTED,front_door,anomaly
10-03-2025 03:02,S40,glass_break,DETECTED,front_door,anomaly
10-03-2025 03:04,S35,glass_break,DETECTED,kitchen,anomaly
10-03-2025 03:04,S2,motion,OFF,backyard,anomaly
10-03-2025 03:05,S34,camera,TRIGGERED,kitchen,normal
10-03-2025 03:05,S15,door,CLOSED,front_door,normal
10-03-2025 03:06,S17,glass_break,NONE,living_room,normal
10-03-2025 03:08,S25,glass_break,NONE,bedroom,normal
10-03-2025 03:09,S36,motion,ON,backyard,anomaly
10-03-2025 03:10,S38,door,CLOSED,bathroom,normal
10-03-2025 03:11,S40,door,OPEN,garage,normal
10-03-2025 03:11,S12,window,OPEN,front_door,normal
10-03-2025 03:11,S22,temperature,24,bedroom,normal
10-03-2025 03:15,S2,camera,IDLE,bedroom,normal
10-03-2025 03:15,S38,glass_break,DETECTED,living_room,anomaly
10-03-2025 03:16,S32,glass_break,DETECTED,backyard,anomaly
10-03-2025 03:17,S15,glass_break,NONE,bedroom,normal
10-03-2025 03:18,S15,camera,IDLE,bathroom,normal
10-03-2025 03:21,S37,window,CLOSED,living_room,normal
10-03-2025 03:21,S9,window,OPEN,garage,normal
10-03-2025 03:22,S39,temperature,24,backyard,normal
10-03-2025 03:23,S19,temperature,23,bedroom,normal
10-03-2025 03:28,S5,temperature,30,bathroom,normal
10-03-2025 03:32,S20,camera,TRIGGERED,backyard,normal
10-03-2025 03:34,S4,camera,IDLE,backyard,normal
10-03-2025 03:35,S8,glass_break,DETECTED,garage,anomaly
10-03-2025 03:36,S33,temperature,28,bathroom,normal
10-03-2025 03:37,S1,motion,ON,living_room,anomaly
10-03-2025 03:37,S36,camera,TRIGGERED,living_room,normal
10-03-2025 03:38,S49,temperature,23,garage,normal
10-03-2025 03:39,S43,glass_break,NONE,bedroom,normal
10-03-2025 03:39,S44,window,OPEN,kitchen,normal
10-03-2025 03:39,S26,window,OPEN,front_door,normal
10-03-2025 03:41,S36,door,OPEN,front_door,normal
10-03-2025 03:43,S32,motion,ON,front_door,anomaly
10-03-2025 03:43,S10,temperature,22,bathroom,normal
10-03-2025 03:44,S6,door,CLOSED,garage,normal
10-03-2025 03:46,S8,window,CLOSED,front_door,normal
10-03-2025 03:47,S19,door,CLOSED,front_door,normal
10-03-2025 03:50,S39,door,OPEN,backyard,normal
10-03-2025 03:50,S16,window,OPEN,front_door,normal
10-03-2025 03:51,S24,window,CLOSED,backyard,normal
10-03-2025 03:53,S6,glass_break,DETECTED,backyard,anomaly
10-03-2025 03:53,S35,glass_break,DETECTED,living_room,anomaly
10-03-2025 03:56,S33,glass_break,DETECTED,bathroom,anomaly
10-03-2025 03:57,S6,motion,ON,kitchen,anomaly
10-03-2025 04:00,S26,temperature,26,garage,normal
10-03-2025 04:04,S15,motion,OFF,front_door,anomaly
10-03-2025 04:04,S20,motion,OFF,backyard,anomaly
10-03-2025 04:08,S37,motion,OFF,backyard,anomaly
10-03-2025 04:08,S47,window,CLOSED,bedroom,normal
10-03-2025 04:09,S3,window,CLOSED,bathroom,normal
10-03-2025 04:10,S32,window,OPEN,bathroom,normal
10-03-2025 04:13,S39,motion,OFF,bathroom,anomaly
10-03-2025 04:14,S5,door,CLOSED,bedroom,normal
10-03-2025 04:15,S9,door,OPEN,bathroom,normal
10-03-2025 04:20,S21,glass_break,NONE,kitchen,normal
10-03-2025 04:21,S11,door,CLOSED,bedroom,normal
10-03-2025 04:21,S21,glass_break,NONE,front_door,normal
10-03-2025 04:22,S21,motion,ON,garage,anomaly
10-03-2025 04:22,S16,motion,OFF,bedroom,anomaly
10-03-2025 04:22,S35,glass_break,DETECTED,garage,anomaly
10-03-2025 04:23,S45,temperature,29,bathroom,normal
10-03-2025 04:23,S46,temperature,25,front_door,normal
10-03-2025 04:23,S12,glass_break,NONE,bedroom,normal
10-03-2025 04:24,S31,window,CLOSED,backyard,normal
10-03-2025 04:26,S24,motion,ON,kitchen,anomaly
10-03-2025 04:30,S25,glass_break,NONE,front_door,normal
10-03-2025 04:31,S14,glass_break,DETECTED,living_room,anomaly
10-03-2025 04:32,S36,window,OPEN,kitchen,normal
10-03-2025 04:33,S33,glass_break,NONE,living_room,normal
10-03-2025 04:34,S1,motion,ON,backyard,anomaly
10-03-2025 04:36,S18,glass_break,DETECTED,kitchen,anomaly
10-03-2025 04:37,S22,door,CLOSED,backyard,normal
10-03-2025 04:38,S25,camera,TRIGGERED,kitchen,normal
10-03-2025 04:39,S12,window,OPEN,kitchen,normal
10-03-2025 04:41,S44,temperature,23,kitchen,normal
10-03-2025 04:43,S30,camera,IDLE,front_door,normal
10-03-2025 04:43,S46,door,CLOSED,kitchen,normal
10-03-2025 04:43,S6,camera,TRIGGERED,kitchen,normal
10-03-2025 04:44,S10,temperature,30,garage,normal
10-03-2025 04:45,S22,motion,OFF,kitchen,anomaly
10-03-2025 04:46,S29,temperature,23,bathroom,normal
10-03-2025 04:47,S17,camera,IDLE,backyard,normal
10-03-2025 04:48,S41,temperature,20,living_room,normal
10-03-2025 04:48,S16,window,OPEN,living_room,normal
10-03-2025 04:48,S37,motion,OFF,bedroom,anomaly
10-03-2025 04:50,S7,motion,ON,garage,anomaly
10-03-2025 04:50,S20,motion,ON,bathroom,anomaly
10-03-2025 04:50,S4,temperature,29,kitchen,normal
10-03-2025 04:51,S46,camera,TRIGGERED,living_room,normal
10-03-2025 04:53,S7,temperature,24,bathroom,normal
10-03-2025 04:54,S12,window,OPEN,bathroom,normal
10-03-2025 04:54,S12,motion,ON,front_door,anomaly
10-03-2025 04:54,S21,motion,OFF,backyard,anomaly
10-03-2025 04:55,S41,temperature,23,kitchen,normal
10-03-2025 04:56,S34,camera,IDLE,living_room,normal
10-03-2025 04:56,S36,camera,IDLE,garage,normal
10-03-2025 04:56,S3,camera,IDLE,kitchen,normal
10-03-2025 04:56,S27,glass_break,NONE,living_room,normal
10-03-2025 04:56,S43,temperature,26,kitchen,normal
10-03-2025 04:57,S15,motion,ON,living_room,anomaly
10-03-2025 04:58,S24,temperature,16,garage,normal
10-03-2025 04:59,S2,camera,TRIGGERED,bedroom,normal
10-03-2025 04:59,S20,temperature,29,kitchen,normal
10-03-2025 05:00,S39,glass_break,NONE,kitchen,normal
10-03-2025 05:01,S8,camera,TRIGGERED,garage,normal
10-03-2025 05:01,S8,temperature,21,living_room,normal
10-03-2025 05:02,S7,camera,TRIGGERED,garage,normal
10-03-2025 05:02,S44,door,OPEN,bathroom,normal
10-03-2025 05:03,S14,window,OPEN,front_door,normal
10-03-2025 05:03,S29,door,OPEN,garage,normal
10-03-2025 05:03,S39,motion,OFF,bedroom,anomaly
10-03-2025 05:04,S40,motion,OFF,backyard,anomaly
10-03-2025 05:05,S21,camera,TRIGGERED,bathroom,normal
10-03-2025 05:05,S28,motion,OFF,backyard,anomaly
10-03-2025 05:06,S13,camera,TRIGGERED,bathroom,normal
10-03-2025 05:06,S48,temperature,26,kitchen,normal
10-03-2025 05:07,S29,door,OPEN,bedroom,normal
10-03-2025 05:08,S37,window,CLOSED,garage,normal
10-03-2025 05:09,S16,motion,OFF,garage,anomaly
10-03-2025 05:10,S46,temperature,21,front_door,normal
10-03-2025 05:10,S43,motion,OFF,kitchen,anomaly
10-03-2025 05:10,S50,window,CLOSED,bathroom,normal
10-03-2025 05:11,S19,window,CLOSED,garage,normal
10-03-2025 05:12,S32,glass_break,DETECTED,front_door,anomaly
10-03-2025 05:15,S43,temperature,16,garage,normal
10-03-2025 05:16,S40,door,CLOSED,backyard,normal
10-03-2025 05:17,S47,door,OPEN,backyard,normal
10-03-2025 05:18,S30,door,CLOSED,kitchen,normal
10-03-2025 05:18,S19,temperature,18,bedroom,normal
10-03-2025 05:18,S24,door,OPEN,living_room,normal
10-03-2025 05:19,S46,window,OPEN,bathroom,normal
10-03-2025 05:20,S3,door,CLOSED,bedroom,normal
10-03-2025 05:20,S34,glass_break,DETECTED,kitchen,anomaly
10-03-2025 05:20,S20,motion,OFF,garage,anomaly
10-03-2025 05:21,S17,glass_break,DETECTED,bedroom,anomaly
10-03-2025 05:23,S4,temperature,22,kitchen,normal
10-03-2025 05:25,S8,temperature,27,kitchen,normal
10-03-2025 05:28,S36,glass_break,DETECTED,front_door,anomaly
10-03-2025 05:31,S3,window,CLOSED,bathroom,normal
10-03-2025 05:34,S11,motion,OFF,backyard,anomaly
10-03-2025 05:34,S10,glass_break,NONE,bathroom,normal
10-03-2025 05:35,S28,camera,IDLE,bedroom,normal
10-03-2025 05:35,S43,temperature,15,bedroom,normal
10-03-2025 05:38,S17,temperature,20,kitchen,normal
10-03-2025 05:39,S50,glass_break,NONE,bathroom,normal
10-03-2025 05:39,S1,camera,TRIGGERED,kitchen,normal
10-03-2025 05:39,S11,temperature,19,front_door,normal
10-03-2025 05:40,S30,door,OPEN,backyard,normal
10-03-2025 05:41,S39,glass_break,NONE,backyard,normal
10-03-2025 05:41,S19,window,OPEN,bathroom,normal
10-03-2025 05:41,S49,window,OPEN,garage,normal
10-03-2025 05:46,S24,camera,TRIGGERED,kitchen,normal
10-03-2025 05:47,S14,camera,TRIGGERED,bathroom,normal
10-03-2025 05:51,S17,camera,IDLE,kitchen,normal
10-03-2025 05:52,S12,camera,IDLE,bedroom,normal
10-03-2025 05:53,S10,glass_break,NONE,front_door,normal
10-03-2025 05:54,S25,camera,TRIGGERED,front_door,normal
10-03-2025 05:54,S11,motion,ON,kitchen,anomaly
10-03-2025 05:57,S46,motion,OFF,bedroom,anomaly
10-03-2025 05:59,S33,glass_break,DETECTED,kitchen,anomaly
10-03-2025 05:59,S34,door,CLOSED,backyard,normal
10-03-2025 06:01,S34,glass_break,NONE,living_room,normal
10-03-2025 06:04,S10,camera,IDLE,front_door,normal
10-03-2025 06:05,S46,window,CLOSED,garage,normal
10-03-2025 06:06,S26,glass_break,DETECTED,front_door,anomaly
10-03-2025 06:11,S41,motion,ON,bedroom,normal
10-03-2025 06:11,S16,door,CLOSED,bathroom,normal
10-03-2025 06:13,S6,window,OPEN,garage,normal
10-03-2025 06:14,S7,camera,IDLE,backyard,normal
10-03-2025 06:15,S44,glass_break,DETECTED,garage,anomaly
10-03-2025 06:17,S6,motion,ON,bedroom,normal
10-03-2025 06:19,S49,glass_break,DETECTED,front_door,anomaly
10-03-2025 06:20,S34,glass_break,NONE,bedroom,normal
10-03-2025 06:20,S44,window,OPEN,bathroom,normal
10-03-2025 06:21,S3,door,OPEN,living_room,normal
10-03-2025 06:21,S45,motion,OFF,living_room,normal
10-03-2025 06:22,S4,motion,OFF,bathroom,normal
10-03-2025 06:23,S3,motion,OFF,bedroom,normal
10-03-2025 06:23,S10,glass_break,DETECTED,living_room,anomaly
10-03-2025 06:24,S21,glass_break,DETECTED,kitchen,anomaly
10-03-2025 06:25,S15,temperature,18,kitchen,normal
10-03-2025 06:25,S31,glass_break,DETECTED,garage,anomaly
10-03-2025 06:26,S18,temperature,23,kitchen,normal
10-03-2025 06:29,S26,temperature,20,living_room,normal
10-03-2025 06:29,S2,camera,IDLE,kitchen,normal
10-03-2025 06:30,S12,door,CLOSED,backyard,normal
10-03-2025 06:30,S32,camera,IDLE,bedroom,normal
10-03-2025 06:30,S7,glass_break,DETECTED,backyard,anomaly
10-03-2025 06:33,S4,door,OPEN,living_room,normal
10-03-2025 06:34,S9,door,OPEN,kitchen,normal
10-03-2025 06:35,S31,camera,TRIGGERED,kitchen,normal
10-03-2025 06:35,S49,door,CLOSED,kitchen,normal
10-03-2025 06:36,S28,glass_break,NONE,backyard,normal
10-03-2025 06:38,S34,glass_break,NONE,backyard,normal
10-03-2025 06:39,S23,motion,ON,bathroom,normal
10-03-2025 06:39,S50,window,CLOSED,bathroom,normal
10-03-2025 06:40,S24,door,OPEN,living_room,normal
10-03-2025 06:42,S38,camera,TRIGGERED,garage,normal
10-03-2025 06:42,S37,window,CLOSED,bathroom,normal
10-03-2025 06:44,S50,window,OPEN,bedroom,normal
10-03-2025 06:44,S11,temperature,29,bathroom,normal
10-03-2025 06:45,S46,door,CLOSED,front_door,normal
10-03-2025 06:46,S9,door,OPEN,kitchen,normal
10-03-2025 06:47,S29,camera,IDLE,bedroom,normal
10-03-2025 06:48,S5,window,OPEN,front_door,normal
10-03-2025 06:48,S50,glass_break,NONE,garage,normal
10-03-2025 06:48,S2,glass_break,NONE,backyard,normal
10-03-2025 06:49,S31,camera,TRIGGERED,bedroom,normal
10-03-2025 06:50,S11,glass_break,DETECTED,bathroom,anomaly
10-03-2025 06:54,S30,glass_break,DETECTED,backyard,anomaly
10-03-2025 06:55,S14,window,OPEN,backyard,normal
10-03-2025 06:55,S44,camera,IDLE,front_door,normal
10-03-2025 06:56,S14,window,CLOSED,backyard,normal
10-03-2025 07:00,S50,glass_break,DETECTED,living_room,anomaly
10-03-2025 07:00,S35,camera,IDLE,garage,normal
10-03-2025 07:00,S42,temperature,23,living_room,normal
10-03-2025 07:02,S38,motion,OFF,bedroom,normal
10-03-2025 07:02,S16,glass_break,DETECTED,front_door,anomaly
10-03-2025 07:03,S23,temperature,22,bedroom,normal
10-03-2025 07:04,S44,camera,TRIGGERED,garage,normal
10-03-2025 07:05,S32,window,CLOSED,front_door,normal
10-03-2025 07:05,S18,door,CLOSED,garage,normal
10-03-2025 07:08,S27,camera,IDLE,front_door,normal
10-03-2025 07:08,S2,temperature,28,kitchen,normal
10-03-2025 07:11,S24,door,CLOSED,front_door,normal
10-03-2025 07:11,S6,temperature,16,garage,normal
10-03-2025 07:13,S25,window,OPEN,kitchen,normal
10-03-2025 07:15,S29,door,OPEN,front_door,normal
10-03-2025 07:16,S9,camera,IDLE,bathroom,normal
10-03-2025 07:17,S9,motion,ON,backyard,normal
10-03-2025 07:19,S16,camera,IDLE,living_room,normal
10-03-2025 07:19,S5,camera,TRIGGERED,bathroom,normal
10-03-2025 07:20,S29,camera,TRIGGERED,backyard,normal
10-03-2025 07:26,S18,temperature,21,backyard,normal
10-03-2025 07:27,S18,door,CLOSED,front_door,normal
10-03-2025 07:27,S39,motion,OFF,garage,normal
10-03-2025 07:29,S40,temperature,26,garage,normal
10-03-2025 07:31,S24,camera,IDLE,living_room,normal
10-03-2025 07:31,S21,glass_break,NONE,front_door,normal
10-03-2025 07:31,S31,glass_break,NONE,bathroom,normal
10-03-2025 07:33,S37,door,OPEN,bathroom,normal
10-03-2025 07:33,S32,motion,OFF,living_room,normal
10-03-2025 07:34,S8,glass_break,DETECTED,bedroom,anomaly
10-03-2025 07:34,S40,window,CLOSED,living_room,normal
10-03-2025 07:34,S16,temperature,28,backyard,normal
10-03-2025 07:34,S42,motion,ON,backyard,normal
10-03-2025 07:35,S15,door,OPEN,kitchen,normal
10-03-2025 07:35,S23,motion,ON,living_room,normal
10-03-2025 07:39,S49,glass_break,DETECTED,bedroom,anomaly
10-03-2025 07:42,S30,door,OPEN,backyard,normal
10-03-2025 07:43,S44,motion,OFF,bedroom,normal
10-03-2025 07:46,S35,glass_break,NONE,backyard,normal
10-03-2025 07:47,S24,temperature,30,garage,normal
10-03-2025 07:47,S36,door,OPEN,backyard,normal
10-03-2025 07:48,S45,door,OPEN,backyard,normal
10-03-2025 07:48,S31,motion,OFF,bedroom,normal
10-03-2025 07:49,S3,window,CLOSED,garage,normal
10-03-2025 07:49,S29,temperature,24,bathroom,normal
10-03-2025 07:49,S37,motion,OFF,kitchen,normal
10-03-2025 07:50,S11,camera,TRIGGERED,bathroom,normal
10-03-2025 07:51,S15,temperature,19,garage,normal
10-03-2025 07:52,S5,window,CLOSED,front_door,normal
10-03-2025 07:53,S26,camera,IDLE,front_door,normal
10-03-2025 07:53,S26,window,OPEN,bedroom,normal
10-03-2025 07:54,S2,glass_break,DETECTED,bedroom,anomaly
10-03-2025 07:56,S32,door,OPEN,bedroom,normal
10-03-2025 07:56,S49,window,OPEN,kitchen,normal
10-03-2025 07:59,S1,motion,ON,backyard,normal
10-03-2025 08:00,S30,door,CLOSED,garage,normal
10-03-2025 08:02,S44,temperature,21,bathroom,normal
10-03-2025 08:04,S15,door,OPEN,living_room,normal
10-03-2025 08:05,S28,camera,TRIGGERED,bedroom,normal
10-03-2025 08:05,S12,temperature,26,front_door,normal
10-03-2025 08:06,S4,door,OPEN,garage,normal
10-03-2025 08:06,S1,door,CLOSED,bathroom,normal
10-03-2025 08:08,S11,glass_break,NONE,kitchen,normal
10-03-2025 08:10,S20,door,CLOSED,kitchen,normal
10-03-2025 08:12,S14,motion,OFF,kitchen,normal
10-03-2025 08:15,S44,temperature,19,garage,normal
10-03-2025 08:15,S29,temperature,15,living_room,normal
10-03-2025 08:16,S32,motion,OFF,bathroom,normal
10-03-2025 08:16,S38,camera,TRIGGERED,front_door,normal
10-03-2025 08:18,S8,glass_break,NONE,backyard,normal
10-03-2025 08:23,S23,glass_break,NONE,backyard,normal
10-03-2025 08:24,S33,door,OPEN,garage,normal
10-03-2025 08:25,S17,temperature,24,backyard,normal
10-03-2025 08:28,S40,window,CLOSED,bathroom,normal
10-03-2025 08:28,S35,glass_break,DETECTED,kitchen,anomaly
10-03-2025 08:29,S16,camera,IDLE,front_door,normal
10-03-2025 08:29,S47,glass_break,DETECTED,backyard,anomaly
10-03-2025 08:29,S13,door,CLOSED,backyard,normal
10-03-2025 08:29,S14,temperature,29,kitchen,normal
10-03-2025 08:29,S44,camera,TRIGGERED,bedroom,normal
10-03-2025 08:30,S24,door,OPEN,kitchen,normal
10-03-2025 08:33,S32,camera,IDLE,garage,normal
10-03-2025 08:33,S18,motion,OFF,garage,normal
10-03-2025 08:34,S2,temperature,20,living_room,normal
10-03-2025 08:36,S10,window,OPEN,bedroom,normal
10-03-2025 08:36,S19,motion,ON,bathroom,normal
10-03-2025 08:36,S24,motion,ON,backyard,normal
10-03-2025 08:37,S49,door,OPEN,living_room,normal
10-03-2025 08:39,S35,camera,IDLE,front_door,normal
10-03-2025 08:39,S37,temperature,15,bedroom,normal
10-03-2025 08:40,S7,glass_break,NONE,living_room,normal
10-03-2025 08:40,S20,glass_break,NONE,backyard,normal
10-03-2025 08:42,S16,glass_break,NONE,backyard,normal
10-03-2025 08:42,S9,temperature,18,living_room,normal
10-03-2025 08:42,S43,motion,OFF,front_door,normal
10-03-2025 08:43,S47,camera,IDLE,living_room,normal
10-03-2025 08:44,S16,temperature,19,bedroom,normal
10-03-2025 08:45,S5,door,CLOSED,kitchen,normal
10-03-2025 08:45,S48,door,CLOSED,living_room,normal
10-03-2025 08:47,S48,motion,ON,garage,normal
10-03-2025 08:47,S17,window,OPEN,kitchen,normal
10-03-2025 08:47,S20,temperature,29,bathroom,normal
10-03-2025 08:49,S5,motion,OFF,garage,normal
10-03-2025 08:49,S30,temperature,20,garage,normal
10-03-2025 08:50,S13,camera,TRIGGERED,bathroom,normal
10-03-2025 08:50,S3,glass_break,NONE,living_room,normal
10-03-2025 08:51,S31,door,CLOSED,living_room,normal
10-03-2025 08:51,S42,window,CLOSED,front_door,normal
10-03-2025 08:52,S49,door,OPEN,garage,normal
10-03-2025 08:53,S34,motion,OFF,backyard,normal
10-03-2025 08:54,S46,glass_break,NONE,bathroom,normal
10-03-2025 08:55,S38,camera,TRIGGERED,bathroom,normal
10-03-2025 08:59,S36,window,CLOSED,front_door,normal
10-03-2025 08:59,S18,door,CLOSED,backyard,normal
10-03-2025 09:00,S30,camera,TRIGGERED,kitchen,normal
10-03-2025 09:00,S3,window,OPEN,bathroom,normal
10-03-2025 09:01,S48,motion,OFF,bathroom,normal
10-03-2025 09:02,S22,temperature,18,kitchen,normal
10-03-2025 09:03,S48,glass_break,NONE,garage,normal
10-03-2025 09:03,S32,temperature,18,garage,normal
10-03-2025 09:03,S28,window,OPEN,bathroom,normal
10-03-2025 09:05,S35,window,CLOSED,living_room,normal
10-03-2025 09:06,S3,glass_break,NONE,living_room,normal
10-03-2025 09:08,S32,camera,TRIGGERED,bathroom,normal
10-03-2025 09:09,S23,temperature,30,front_door,normal
10-03-2025 09:12,S5,glass_break,NONE,front_door,normal
10-03-2025 09:15,S21,window,OPEN,garage,normal
10-03-2025 09:17,S25,window,OPEN,kitchen,normal
10-03-2025 09:17,S35,temperature,20,garage,normal
10-03-2025 09:17,S47,motion,OFF,living_room,normal
10-03-2025 09:19,S12,door,OPEN,front_door,normal
10-03-2025 09:20,S19,camera,TRIGGERED,front_door,normal
10-03-2025 09:20,S42,glass_break,DETECTED,bathroom,anomaly
10-03-2025 09:21,S43,motion,ON,bedroom,normal
10-03-2025 09:22,S49,motion,ON,garage,normal
10-03-2025 09:22,S20,camera,TRIGGERED,living_room,normal
10-03-2025 09:25,S28,window,CLOSED,front_door,normal
10-03-2025 09:25,S3,motion,ON,bedroom,normal
10-03-2025 09:26,S13,door,OPEN,backyard,normal
10-03-2025 09:26,S20,motion,ON,living_room,normal
10-03-2025 09:26,S42,camera,TRIGGERED,front_door,normal
10-03-2025 09:27,S25,temperature,24,backyard,normal
10-03-2025 09:27,S29,motion,OFF,living_room,normal
10-03-2025 09:27,S3,door,OPEN,backyard,normal
10-03-2025 09:27,S2,temperature,24,backyard,normal
10-03-2025 09:28,S13,camera,TRIGGERED,garage,normal
10-03-2025 09:28,S28,temperature,15,backyard,normal
10-03-2025 09:28,S8,temperature,16,bathroom,normal
10-03-2025 09:29,S48,motion,ON,bedroom,normal
10-03-2025 09:30,S21,camera,TRIGGERED,kitchen,normal
10-03-2025 09:32,S15,motion,ON,bedroom,normal
10-03-2025 09:32,S8,motion,ON,garage,normal
10-03-2025 09:33,S22,motion,OFF,bathroom,normal
10-03-2025 09:34,S31,glass_break,DETECTED,bedroom,anomaly
10-03-2025 09:35,S40,temperature,18,bedroom,normal
10-03-2025 09:38,S35,glass_break,NONE,front_door,normal
10-03-2025 09:38,S40,temperature,18,bedroom,normal
10-03-2025 09:39,S35,glass_break,NONE,bedroom,normal
10-03-2025 09:39,S38,temperature,15,garage,normal
10-03-2025 09:41,S32,camera,TRIGGERED,garage,normal
10-03-2025 09:42,S25,motion,OFF,front_door,normal
10-03-2025 09:43,S11,temperature,21,garage,normal
10-03-2025 09:44,S36,motion,OFF,bathroom,normal
10-03-2025 09:44,S35,camera,IDLE,bedroom,normal
10-03-2025 09:46,S7,motion,ON,bedroom,normal
10-03-2025 09:47,S40,glass_break,NONE,bathroom,normal
10-03-2025 09:48,S38,temperature,25,bedroom,normal
10-03-2025 09:48,S7,glass_break,NONE,bathroom,normal
10-03-2025 09:49,S23,temperature,28,living_room,normal
10-03-2025 09:52,S35,motion,OFF,bathroom,normal
10-03-2025 09:52,S24,window,CLOSED,backyard,normal
10-03-2025 09:54,S29,temperature,17,front_door,normal
10-03-2025 09:55,S37,camera,TRIGGERED,front_door,normal
10-03-2025 09:55,S44,camera,IDLE,front_door,normal
10-03-2025 09:56,S40,window,OPEN,garage,normal
10-03-2025 09:57,S39,motion,OFF,bathroom,normal
10-03-2025 09:58,S32,motion,OFF,bedroom,normal
10-03-2025 09:58,S18,door,OPEN,bathroom,normal
10-03-2025 10:00,S5,window,OPEN,garage,normal
10-03-2025 10:00,S45,camera,TRIGGERED,bathroom,normal
10-03-2025 10:01,S22,motion,ON,bedroom,normal
10-03-2025 10:02,S50,motion,ON,kitchen,normal
10-03-2025 10:03,S24,motion,ON,bathroom,normal
10-03-2025 10:04,S15,window,CLOSED,kitchen,normal
10-03-2025 10:05,S39,door,CLOSED,backyard,normal
10-03-2025 10:06,S35,camera,IDLE,bedroom,normal
10-03-2025 10:06,S4,motion,OFF,backyard,normal
10-03-2025 10:07,S5,door,CLOSED,bathroom,normal
10-03-2025 10:08,S21,glass_break,NONE,garage,normal
10-03-2025 10:09,S33,glass_break,DETECTED,bedroom,anomaly
10-03-2025 10:10,S3,camera,TRIGGERED,garage,normal
10-03-2025 10:10,S27,temperature,26,bathroom,normal
10-03-2025 10:10,S45,temperature,16,bedroom,normal
10-03-2025 10:13,S11,glass_break,NONE,garage,normal
10-03-2025 10:13,S10,window,CLOSED,front_door,normal
10-03-2025 10:13,S43,motion,OFF,backyard,normal
10-03-2025 10:14,S33,camera,IDLE,garage,normal
10-03-2025 10:15,S34,door,OPEN,front_door,normal
10-03-2025 10:15,S21,camera,TRIGGERED,kitchen,normal
10-03-2025 10:16,S7,window,OPEN,kitchen,normal
10-03-2025 10:18,S27,glass_break,NONE,kitchen,normal
10-03-2025 10:18,S3,temperature,30,backyard,normal
10-03-2025 10:18,S4,temperature,21,garage,normal
10-03-2025 10:19,S50,temperature,22,living_room,normal
10-03-2025 10:22,S38,door,OPEN,garage,normal
10-03-2025 10:22,S34,door,CLOSED,kitchen,normal
10-03-2025 10:23,S22,window,OPEN,front_door,normal
10-03-2025 10:25,S44,temperature,22,front_door,normal
10-03-2025 10:26,S50,glass_break,NONE,backyard,normal
10-03-2025 10:26,S22,motion,ON,front_door,normal
10-03-2025 10:26,S27,motion,OFF,kitchen,normal
10-03-2025 10:26,S26,door,CLOSED,front_door,normal
10-03-2025 10:26,S21,window,OPEN,living_room,normal
10-03-2025 10:26,S36,camera,TRIGGERED,kitchen,normal
10-03-2025 10:29,S24,temperature,21,front_door,normal
10-03-2025 10:31,S43,temperature,24,kitchen,normal
10-03-2025 10:32,S32,camera,TRIGGERED,living_room,normal
10-03-2025 10:36,S8,camera,IDLE,front_door,normal
10-03-2025 10:39,S5,temperature,17,garage,normal
10-03-2025 10:41,S48,motion,ON,bedroom,normal
10-03-2025 10:42,S5,camera,TRIGGERED,front_door,normal
10-03-2025 10:43,S4,temperature,23,bedroom,normal
10-03-2025 10:43,S30,door,OPEN,kitchen,normal
10-03-2025 10:44,S12,door,OPEN,bedroom,normal
10-03-2025 10:44,S25,glass_break,DETECTED,backyard,anomaly
10-03-2025 10:45,S32,motion,ON,kitchen,normal
10-03-2025 10:45,S44,temperature,29,bedroom,normal
10-03-2025 10:46,S22,window,OPEN,living_room,normal
10-03-2025 10:48,S12,window,OPEN,bathroom,normal
10-03-2025 10:51,S21,camera,IDLE,bathroom,normal
10-03-2025 10:51,S47,camera,IDLE,living_room,normal
10-03-2025 10:52,S26,camera,TRIGGERED,bathroom,normal
10-03-2025 10:53,S12,temperature,25,bathroom,normal
10-03-2025 10:55,S12,temperature,29,front_door,normal
10-03-2025 10:55,S29,glass_break,DETECTED,kitchen,anomaly
10-03-2025 10:56,S40,motion,ON,bathroom,normal
10-03-2025 10:56,S12,glass_break,DETECTED,backyard,anomaly
10-03-2025 10:57,S2,window,OPEN,bedroom,normal
10-03-2025 10:57,S25,motion,OFF,backyard,normal
10-03-2025 10:58,S2,motion,ON,bedroom,normal
10-03-2025 10:59,S11,window,CLOSED,backyard,normal
10-03-2025 10:59,S23,motion,OFF,bathroom,normal
10-03-2025 11:01,S33,temperature,19,bathroom,normal
10-03-2025 11:03,S13,camera,IDLE,backyard,normal
10-03-2025 11:04,S5,glass_break,NONE,bedroom,normal
10-03-2025 11:04,S14,glass_break,DETECTED,backyard,anomaly
10-03-2025 11:05,S50,window,OPEN,living_room,normal
10-03-2025 11:05,S8,door,OPEN,kitchen,normal
10-03-2025 11:06,S4,glass_break,NONE,kitchen,normal
10-03-2025 11:07,S35,temperature,20,living_room,normal
10-03-2025 11:08,S19,temperature,15,bedroom,normal
10-03-2025 11:09,S19,window,CLOSED,front_door,normal
10-03-2025 11:11,S1,window,OPEN,garage,normal
10-03-2025 11:11,S16,door,CLOSED,bedroom,normal
10-03-2025 11:13,S49,temperature,19,bedroom,normal
10-03-2025 11:14,S43,temperature,29,front_door,normal
10-03-2025 11:16,S44,door,OPEN,bathroom,normal
10-03-2025 11:18,S43,glass_break,NONE,backyard,normal
10-03-2025 11:19,S10,camera,IDLE,front_door,normal
10-03-2025 11:21,S21,glass_break,DETECTED,garage,anomaly
10-03-2025 11:22,S9,camera,TRIGGERED,kitchen,normal
10-03-2025 11:22,S46,glass_break,NONE,bathroom,normal
10-03-2025 11:25,S6,door,OPEN,garage,normal
10-03-2025 11:27,S43,camera,IDLE,bedroom,normal
10-03-2025 11:27,S36,camera,TRIGGERED,front_door,normal
10-03-2025 11:27,S23,window,OPEN,garage,normal
10-03-2025 11:28,S43,motion,OFF,bedroom,normal
10-03-2025 11:28,S38,motion,ON,bathroom,normal
10-03-2025 11:29,S1,motion,OFF,bedroom,normal
10-03-2025 11:29,S10,window,OPEN,bedroom,normal
10-03-2025 11:31,S32,temperature,21,bathroom,normal
10-03-2025 11:34,S22,door,CLOSED,bedroom,normal
10-03-2025 11:34,S28,motion,OFF,living_room,normal
10-03-2025 11:34,S23,glass_break,DETECTED,backyard,anomaly
10-03-2025 11:35,S35,window,OPEN,garage,normal
10-03-2025 11:36,S20,motion,ON,bedroom,normal
10-03-2025 11:36,S45,glass_break,NONE,garage,normal
10-03-2025 11:38,S36,camera,IDLE,backyard,normal
10-03-2025 11:39,S46,door,OPEN,bedroom,normal
10-03-2025 11:39,S44,window,OPEN,kitchen,normal
10-03-2025 11:41,S49,temperature,25,bedroom,normal
10-03-2025 11:45,S49,glass_break,DETECTED,living_room,anomaly
